2025-08-06 06:36:25,345 - freqtrade.loggers - INFO - Enabling colorized output.
2025-08-06 06:36:25,345 - freqtrade.loggers - INFO - Logfile configured
2025-08-06 06:36:25,345 - freqtrade.loggers - INFO - Verbosity set to 0
2025-08-06 06:36:25,346 - freqtrade.configuration.configuration - INFO - Runmode set to dry_run.
2025-08-06 06:36:25,346 - freqtrade.configuration.configuration - INFO - Parameter --db-url detected ...
2025-08-06 06:36:25,346 - freqtrade.configuration.configuration - INFO - Dry run is enabled
2025-08-06 06:36:25,347 - freqtrade.configuration.configuration - INFO - Using DB: "sqlite:////freqtrade/user_data/tradesv3.sqlite"
2025-08-06 06:36:25,347 - freqtrade.configuration.configuration - INFO - Using max_open_trades: 3 ...
2025-08-06 06:36:25,372 - freqtrade.configuration.configuration - INFO - Using user-data directory: /freqtrade/user_data ...
2025-08-06 06:36:25,372 - freqtrade.configuration.configuration - INFO - Using data directory: /freqtrade/user_data/data/binance ...
2025-08-06 06:36:25,373 - freqtrade.exchange.check_exchange - INFO - Checking exchange...
2025-08-06 06:36:25,381 - freqtrade.exchange.check_exchange - INFO - Exchange "binance" is officially supported by the Freqtrade development team.
2025-08-06 06:36:25,381 - freqtrade.configuration.configuration - INFO - Using pairlist from configuration.
2025-08-06 06:36:25,382 - freqtrade.exchange.exchange - INFO - Instance is running with dry_run enabled
2025-08-06 06:36:25,382 - freqtrade.exchange.exchange - INFO - Using CCXT 4.4.96
2025-08-06 06:36:25,382 - freqtrade.exchange.exchange - INFO - Applying additional ccxt config: {'options': {'defaultType': 'swap'}}
2025-08-06 06:36:25,388 - freqtrade.exchange.exchange - INFO - Applying additional ccxt config: {'options': {'defaultType': 'swap'}}
2025-08-06 06:36:25,395 - freqtrade.exchange.exchange - INFO - Using Exchange "Binance"
2025-08-06 06:36:26,897 - freqtrade.resolvers.exchange_resolver - INFO - Using resolved exchange 'Binance'...
2025-08-06 06:36:26,915 - freqtrade.resolvers.iresolver - INFO - Using resolved strategy SampleStrategy from '/freqtrade/user_data/strategies/sample_strategy.py'...
2025-08-06 06:36:26,916 - freqtrade.strategy.hyper - INFO - Found no parameter file.
2025-08-06 06:36:26,916 - freqtrade.resolvers.strategy_resolver - INFO - Override strategy 'stake_currency' with value in config file: USDT.
2025-08-06 06:36:26,916 - freqtrade.resolvers.strategy_resolver - INFO - Override strategy 'stake_amount' with value in config file: unlimited.
2025-08-06 06:36:26,917 - freqtrade.resolvers.strategy_resolver - INFO - Override strategy 'unfilledtimeout' with value in config file: {'entry': 10, 'exit': 10, 'exit_timeout_count': 0, 'unit': 'minutes'}.
2025-08-06 06:36:26,917 - freqtrade.resolvers.strategy_resolver - INFO - Override strategy 'max_open_trades' with value in config file: 3.
2025-08-06 06:36:26,917 - freqtrade.resolvers.strategy_resolver - INFO - Strategy using minimal_roi: {'60': 0.01, '30': 0.02, '0': 0.04}
2025-08-06 06:36:26,917 - freqtrade.resolvers.strategy_resolver - INFO - Strategy using timeframe: 5m
2025-08-06 06:36:26,918 - freqtrade.resolvers.strategy_resolver - INFO - Strategy using stoploss: -0.1
2025-08-06 06:36:26,918 - freqtrade.resolvers.strategy_resolver - INFO - Strategy using trailing_stop: False
2025-08-06 06:36:26,918 - freqtrade.resolvers.strategy_resolver - INFO - Strategy using trailing_stop_positive_offset: 0.0
2025-08-06 06:36:26,918 - freqtrade.resolvers.strategy_resolver - INFO - Strategy using trailing_only_offset_is_reached: False
2025-08-06 06:36:26,918 - freqtrade.resolvers.strategy_resolver - INFO - Strategy using use_custom_stoploss: False
2025-08-06 06:36:26,919 - freqtrade.resolvers.strategy_resolver - INFO - Strategy using process_only_new_candles: True
2025-08-06 06:36:26,919 - freqtrade.resolvers.strategy_resolver - INFO - Strategy using order_types: {'entry': 'limit', 'exit': 'limit', 'stoploss': 'market', 'stoploss_on_exchange': False}
2025-08-06 06:36:26,919 - freqtrade.resolvers.strategy_resolver - INFO - Strategy using order_time_in_force: {'entry': 'GTC', 'exit': 'GTC'}
2025-08-06 06:36:26,919 - freqtrade.resolvers.strategy_resolver - INFO - Strategy using stake_currency: USDT
2025-08-06 06:36:26,919 - freqtrade.resolvers.strategy_resolver - INFO - Strategy using stake_amount: unlimited
2025-08-06 06:36:26,920 - freqtrade.resolvers.strategy_resolver - INFO - Strategy using startup_candle_count: 200
2025-08-06 06:36:26,920 - freqtrade.resolvers.strategy_resolver - INFO - Strategy using unfilledtimeout: {'entry': 10, 'exit': 10, 'exit_timeout_count': 0, 'unit': 'minutes'}
2025-08-06 06:36:26,920 - freqtrade.resolvers.strategy_resolver - INFO - Strategy using use_exit_signal: True
2025-08-06 06:36:26,920 - freqtrade.resolvers.strategy_resolver - INFO - Strategy using exit_profit_only: False
2025-08-06 06:36:26,920 - freqtrade.resolvers.strategy_resolver - INFO - Strategy using ignore_roi_if_entry_signal: False
2025-08-06 06:36:26,921 - freqtrade.resolvers.strategy_resolver - INFO - Strategy using exit_profit_offset: 0.0
2025-08-06 06:36:26,921 - freqtrade.resolvers.strategy_resolver - INFO - Strategy using disable_dataframe_checks: False
2025-08-06 06:36:26,921 - freqtrade.resolvers.strategy_resolver - INFO - Strategy using ignore_buying_expired_candle_after: 0
2025-08-06 06:36:26,921 - freqtrade.resolvers.strategy_resolver - INFO - Strategy using position_adjustment_enable: False
2025-08-06 06:36:26,921 - freqtrade.resolvers.strategy_resolver - INFO - Strategy using max_entry_position_adjustment: -1
2025-08-06 06:36:26,922 - freqtrade.resolvers.strategy_resolver - INFO - Strategy using max_open_trades: 3
2025-08-06 06:36:26,922 - freqtrade.configuration.config_validation - INFO - Validating configuration ...
2025-08-06 06:36:26,964 - freqtrade.wallets - INFO - Wallets synced.
2025-08-06 06:36:27,706 - freqtrade - ERROR - No Pairlist Handlers defined
2025-08-06 06:36:30,067 - freqtrade.loggers - INFO - Enabling colorized output.
2025-08-06 06:36:30,068 - freqtrade.loggers - INFO - Logfile configured
2025-08-06 06:36:30,068 - freqtrade.loggers - INFO - Verbosity set to 0
2025-08-06 06:36:30,068 - freqtrade.configuration.configuration - INFO - Runmode set to dry_run.
2025-08-06 06:36:30,068 - freqtrade.configuration.configuration - INFO - Parameter --db-url detected ...
2025-08-06 06:36:30,069 - freqtrade.configuration.configuration - INFO - Dry run is enabled
2025-08-06 06:36:30,069 - freqtrade.configuration.configuration - INFO - Using DB: "sqlite:////freqtrade/user_data/tradesv3.sqlite"
2025-08-06 06:36:30,069 - freqtrade.configuration.configuration - INFO - Using max_open_trades: 3 ...
2025-08-06 06:36:30,079 - freqtrade.configuration.configuration - INFO - Using user-data directory: /freqtrade/user_data ...
2025-08-06 06:36:30,080 - freqtrade.configuration.configuration - INFO - Using data directory: /freqtrade/user_data/data/binance ...
2025-08-06 06:36:30,080 - freqtrade.exchange.check_exchange - INFO - Checking exchange...
2025-08-06 06:36:30,088 - freqtrade.exchange.check_exchange - INFO - Exchange "binance" is officially supported by the Freqtrade development team.
2025-08-06 06:36:30,089 - freqtrade.configuration.configuration - INFO - Using pairlist from configuration.
2025-08-06 06:36:30,089 - freqtrade.exchange.exchange - INFO - Instance is running with dry_run enabled
2025-08-06 06:36:30,089 - freqtrade.exchange.exchange - INFO - Using CCXT 4.4.96
2025-08-06 06:36:30,090 - freqtrade.exchange.exchange - INFO - Applying additional ccxt config: {'options': {'defaultType': 'swap'}}
2025-08-06 06:36:30,096 - freqtrade.exchange.exchange - INFO - Applying additional ccxt config: {'options': {'defaultType': 'swap'}}
2025-08-06 06:36:30,104 - freqtrade.exchange.exchange - INFO - Using Exchange "Binance"
2025-08-06 06:36:31,530 - freqtrade.resolvers.exchange_resolver - INFO - Using resolved exchange 'Binance'...
2025-08-06 06:36:31,542 - freqtrade.resolvers.iresolver - INFO - Using resolved strategy SampleStrategy from '/freqtrade/user_data/strategies/sample_strategy.py'...
2025-08-06 06:36:31,542 - freqtrade.strategy.hyper - INFO - Found no parameter file.
2025-08-06 06:36:31,543 - freqtrade.resolvers.strategy_resolver - INFO - Override strategy 'stake_currency' with value in config file: USDT.
2025-08-06 06:36:31,543 - freqtrade.resolvers.strategy_resolver - INFO - Override strategy 'stake_amount' with value in config file: unlimited.
2025-08-06 06:36:31,544 - freqtrade.resolvers.strategy_resolver - INFO - Override strategy 'unfilledtimeout' with value in config file: {'entry': 10, 'exit': 10, 'exit_timeout_count': 0, 'unit': 'minutes'}.
2025-08-06 06:36:31,544 - freqtrade.resolvers.strategy_resolver - INFO - Override strategy 'max_open_trades' with value in config file: 3.
2025-08-06 06:36:31,545 - freqtrade.resolvers.strategy_resolver - INFO - Strategy using minimal_roi: {'60': 0.01, '30': 0.02, '0': 0.04}
2025-08-06 06:36:31,545 - freqtrade.resolvers.strategy_resolver - INFO - Strategy using timeframe: 5m
2025-08-06 06:36:31,546 - freqtrade.resolvers.strategy_resolver - INFO - Strategy using stoploss: -0.1
2025-08-06 06:36:31,547 - freqtrade.resolvers.strategy_resolver - INFO - Strategy using trailing_stop: False
2025-08-06 06:36:31,547 - freqtrade.resolvers.strategy_resolver - INFO - Strategy using trailing_stop_positive_offset: 0.0
2025-08-06 06:36:31,548 - freqtrade.resolvers.strategy_resolver - INFO - Strategy using trailing_only_offset_is_reached: False
2025-08-06 06:36:31,548 - freqtrade.resolvers.strategy_resolver - INFO - Strategy using use_custom_stoploss: False
2025-08-06 06:36:31,548 - freqtrade.resolvers.strategy_resolver - INFO - Strategy using process_only_new_candles: True
2025-08-06 06:36:31,549 - freqtrade.resolvers.strategy_resolver - INFO - Strategy using order_types: {'entry': 'limit', 'exit': 'limit', 'stoploss': 'market', 'stoploss_on_exchange': False}
2025-08-06 06:36:31,549 - freqtrade.resolvers.strategy_resolver - INFO - Strategy using order_time_in_force: {'entry': 'GTC', 'exit': 'GTC'}
2025-08-06 06:36:31,549 - freqtrade.resolvers.strategy_resolver - INFO - Strategy using stake_currency: USDT
2025-08-06 06:36:31,549 - freqtrade.resolvers.strategy_resolver - INFO - Strategy using stake_amount: unlimited
2025-08-06 06:36:31,550 - freqtrade.resolvers.strategy_resolver - INFO - Strategy using startup_candle_count: 200
2025-08-06 06:36:31,550 - freqtrade.resolvers.strategy_resolver - INFO - Strategy using unfilledtimeout: {'entry': 10, 'exit': 10, 'exit_timeout_count': 0, 'unit': 'minutes'}
2025-08-06 06:36:31,550 - freqtrade.resolvers.strategy_resolver - INFO - Strategy using use_exit_signal: True
2025-08-06 06:36:31,550 - freqtrade.resolvers.strategy_resolver - INFO - Strategy using exit_profit_only: False
2025-08-06 06:36:31,550 - freqtrade.resolvers.strategy_resolver - INFO - Strategy using ignore_roi_if_entry_signal: False
2025-08-06 06:36:31,551 - freqtrade.resolvers.strategy_resolver - INFO - Strategy using exit_profit_offset: 0.0
2025-08-06 06:36:31,551 - freqtrade.resolvers.strategy_resolver - INFO - Strategy using disable_dataframe_checks: False
2025-08-06 06:36:31,551 - freqtrade.resolvers.strategy_resolver - INFO - Strategy using ignore_buying_expired_candle_after: 0
2025-08-06 06:36:31,551 - freqtrade.resolvers.strategy_resolver - INFO - Strategy using position_adjustment_enable: False
2025-08-06 06:36:31,551 - freqtrade.resolvers.strategy_resolver - INFO - Strategy using max_entry_position_adjustment: -1
2025-08-06 06:36:31,552 - freqtrade.resolvers.strategy_resolver - INFO - Strategy using max_open_trades: 3
2025-08-06 06:36:31,552 - freqtrade.configuration.config_validation - INFO - Validating configuration ...
2025-08-06 06:36:31,571 - freqtrade.wallets - INFO - Wallets synced.
2025-08-06 06:36:32,321 - freqtrade - ERROR - No Pairlist Handlers defined
2025-08-06 06:36:34,701 - freqtrade.loggers - INFO - Enabling colorized output.
2025-08-06 06:36:34,702 - freqtrade.loggers - INFO - Logfile configured
2025-08-06 06:36:34,702 - freqtrade.loggers - INFO - Verbosity set to 0
2025-08-06 06:36:34,702 - freqtrade.configuration.configuration - INFO - Runmode set to dry_run.
2025-08-06 06:36:34,703 - freqtrade.configuration.configuration - INFO - Parameter --db-url detected ...
2025-08-06 06:36:34,703 - freqtrade.configuration.configuration - INFO - Dry run is enabled
2025-08-06 06:36:34,703 - freqtrade.configuration.configuration - INFO - Using DB: "sqlite:////freqtrade/user_data/tradesv3.sqlite"
2025-08-06 06:36:34,703 - freqtrade.configuration.configuration - INFO - Using max_open_trades: 3 ...
2025-08-06 06:36:34,713 - freqtrade.configuration.configuration - INFO - Using user-data directory: /freqtrade/user_data ...
2025-08-06 06:36:34,714 - freqtrade.configuration.configuration - INFO - Using data directory: /freqtrade/user_data/data/binance ...
2025-08-06 06:36:34,714 - freqtrade.exchange.check_exchange - INFO - Checking exchange...
2025-08-06 06:36:34,722 - freqtrade.exchange.check_exchange - INFO - Exchange "binance" is officially supported by the Freqtrade development team.
2025-08-06 06:36:34,722 - freqtrade.configuration.configuration - INFO - Using pairlist from configuration.
2025-08-06 06:36:34,723 - freqtrade.exchange.exchange - INFO - Instance is running with dry_run enabled
2025-08-06 06:36:34,723 - freqtrade.exchange.exchange - INFO - Using CCXT 4.4.96
2025-08-06 06:36:34,723 - freqtrade.exchange.exchange - INFO - Applying additional ccxt config: {'options': {'defaultType': 'swap'}}
2025-08-06 06:36:34,729 - freqtrade.exchange.exchange - INFO - Applying additional ccxt config: {'options': {'defaultType': 'swap'}}
2025-08-06 06:36:34,736 - freqtrade.exchange.exchange - INFO - Using Exchange "Binance"
2025-08-06 06:36:36,607 - freqtrade.resolvers.exchange_resolver - INFO - Using resolved exchange 'Binance'...
2025-08-06 06:36:36,615 - freqtrade.resolvers.iresolver - INFO - Using resolved strategy SampleStrategy from '/freqtrade/user_data/strategies/sample_strategy.py'...
2025-08-06 06:36:36,616 - freqtrade.strategy.hyper - INFO - Found no parameter file.
2025-08-06 06:36:36,616 - freqtrade.resolvers.strategy_resolver - INFO - Override strategy 'stake_currency' with value in config file: USDT.
2025-08-06 06:36:36,616 - freqtrade.resolvers.strategy_resolver - INFO - Override strategy 'stake_amount' with value in config file: unlimited.
2025-08-06 06:36:36,617 - freqtrade.resolvers.strategy_resolver - INFO - Override strategy 'unfilledtimeout' with value in config file: {'entry': 10, 'exit': 10, 'exit_timeout_count': 0, 'unit': 'minutes'}.
2025-08-06 06:36:36,617 - freqtrade.resolvers.strategy_resolver - INFO - Override strategy 'max_open_trades' with value in config file: 3.
2025-08-06 06:36:36,617 - freqtrade.resolvers.strategy_resolver - INFO - Strategy using minimal_roi: {'60': 0.01, '30': 0.02, '0': 0.04}
2025-08-06 06:36:36,618 - freqtrade.resolvers.strategy_resolver - INFO - Strategy using timeframe: 5m
2025-08-06 06:36:36,618 - freqtrade.resolvers.strategy_resolver - INFO - Strategy using stoploss: -0.1
2025-08-06 06:36:36,618 - freqtrade.resolvers.strategy_resolver - INFO - Strategy using trailing_stop: False
2025-08-06 06:36:36,618 - freqtrade.resolvers.strategy_resolver - INFO - Strategy using trailing_stop_positive_offset: 0.0
2025-08-06 06:36:36,618 - freqtrade.resolvers.strategy_resolver - INFO - Strategy using trailing_only_offset_is_reached: False
2025-08-06 06:36:36,619 - freqtrade.resolvers.strategy_resolver - INFO - Strategy using use_custom_stoploss: False
2025-08-06 06:36:36,619 - freqtrade.resolvers.strategy_resolver - INFO - Strategy using process_only_new_candles: True
2025-08-06 06:36:36,619 - freqtrade.resolvers.strategy_resolver - INFO - Strategy using order_types: {'entry': 'limit', 'exit': 'limit', 'stoploss': 'market', 'stoploss_on_exchange': False}
2025-08-06 06:36:36,619 - freqtrade.resolvers.strategy_resolver - INFO - Strategy using order_time_in_force: {'entry': 'GTC', 'exit': 'GTC'}
2025-08-06 06:36:36,620 - freqtrade.resolvers.strategy_resolver - INFO - Strategy using stake_currency: USDT
2025-08-06 06:36:36,620 - freqtrade.resolvers.strategy_resolver - INFO - Strategy using stake_amount: unlimited
2025-08-06 06:36:36,620 - freqtrade.resolvers.strategy_resolver - INFO - Strategy using startup_candle_count: 200
2025-08-06 06:36:36,621 - freqtrade.resolvers.strategy_resolver - INFO - Strategy using unfilledtimeout: {'entry': 10, 'exit': 10, 'exit_timeout_count': 0, 'unit': 'minutes'}
2025-08-06 06:36:36,621 - freqtrade.resolvers.strategy_resolver - INFO - Strategy using use_exit_signal: True
2025-08-06 06:36:36,621 - freqtrade.resolvers.strategy_resolver - INFO - Strategy using exit_profit_only: False
2025-08-06 06:36:36,621 - freqtrade.resolvers.strategy_resolver - INFO - Strategy using ignore_roi_if_entry_signal: False
2025-08-06 06:36:36,622 - freqtrade.resolvers.strategy_resolver - INFO - Strategy using exit_profit_offset: 0.0
2025-08-06 06:36:36,622 - freqtrade.resolvers.strategy_resolver - INFO - Strategy using disable_dataframe_checks: False
2025-08-06 06:36:36,622 - freqtrade.resolvers.strategy_resolver - INFO - Strategy using ignore_buying_expired_candle_after: 0
2025-08-06 06:36:36,622 - freqtrade.resolvers.strategy_resolver - INFO - Strategy using position_adjustment_enable: False
2025-08-06 06:36:36,623 - freqtrade.resolvers.strategy_resolver - INFO - Strategy using max_entry_position_adjustment: -1
2025-08-06 06:36:36,623 - freqtrade.resolvers.strategy_resolver - INFO - Strategy using max_open_trades: 3
2025-08-06 06:36:36,623 - freqtrade.configuration.config_validation - INFO - Validating configuration ...
2025-08-06 06:36:36,646 - freqtrade.wallets - INFO - Wallets synced.
2025-08-06 06:36:37,413 - freqtrade - ERROR - No Pairlist Handlers defined
2025-08-06 06:36:40,117 - freqtrade.loggers - INFO - Enabling colorized output.
2025-08-06 06:36:40,117 - freqtrade.loggers - INFO - Logfile configured
2025-08-06 06:36:40,118 - freqtrade.loggers - INFO - Verbosity set to 0
2025-08-06 06:36:40,118 - freqtrade.configuration.configuration - INFO - Runmode set to dry_run.
2025-08-06 06:36:40,118 - freqtrade.configuration.configuration - INFO - Parameter --db-url detected ...
2025-08-06 06:36:40,119 - freqtrade.configuration.configuration - INFO - Dry run is enabled
2025-08-06 06:36:40,119 - freqtrade.configuration.configuration - INFO - Using DB: "sqlite:////freqtrade/user_data/tradesv3.sqlite"
2025-08-06 06:36:40,119 - freqtrade.configuration.configuration - INFO - Using max_open_trades: 3 ...
2025-08-06 06:36:40,129 - freqtrade.configuration.configuration - INFO - Using user-data directory: /freqtrade/user_data ...
2025-08-06 06:36:40,130 - freqtrade.configuration.configuration - INFO - Using data directory: /freqtrade/user_data/data/binance ...
2025-08-06 06:36:40,131 - freqtrade.exchange.check_exchange - INFO - Checking exchange...
2025-08-06 06:36:40,139 - freqtrade.exchange.check_exchange - INFO - Exchange "binance" is officially supported by the Freqtrade development team.
2025-08-06 06:36:40,140 - freqtrade.configuration.configuration - INFO - Using pairlist from configuration.
2025-08-06 06:36:40,140 - freqtrade.exchange.exchange - INFO - Instance is running with dry_run enabled
2025-08-06 06:36:40,140 - freqtrade.exchange.exchange - INFO - Using CCXT 4.4.96
2025-08-06 06:36:40,141 - freqtrade.exchange.exchange - INFO - Applying additional ccxt config: {'options': {'defaultType': 'swap'}}
2025-08-06 06:36:40,147 - freqtrade.exchange.exchange - INFO - Applying additional ccxt config: {'options': {'defaultType': 'swap'}}
2025-08-06 06:36:40,154 - freqtrade.exchange.exchange - INFO - Using Exchange "Binance"
2025-08-06 06:36:41,653 - freqtrade.resolvers.exchange_resolver - INFO - Using resolved exchange 'Binance'...
2025-08-06 06:36:41,660 - freqtrade.resolvers.iresolver - INFO - Using resolved strategy SampleStrategy from '/freqtrade/user_data/strategies/sample_strategy.py'...
2025-08-06 06:36:41,660 - freqtrade.strategy.hyper - INFO - Found no parameter file.
2025-08-06 06:36:41,661 - freqtrade.resolvers.strategy_resolver - INFO - Override strategy 'stake_currency' with value in config file: USDT.
2025-08-06 06:36:41,661 - freqtrade.resolvers.strategy_resolver - INFO - Override strategy 'stake_amount' with value in config file: unlimited.
2025-08-06 06:36:41,661 - freqtrade.resolvers.strategy_resolver - INFO - Override strategy 'unfilledtimeout' with value in config file: {'entry': 10, 'exit': 10, 'exit_timeout_count': 0, 'unit': 'minutes'}.
2025-08-06 06:36:41,662 - freqtrade.resolvers.strategy_resolver - INFO - Override strategy 'max_open_trades' with value in config file: 3.
2025-08-06 06:36:41,662 - freqtrade.resolvers.strategy_resolver - INFO - Strategy using minimal_roi: {'60': 0.01, '30': 0.02, '0': 0.04}
2025-08-06 06:36:41,662 - freqtrade.resolvers.strategy_resolver - INFO - Strategy using timeframe: 5m
2025-08-06 06:36:41,662 - freqtrade.resolvers.strategy_resolver - INFO - Strategy using stoploss: -0.1
2025-08-06 06:36:41,663 - freqtrade.resolvers.strategy_resolver - INFO - Strategy using trailing_stop: False
2025-08-06 06:36:41,663 - freqtrade.resolvers.strategy_resolver - INFO - Strategy using trailing_stop_positive_offset: 0.0
2025-08-06 06:36:41,663 - freqtrade.resolvers.strategy_resolver - INFO - Strategy using trailing_only_offset_is_reached: False
2025-08-06 06:36:41,663 - freqtrade.resolvers.strategy_resolver - INFO - Strategy using use_custom_stoploss: False
2025-08-06 06:36:41,663 - freqtrade.resolvers.strategy_resolver - INFO - Strategy using process_only_new_candles: True
2025-08-06 06:36:41,664 - freqtrade.resolvers.strategy_resolver - INFO - Strategy using order_types: {'entry': 'limit', 'exit': 'limit', 'stoploss': 'market', 'stoploss_on_exchange': False}
2025-08-06 06:36:41,664 - freqtrade.resolvers.strategy_resolver - INFO - Strategy using order_time_in_force: {'entry': 'GTC', 'exit': 'GTC'}
2025-08-06 06:36:41,664 - freqtrade.resolvers.strategy_resolver - INFO - Strategy using stake_currency: USDT
2025-08-06 06:36:41,664 - freqtrade.resolvers.strategy_resolver - INFO - Strategy using stake_amount: unlimited
2025-08-06 06:36:41,664 - freqtrade.resolvers.strategy_resolver - INFO - Strategy using startup_candle_count: 200
2025-08-06 06:36:41,665 - freqtrade.resolvers.strategy_resolver - INFO - Strategy using unfilledtimeout: {'entry': 10, 'exit': 10, 'exit_timeout_count': 0, 'unit': 'minutes'}
2025-08-06 06:36:41,665 - freqtrade.resolvers.strategy_resolver - INFO - Strategy using use_exit_signal: True
2025-08-06 06:36:41,665 - freqtrade.resolvers.strategy_resolver - INFO - Strategy using exit_profit_only: False
2025-08-06 06:36:41,665 - freqtrade.resolvers.strategy_resolver - INFO - Strategy using ignore_roi_if_entry_signal: False
2025-08-06 06:36:41,666 - freqtrade.resolvers.strategy_resolver - INFO - Strategy using exit_profit_offset: 0.0
2025-08-06 06:36:41,666 - freqtrade.resolvers.strategy_resolver - INFO - Strategy using disable_dataframe_checks: False
2025-08-06 06:36:41,666 - freqtrade.resolvers.strategy_resolver - INFO - Strategy using ignore_buying_expired_candle_after: 0
2025-08-06 06:36:41,666 - freqtrade.resolvers.strategy_resolver - INFO - Strategy using position_adjustment_enable: False
2025-08-06 06:36:41,666 - freqtrade.resolvers.strategy_resolver - INFO - Strategy using max_entry_position_adjustment: -1
2025-08-06 06:36:41,667 - freqtrade.resolvers.strategy_resolver - INFO - Strategy using max_open_trades: 3
2025-08-06 06:36:41,667 - freqtrade.configuration.config_validation - INFO - Validating configuration ...
2025-08-06 06:36:41,686 - freqtrade.wallets - INFO - Wallets synced.
2025-08-06 06:36:42,363 - freqtrade - ERROR - No Pairlist Handlers defined
2025-08-06 06:36:45,431 - freqtrade.loggers - INFO - Enabling colorized output.
2025-08-06 06:36:45,432 - freqtrade.loggers - INFO - Logfile configured
2025-08-06 06:36:45,432 - freqtrade.loggers - INFO - Verbosity set to 0
2025-08-06 06:36:45,432 - freqtrade.configuration.configuration - INFO - Runmode set to dry_run.
2025-08-06 06:36:45,433 - freqtrade.configuration.configuration - INFO - Parameter --db-url detected ...
2025-08-06 06:36:45,433 - freqtrade.configuration.configuration - INFO - Dry run is enabled
2025-08-06 06:36:45,433 - freqtrade.configuration.configuration - INFO - Using DB: "sqlite:////freqtrade/user_data/tradesv3.sqlite"
2025-08-06 06:36:45,433 - freqtrade.configuration.configuration - INFO - Using max_open_trades: 3 ...
2025-08-06 06:36:45,443 - freqtrade.configuration.configuration - INFO - Using user-data directory: /freqtrade/user_data ...
2025-08-06 06:36:45,444 - freqtrade.configuration.configuration - INFO - Using data directory: /freqtrade/user_data/data/binance ...
2025-08-06 06:36:45,444 - freqtrade.exchange.check_exchange - INFO - Checking exchange...
2025-08-06 06:36:45,452 - freqtrade.exchange.check_exchange - INFO - Exchange "binance" is officially supported by the Freqtrade development team.
2025-08-06 06:36:45,453 - freqtrade.configuration.configuration - INFO - Using pairlist from configuration.
2025-08-06 06:36:45,453 - freqtrade.exchange.exchange - INFO - Instance is running with dry_run enabled
2025-08-06 06:36:45,453 - freqtrade.exchange.exchange - INFO - Using CCXT 4.4.96
2025-08-06 06:36:45,454 - freqtrade.exchange.exchange - INFO - Applying additional ccxt config: {'options': {'defaultType': 'swap'}}
2025-08-06 06:36:45,460 - freqtrade.exchange.exchange - INFO - Applying additional ccxt config: {'options': {'defaultType': 'swap'}}
2025-08-06 06:36:45,467 - freqtrade.exchange.exchange - INFO - Using Exchange "Binance"
2025-08-06 06:36:47,141 - freqtrade.resolvers.exchange_resolver - INFO - Using resolved exchange 'Binance'...
2025-08-06 06:36:47,148 - freqtrade.resolvers.iresolver - INFO - Using resolved strategy SampleStrategy from '/freqtrade/user_data/strategies/sample_strategy.py'...
2025-08-06 06:36:47,149 - freqtrade.strategy.hyper - INFO - Found no parameter file.
2025-08-06 06:36:47,149 - freqtrade.resolvers.strategy_resolver - INFO - Override strategy 'stake_currency' with value in config file: USDT.
2025-08-06 06:36:47,150 - freqtrade.resolvers.strategy_resolver - INFO - Override strategy 'stake_amount' with value in config file: unlimited.
2025-08-06 06:36:47,150 - freqtrade.resolvers.strategy_resolver - INFO - Override strategy 'unfilledtimeout' with value in config file: {'entry': 10, 'exit': 10, 'exit_timeout_count': 0, 'unit': 'minutes'}.
2025-08-06 06:36:47,150 - freqtrade.resolvers.strategy_resolver - INFO - Override strategy 'max_open_trades' with value in config file: 3.
2025-08-06 06:36:47,150 - freqtrade.resolvers.strategy_resolver - INFO - Strategy using minimal_roi: {'60': 0.01, '30': 0.02, '0': 0.04}
2025-08-06 06:36:47,151 - freqtrade.resolvers.strategy_resolver - INFO - Strategy using timeframe: 5m
2025-08-06 06:36:47,151 - freqtrade.resolvers.strategy_resolver - INFO - Strategy using stoploss: -0.1
2025-08-06 06:36:47,151 - freqtrade.resolvers.strategy_resolver - INFO - Strategy using trailing_stop: False
2025-08-06 06:36:47,151 - freqtrade.resolvers.strategy_resolver - INFO - Strategy using trailing_stop_positive_offset: 0.0
2025-08-06 06:36:47,151 - freqtrade.resolvers.strategy_resolver - INFO - Strategy using trailing_only_offset_is_reached: False
2025-08-06 06:36:47,152 - freqtrade.resolvers.strategy_resolver - INFO - Strategy using use_custom_stoploss: False
2025-08-06 06:36:47,152 - freqtrade.resolvers.strategy_resolver - INFO - Strategy using process_only_new_candles: True
2025-08-06 06:36:47,152 - freqtrade.resolvers.strategy_resolver - INFO - Strategy using order_types: {'entry': 'limit', 'exit': 'limit', 'stoploss': 'market', 'stoploss_on_exchange': False}
2025-08-06 06:36:47,152 - freqtrade.resolvers.strategy_resolver - INFO - Strategy using order_time_in_force: {'entry': 'GTC', 'exit': 'GTC'}
2025-08-06 06:36:47,153 - freqtrade.resolvers.strategy_resolver - INFO - Strategy using stake_currency: USDT
2025-08-06 06:36:47,153 - freqtrade.resolvers.strategy_resolver - INFO - Strategy using stake_amount: unlimited
2025-08-06 06:36:47,153 - freqtrade.resolvers.strategy_resolver - INFO - Strategy using startup_candle_count: 200
2025-08-06 06:36:47,153 - freqtrade.resolvers.strategy_resolver - INFO - Strategy using unfilledtimeout: {'entry': 10, 'exit': 10, 'exit_timeout_count': 0, 'unit': 'minutes'}
2025-08-06 06:36:47,153 - freqtrade.resolvers.strategy_resolver - INFO - Strategy using use_exit_signal: True
2025-08-06 06:36:47,154 - freqtrade.resolvers.strategy_resolver - INFO - Strategy using exit_profit_only: False
2025-08-06 06:36:47,154 - freqtrade.resolvers.strategy_resolver - INFO - Strategy using ignore_roi_if_entry_signal: False
2025-08-06 06:36:47,154 - freqtrade.resolvers.strategy_resolver - INFO - Strategy using exit_profit_offset: 0.0
2025-08-06 06:36:47,154 - freqtrade.resolvers.strategy_resolver - INFO - Strategy using disable_dataframe_checks: False
2025-08-06 06:36:47,155 - freqtrade.resolvers.strategy_resolver - INFO - Strategy using ignore_buying_expired_candle_after: 0
2025-08-06 06:36:47,155 - freqtrade.resolvers.strategy_resolver - INFO - Strategy using position_adjustment_enable: False
2025-08-06 06:36:47,155 - freqtrade.resolvers.strategy_resolver - INFO - Strategy using max_entry_position_adjustment: -1
2025-08-06 06:36:47,155 - freqtrade.resolvers.strategy_resolver - INFO - Strategy using max_open_trades: 3
2025-08-06 06:36:47,155 - freqtrade.configuration.config_validation - INFO - Validating configuration ...
2025-08-06 06:36:47,174 - freqtrade.wallets - INFO - Wallets synced.
2025-08-06 06:36:47,935 - freqtrade - ERROR - No Pairlist Handlers defined
2025-08-06 06:36:52,316 - freqtrade.loggers - INFO - Enabling colorized output.
2025-08-06 06:36:52,317 - freqtrade.loggers - INFO - Logfile configured
2025-08-06 06:36:52,317 - freqtrade.loggers - INFO - Verbosity set to 0
2025-08-06 06:36:52,317 - freqtrade.configuration.configuration - INFO - Runmode set to dry_run.
2025-08-06 06:36:52,317 - freqtrade.configuration.configuration - INFO - Parameter --db-url detected ...
2025-08-06 06:36:52,318 - freqtrade.configuration.configuration - INFO - Dry run is enabled
2025-08-06 06:36:52,318 - freqtrade.configuration.configuration - INFO - Using DB: "sqlite:////freqtrade/user_data/tradesv3.sqlite"
2025-08-06 06:36:52,318 - freqtrade.configuration.configuration - INFO - Using max_open_trades: 3 ...
2025-08-06 06:36:52,328 - freqtrade.configuration.configuration - INFO - Using user-data directory: /freqtrade/user_data ...
2025-08-06 06:36:52,329 - freqtrade.configuration.configuration - INFO - Using data directory: /freqtrade/user_data/data/binance ...
2025-08-06 06:36:52,329 - freqtrade.exchange.check_exchange - INFO - Checking exchange...
2025-08-06 06:36:52,337 - freqtrade.exchange.check_exchange - INFO - Exchange "binance" is officially supported by the Freqtrade development team.
2025-08-06 06:36:52,337 - freqtrade.configuration.configuration - INFO - Using pairlist from configuration.
2025-08-06 06:36:52,338 - freqtrade.exchange.exchange - INFO - Instance is running with dry_run enabled
2025-08-06 06:36:52,338 - freqtrade.exchange.exchange - INFO - Using CCXT 4.4.96
2025-08-06 06:36:52,338 - freqtrade.exchange.exchange - INFO - Applying additional ccxt config: {'options': {'defaultType': 'swap'}}
2025-08-06 06:36:52,345 - freqtrade.exchange.exchange - INFO - Applying additional ccxt config: {'options': {'defaultType': 'swap'}}
2025-08-06 06:36:52,353 - freqtrade.exchange.exchange - INFO - Using Exchange "Binance"
2025-08-06 06:36:53,996 - freqtrade.resolvers.exchange_resolver - INFO - Using resolved exchange 'Binance'...
2025-08-06 06:36:54,004 - freqtrade.resolvers.iresolver - INFO - Using resolved strategy SampleStrategy from '/freqtrade/user_data/strategies/sample_strategy.py'...
2025-08-06 06:36:54,005 - freqtrade.strategy.hyper - INFO - Found no parameter file.
2025-08-06 06:36:54,005 - freqtrade.resolvers.strategy_resolver - INFO - Override strategy 'stake_currency' with value in config file: USDT.
2025-08-06 06:36:54,005 - freqtrade.resolvers.strategy_resolver - INFO - Override strategy 'stake_amount' with value in config file: unlimited.
2025-08-06 06:36:54,006 - freqtrade.resolvers.strategy_resolver - INFO - Override strategy 'unfilledtimeout' with value in config file: {'entry': 10, 'exit': 10, 'exit_timeout_count': 0, 'unit': 'minutes'}.
2025-08-06 06:36:54,006 - freqtrade.resolvers.strategy_resolver - INFO - Override strategy 'max_open_trades' with value in config file: 3.
2025-08-06 06:36:54,006 - freqtrade.resolvers.strategy_resolver - INFO - Strategy using minimal_roi: {'60': 0.01, '30': 0.02, '0': 0.04}
2025-08-06 06:36:54,007 - freqtrade.resolvers.strategy_resolver - INFO - Strategy using timeframe: 5m
2025-08-06 06:36:54,007 - freqtrade.resolvers.strategy_resolver - INFO - Strategy using stoploss: -0.1
2025-08-06 06:36:54,007 - freqtrade.resolvers.strategy_resolver - INFO - Strategy using trailing_stop: False
2025-08-06 06:36:54,007 - freqtrade.resolvers.strategy_resolver - INFO - Strategy using trailing_stop_positive_offset: 0.0
2025-08-06 06:36:54,008 - freqtrade.resolvers.strategy_resolver - INFO - Strategy using trailing_only_offset_is_reached: False
2025-08-06 06:36:54,008 - freqtrade.resolvers.strategy_resolver - INFO - Strategy using use_custom_stoploss: False
2025-08-06 06:36:54,008 - freqtrade.resolvers.strategy_resolver - INFO - Strategy using process_only_new_candles: True
2025-08-06 06:36:54,008 - freqtrade.resolvers.strategy_resolver - INFO - Strategy using order_types: {'entry': 'limit', 'exit': 'limit', 'stoploss': 'market', 'stoploss_on_exchange': False}
2025-08-06 06:36:54,008 - freqtrade.resolvers.strategy_resolver - INFO - Strategy using order_time_in_force: {'entry': 'GTC', 'exit': 'GTC'}
2025-08-06 06:36:54,009 - freqtrade.resolvers.strategy_resolver - INFO - Strategy using stake_currency: USDT
2025-08-06 06:36:54,009 - freqtrade.resolvers.strategy_resolver - INFO - Strategy using stake_amount: unlimited
2025-08-06 06:36:54,009 - freqtrade.resolvers.strategy_resolver - INFO - Strategy using startup_candle_count: 200
2025-08-06 06:36:54,009 - freqtrade.resolvers.strategy_resolver - INFO - Strategy using unfilledtimeout: {'entry': 10, 'exit': 10, 'exit_timeout_count': 0, 'unit': 'minutes'}
2025-08-06 06:36:54,010 - freqtrade.resolvers.strategy_resolver - INFO - Strategy using use_exit_signal: True
2025-08-06 06:36:54,010 - freqtrade.resolvers.strategy_resolver - INFO - Strategy using exit_profit_only: False
2025-08-06 06:36:54,010 - freqtrade.resolvers.strategy_resolver - INFO - Strategy using ignore_roi_if_entry_signal: False
2025-08-06 06:36:54,010 - freqtrade.resolvers.strategy_resolver - INFO - Strategy using exit_profit_offset: 0.0
2025-08-06 06:36:54,010 - freqtrade.resolvers.strategy_resolver - INFO - Strategy using disable_dataframe_checks: False
2025-08-06 06:36:54,011 - freqtrade.resolvers.strategy_resolver - INFO - Strategy using ignore_buying_expired_candle_after: 0
2025-08-06 06:36:54,011 - freqtrade.resolvers.strategy_resolver - INFO - Strategy using position_adjustment_enable: False
2025-08-06 06:36:54,011 - freqtrade.resolvers.strategy_resolver - INFO - Strategy using max_entry_position_adjustment: -1
2025-08-06 06:36:54,011 - freqtrade.resolvers.strategy_resolver - INFO - Strategy using max_open_trades: 3
2025-08-06 06:36:54,012 - freqtrade.configuration.config_validation - INFO - Validating configuration ...
2025-08-06 06:36:54,036 - freqtrade.wallets - INFO - Wallets synced.
2025-08-06 06:36:54,860 - freqtrade - ERROR - No Pairlist Handlers defined
2025-08-06 06:37:00,434 - freqtrade.loggers - INFO - Enabling colorized output.
2025-08-06 06:37:00,434 - freqtrade.loggers - INFO - Logfile configured
2025-08-06 06:37:00,435 - freqtrade.loggers - INFO - Verbosity set to 0
2025-08-06 06:37:00,435 - freqtrade.configuration.configuration - INFO - Runmode set to dry_run.
2025-08-06 06:37:00,435 - freqtrade.configuration.configuration - INFO - Parameter --db-url detected ...
2025-08-06 06:37:00,435 - freqtrade.configuration.configuration - INFO - Dry run is enabled
2025-08-06 06:37:00,436 - freqtrade.configuration.configuration - INFO - Using DB: "sqlite:////freqtrade/user_data/tradesv3.sqlite"
2025-08-06 06:37:00,436 - freqtrade.configuration.configuration - INFO - Using max_open_trades: 3 ...
2025-08-06 06:37:00,446 - freqtrade.configuration.configuration - INFO - Using user-data directory: /freqtrade/user_data ...
2025-08-06 06:37:00,446 - freqtrade.configuration.configuration - INFO - Using data directory: /freqtrade/user_data/data/binance ...
2025-08-06 06:37:00,447 - freqtrade.exchange.check_exchange - INFO - Checking exchange...
2025-08-06 06:37:00,454 - freqtrade.exchange.check_exchange - INFO - Exchange "binance" is officially supported by the Freqtrade development team.
2025-08-06 06:37:00,455 - freqtrade.configuration.configuration - INFO - Using pairlist from configuration.
2025-08-06 06:37:00,455 - freqtrade.exchange.exchange - INFO - Instance is running with dry_run enabled
2025-08-06 06:37:00,455 - freqtrade.exchange.exchange - INFO - Using CCXT 4.4.96
2025-08-06 06:37:00,455 - freqtrade.exchange.exchange - INFO - Applying additional ccxt config: {'options': {'defaultType': 'swap'}}
2025-08-06 06:37:00,461 - freqtrade.exchange.exchange - INFO - Applying additional ccxt config: {'options': {'defaultType': 'swap'}}
2025-08-06 06:37:00,469 - freqtrade.exchange.exchange - INFO - Using Exchange "Binance"
2025-08-06 06:37:01,837 - freqtrade.resolvers.exchange_resolver - INFO - Using resolved exchange 'Binance'...
2025-08-06 06:37:01,844 - freqtrade.resolvers.iresolver - INFO - Using resolved strategy SampleStrategy from '/freqtrade/user_data/strategies/sample_strategy.py'...
2025-08-06 06:37:01,844 - freqtrade.strategy.hyper - INFO - Found no parameter file.
2025-08-06 06:37:01,844 - freqtrade.resolvers.strategy_resolver - INFO - Override strategy 'stake_currency' with value in config file: USDT.
2025-08-06 06:37:01,845 - freqtrade.resolvers.strategy_resolver - INFO - Override strategy 'stake_amount' with value in config file: unlimited.
2025-08-06 06:37:01,845 - freqtrade.resolvers.strategy_resolver - INFO - Override strategy 'unfilledtimeout' with value in config file: {'entry': 10, 'exit': 10, 'exit_timeout_count': 0, 'unit': 'minutes'}.
2025-08-06 06:37:01,845 - freqtrade.resolvers.strategy_resolver - INFO - Override strategy 'max_open_trades' with value in config file: 3.
2025-08-06 06:37:01,845 - freqtrade.resolvers.strategy_resolver - INFO - Strategy using minimal_roi: {'60': 0.01, '30': 0.02, '0': 0.04}
2025-08-06 06:37:01,846 - freqtrade.resolvers.strategy_resolver - INFO - Strategy using timeframe: 5m
2025-08-06 06:37:01,846 - freqtrade.resolvers.strategy_resolver - INFO - Strategy using stoploss: -0.1
2025-08-06 06:37:01,846 - freqtrade.resolvers.strategy_resolver - INFO - Strategy using trailing_stop: False
2025-08-06 06:37:01,846 - freqtrade.resolvers.strategy_resolver - INFO - Strategy using trailing_stop_positive_offset: 0.0
2025-08-06 06:37:01,847 - freqtrade.resolvers.strategy_resolver - INFO - Strategy using trailing_only_offset_is_reached: False
2025-08-06 06:37:01,847 - freqtrade.resolvers.strategy_resolver - INFO - Strategy using use_custom_stoploss: False
2025-08-06 06:37:01,847 - freqtrade.resolvers.strategy_resolver - INFO - Strategy using process_only_new_candles: True
2025-08-06 06:37:01,847 - freqtrade.resolvers.strategy_resolver - INFO - Strategy using order_types: {'entry': 'limit', 'exit': 'limit', 'stoploss': 'market', 'stoploss_on_exchange': False}
2025-08-06 06:37:01,847 - freqtrade.resolvers.strategy_resolver - INFO - Strategy using order_time_in_force: {'entry': 'GTC', 'exit': 'GTC'}
2025-08-06 06:37:01,848 - freqtrade.resolvers.strategy_resolver - INFO - Strategy using stake_currency: USDT
2025-08-06 06:37:01,848 - freqtrade.resolvers.strategy_resolver - INFO - Strategy using stake_amount: unlimited
2025-08-06 06:37:01,848 - freqtrade.resolvers.strategy_resolver - INFO - Strategy using startup_candle_count: 200
2025-08-06 06:37:01,848 - freqtrade.resolvers.strategy_resolver - INFO - Strategy using unfilledtimeout: {'entry': 10, 'exit': 10, 'exit_timeout_count': 0, 'unit': 'minutes'}
2025-08-06 06:37:01,849 - freqtrade.resolvers.strategy_resolver - INFO - Strategy using use_exit_signal: True
2025-08-06 06:37:01,849 - freqtrade.resolvers.strategy_resolver - INFO - Strategy using exit_profit_only: False
2025-08-06 06:37:01,849 - freqtrade.resolvers.strategy_resolver - INFO - Strategy using ignore_roi_if_entry_signal: False
2025-08-06 06:37:01,849 - freqtrade.resolvers.strategy_resolver - INFO - Strategy using exit_profit_offset: 0.0
2025-08-06 06:37:01,849 - freqtrade.resolvers.strategy_resolver - INFO - Strategy using disable_dataframe_checks: False
2025-08-06 06:37:01,850 - freqtrade.resolvers.strategy_resolver - INFO - Strategy using ignore_buying_expired_candle_after: 0
2025-08-06 06:37:01,850 - freqtrade.resolvers.strategy_resolver - INFO - Strategy using position_adjustment_enable: False
2025-08-06 06:37:01,850 - freqtrade.resolvers.strategy_resolver - INFO - Strategy using max_entry_position_adjustment: -1
2025-08-06 06:37:01,850 - freqtrade.resolvers.strategy_resolver - INFO - Strategy using max_open_trades: 3
2025-08-06 06:37:01,851 - freqtrade.configuration.config_validation - INFO - Validating configuration ...
2025-08-06 06:37:01,869 - freqtrade.wallets - INFO - Wallets synced.
2025-08-06 06:37:02,583 - freqtrade - ERROR - No Pairlist Handlers defined
2025-08-06 06:37:11,228 - freqtrade.loggers - INFO - Enabling colorized output.
2025-08-06 06:37:11,229 - freqtrade.loggers - INFO - Logfile configured
2025-08-06 06:37:11,229 - freqtrade.loggers - INFO - Verbosity set to 0
2025-08-06 06:37:11,230 - freqtrade.configuration.configuration - INFO - Runmode set to dry_run.
2025-08-06 06:37:11,230 - freqtrade.configuration.configuration - INFO - Parameter --db-url detected ...
2025-08-06 06:37:11,230 - freqtrade.configuration.configuration - INFO - Dry run is enabled
2025-08-06 06:37:11,230 - freqtrade.configuration.configuration - INFO - Using DB: "sqlite:////freqtrade/user_data/tradesv3.sqlite"
2025-08-06 06:37:11,231 - freqtrade.configuration.configuration - INFO - Using max_open_trades: 3 ...
2025-08-06 06:37:11,241 - freqtrade.configuration.configuration - INFO - Using user-data directory: /freqtrade/user_data ...
2025-08-06 06:37:11,241 - freqtrade.configuration.configuration - INFO - Using data directory: /freqtrade/user_data/data/binance ...
2025-08-06 06:37:11,242 - freqtrade.exchange.check_exchange - INFO - Checking exchange...
2025-08-06 06:37:11,249 - freqtrade.exchange.check_exchange - INFO - Exchange "binance" is officially supported by the Freqtrade development team.
2025-08-06 06:37:11,250 - freqtrade.configuration.configuration - INFO - Using pairlist from configuration.
2025-08-06 06:37:11,250 - freqtrade.exchange.exchange - INFO - Instance is running with dry_run enabled
2025-08-06 06:37:11,250 - freqtrade.exchange.exchange - INFO - Using CCXT 4.4.96
2025-08-06 06:37:11,250 - freqtrade.exchange.exchange - INFO - Applying additional ccxt config: {'options': {'defaultType': 'swap'}}
2025-08-06 06:37:11,256 - freqtrade.exchange.exchange - INFO - Applying additional ccxt config: {'options': {'defaultType': 'swap'}}
2025-08-06 06:37:11,263 - freqtrade.exchange.exchange - INFO - Using Exchange "Binance"
2025-08-06 06:37:12,694 - freqtrade.resolvers.exchange_resolver - INFO - Using resolved exchange 'Binance'...
2025-08-06 06:37:12,701 - freqtrade.resolvers.iresolver - INFO - Using resolved strategy SampleStrategy from '/freqtrade/user_data/strategies/sample_strategy.py'...
2025-08-06 06:37:12,702 - freqtrade.strategy.hyper - INFO - Found no parameter file.
2025-08-06 06:37:12,702 - freqtrade.resolvers.strategy_resolver - INFO - Override strategy 'stake_currency' with value in config file: USDT.
2025-08-06 06:37:12,702 - freqtrade.resolvers.strategy_resolver - INFO - Override strategy 'stake_amount' with value in config file: unlimited.
2025-08-06 06:37:12,703 - freqtrade.resolvers.strategy_resolver - INFO - Override strategy 'unfilledtimeout' with value in config file: {'entry': 10, 'exit': 10, 'exit_timeout_count': 0, 'unit': 'minutes'}.
2025-08-06 06:37:12,703 - freqtrade.resolvers.strategy_resolver - INFO - Override strategy 'max_open_trades' with value in config file: 3.
2025-08-06 06:37:12,703 - freqtrade.resolvers.strategy_resolver - INFO - Strategy using minimal_roi: {'60': 0.01, '30': 0.02, '0': 0.04}
2025-08-06 06:37:12,703 - freqtrade.resolvers.strategy_resolver - INFO - Strategy using timeframe: 5m
2025-08-06 06:37:12,704 - freqtrade.resolvers.strategy_resolver - INFO - Strategy using stoploss: -0.1
2025-08-06 06:37:12,704 - freqtrade.resolvers.strategy_resolver - INFO - Strategy using trailing_stop: False
2025-08-06 06:37:12,704 - freqtrade.resolvers.strategy_resolver - INFO - Strategy using trailing_stop_positive_offset: 0.0
2025-08-06 06:37:12,704 - freqtrade.resolvers.strategy_resolver - INFO - Strategy using trailing_only_offset_is_reached: False
2025-08-06 06:37:12,704 - freqtrade.resolvers.strategy_resolver - INFO - Strategy using use_custom_stoploss: False
2025-08-06 06:37:12,705 - freqtrade.resolvers.strategy_resolver - INFO - Strategy using process_only_new_candles: True
2025-08-06 06:37:12,705 - freqtrade.resolvers.strategy_resolver - INFO - Strategy using order_types: {'entry': 'limit', 'exit': 'limit', 'stoploss': 'market', 'stoploss_on_exchange': False}
2025-08-06 06:37:12,705 - freqtrade.resolvers.strategy_resolver - INFO - Strategy using order_time_in_force: {'entry': 'GTC', 'exit': 'GTC'}
2025-08-06 06:37:12,705 - freqtrade.resolvers.strategy_resolver - INFO - Strategy using stake_currency: USDT
2025-08-06 06:37:12,705 - freqtrade.resolvers.strategy_resolver - INFO - Strategy using stake_amount: unlimited
2025-08-06 06:37:12,706 - freqtrade.resolvers.strategy_resolver - INFO - Strategy using startup_candle_count: 200
2025-08-06 06:37:12,706 - freqtrade.resolvers.strategy_resolver - INFO - Strategy using unfilledtimeout: {'entry': 10, 'exit': 10, 'exit_timeout_count': 0, 'unit': 'minutes'}
2025-08-06 06:37:12,706 - freqtrade.resolvers.strategy_resolver - INFO - Strategy using use_exit_signal: True
2025-08-06 06:37:12,706 - freqtrade.resolvers.strategy_resolver - INFO - Strategy using exit_profit_only: False
2025-08-06 06:37:12,706 - freqtrade.resolvers.strategy_resolver - INFO - Strategy using ignore_roi_if_entry_signal: False
2025-08-06 06:37:12,707 - freqtrade.resolvers.strategy_resolver - INFO - Strategy using exit_profit_offset: 0.0
2025-08-06 06:37:12,707 - freqtrade.resolvers.strategy_resolver - INFO - Strategy using disable_dataframe_checks: False
2025-08-06 06:37:12,707 - freqtrade.resolvers.strategy_resolver - INFO - Strategy using ignore_buying_expired_candle_after: 0
2025-08-06 06:37:12,707 - freqtrade.resolvers.strategy_resolver - INFO - Strategy using position_adjustment_enable: False
2025-08-06 06:37:12,707 - freqtrade.resolvers.strategy_resolver - INFO - Strategy using max_entry_position_adjustment: -1
2025-08-06 06:37:12,708 - freqtrade.resolvers.strategy_resolver - INFO - Strategy using max_open_trades: 3
2025-08-06 06:37:12,708 - freqtrade.configuration.config_validation - INFO - Validating configuration ...
2025-08-06 06:37:12,726 - freqtrade.wallets - INFO - Wallets synced.
2025-08-06 06:37:13,501 - freqtrade - ERROR - No Pairlist Handlers defined
2025-08-06 06:37:28,490 - freqtrade.loggers - INFO - Enabling colorized output.
2025-08-06 06:37:28,490 - freqtrade.loggers - INFO - Logfile configured
2025-08-06 06:37:28,490 - freqtrade.loggers - INFO - Verbosity set to 0
2025-08-06 06:37:28,491 - freqtrade.configuration.configuration - INFO - Runmode set to dry_run.
2025-08-06 06:37:28,491 - freqtrade.configuration.configuration - INFO - Parameter --db-url detected ...
2025-08-06 06:37:28,491 - freqtrade.configuration.configuration - INFO - Dry run is enabled
2025-08-06 06:37:28,491 - freqtrade.configuration.configuration - INFO - Using DB: "sqlite:////freqtrade/user_data/tradesv3.sqlite"
2025-08-06 06:37:28,492 - freqtrade.configuration.configuration - INFO - Using max_open_trades: 3 ...
2025-08-06 06:37:28,501 - freqtrade.configuration.configuration - INFO - Using user-data directory: /freqtrade/user_data ...
2025-08-06 06:37:28,502 - freqtrade.configuration.configuration - INFO - Using data directory: /freqtrade/user_data/data/binance ...
2025-08-06 06:37:28,503 - freqtrade.exchange.check_exchange - INFO - Checking exchange...
2025-08-06 06:37:28,510 - freqtrade.exchange.check_exchange - INFO - Exchange "binance" is officially supported by the Freqtrade development team.
2025-08-06 06:37:28,511 - freqtrade.configuration.configuration - INFO - Using pairlist from configuration.
2025-08-06 06:37:28,511 - freqtrade.exchange.exchange - INFO - Instance is running with dry_run enabled
2025-08-06 06:37:28,511 - freqtrade.exchange.exchange - INFO - Using CCXT 4.4.96
2025-08-06 06:37:28,512 - freqtrade.exchange.exchange - INFO - Applying additional ccxt config: {'options': {'defaultType': 'swap'}}
2025-08-06 06:37:28,517 - freqtrade.exchange.exchange - INFO - Applying additional ccxt config: {'options': {'defaultType': 'swap'}}
2025-08-06 06:37:28,525 - freqtrade.exchange.exchange - INFO - Using Exchange "Binance"
2025-08-06 06:37:30,046 - freqtrade.resolvers.exchange_resolver - INFO - Using resolved exchange 'Binance'...
2025-08-06 06:37:30,053 - freqtrade.resolvers.iresolver - INFO - Using resolved strategy SampleStrategy from '/freqtrade/user_data/strategies/sample_strategy.py'...
2025-08-06 06:37:30,053 - freqtrade.strategy.hyper - INFO - Found no parameter file.
2025-08-06 06:37:30,054 - freqtrade.resolvers.strategy_resolver - INFO - Override strategy 'stake_currency' with value in config file: USDT.
2025-08-06 06:37:30,054 - freqtrade.resolvers.strategy_resolver - INFO - Override strategy 'stake_amount' with value in config file: unlimited.
2025-08-06 06:37:30,054 - freqtrade.resolvers.strategy_resolver - INFO - Override strategy 'unfilledtimeout' with value in config file: {'entry': 10, 'exit': 10, 'exit_timeout_count': 0, 'unit': 'minutes'}.
2025-08-06 06:37:30,054 - freqtrade.resolvers.strategy_resolver - INFO - Override strategy 'max_open_trades' with value in config file: 3.
2025-08-06 06:37:30,055 - freqtrade.resolvers.strategy_resolver - INFO - Strategy using minimal_roi: {'60': 0.01, '30': 0.02, '0': 0.04}
2025-08-06 06:37:30,055 - freqtrade.resolvers.strategy_resolver - INFO - Strategy using timeframe: 5m
2025-08-06 06:37:30,055 - freqtrade.resolvers.strategy_resolver - INFO - Strategy using stoploss: -0.1
2025-08-06 06:37:30,055 - freqtrade.resolvers.strategy_resolver - INFO - Strategy using trailing_stop: False
2025-08-06 06:37:30,055 - freqtrade.resolvers.strategy_resolver - INFO - Strategy using trailing_stop_positive_offset: 0.0
2025-08-06 06:37:30,056 - freqtrade.resolvers.strategy_resolver - INFO - Strategy using trailing_only_offset_is_reached: False
2025-08-06 06:37:30,056 - freqtrade.resolvers.strategy_resolver - INFO - Strategy using use_custom_stoploss: False
2025-08-06 06:37:30,056 - freqtrade.resolvers.strategy_resolver - INFO - Strategy using process_only_new_candles: True
2025-08-06 06:37:30,056 - freqtrade.resolvers.strategy_resolver - INFO - Strategy using order_types: {'entry': 'limit', 'exit': 'limit', 'stoploss': 'market', 'stoploss_on_exchange': False}
2025-08-06 06:37:30,057 - freqtrade.resolvers.strategy_resolver - INFO - Strategy using order_time_in_force: {'entry': 'GTC', 'exit': 'GTC'}
2025-08-06 06:37:30,057 - freqtrade.resolvers.strategy_resolver - INFO - Strategy using stake_currency: USDT
2025-08-06 06:37:30,057 - freqtrade.resolvers.strategy_resolver - INFO - Strategy using stake_amount: unlimited
2025-08-06 06:37:30,057 - freqtrade.resolvers.strategy_resolver - INFO - Strategy using startup_candle_count: 200
2025-08-06 06:37:30,057 - freqtrade.resolvers.strategy_resolver - INFO - Strategy using unfilledtimeout: {'entry': 10, 'exit': 10, 'exit_timeout_count': 0, 'unit': 'minutes'}
2025-08-06 06:37:30,058 - freqtrade.resolvers.strategy_resolver - INFO - Strategy using use_exit_signal: True
2025-08-06 06:37:30,058 - freqtrade.resolvers.strategy_resolver - INFO - Strategy using exit_profit_only: False
2025-08-06 06:37:30,058 - freqtrade.resolvers.strategy_resolver - INFO - Strategy using ignore_roi_if_entry_signal: False
2025-08-06 06:37:30,058 - freqtrade.resolvers.strategy_resolver - INFO - Strategy using exit_profit_offset: 0.0
2025-08-06 06:37:30,058 - freqtrade.resolvers.strategy_resolver - INFO - Strategy using disable_dataframe_checks: False
2025-08-06 06:37:30,059 - freqtrade.resolvers.strategy_resolver - INFO - Strategy using ignore_buying_expired_candle_after: 0
2025-08-06 06:37:30,059 - freqtrade.resolvers.strategy_resolver - INFO - Strategy using position_adjustment_enable: False
2025-08-06 06:37:30,059 - freqtrade.resolvers.strategy_resolver - INFO - Strategy using max_entry_position_adjustment: -1
2025-08-06 06:37:30,059 - freqtrade.resolvers.strategy_resolver - INFO - Strategy using max_open_trades: 3
2025-08-06 06:37:30,059 - freqtrade.configuration.config_validation - INFO - Validating configuration ...
2025-08-06 06:37:30,078 - freqtrade.wallets - INFO - Wallets synced.
2025-08-06 06:37:30,851 - freqtrade - ERROR - No Pairlist Handlers defined
2025-08-06 06:37:58,690 - freqtrade.loggers - INFO - Enabling colorized output.
2025-08-06 06:37:58,691 - freqtrade.loggers - INFO - Logfile configured
2025-08-06 06:37:58,691 - freqtrade.loggers - INFO - Verbosity set to 0
2025-08-06 06:37:58,692 - freqtrade.configuration.configuration - INFO - Runmode set to dry_run.
2025-08-06 06:37:58,692 - freqtrade.configuration.configuration - INFO - Parameter --db-url detected ...
2025-08-06 06:37:58,692 - freqtrade.configuration.configuration - INFO - Dry run is enabled
2025-08-06 06:37:58,692 - freqtrade.configuration.configuration - INFO - Using DB: "sqlite:////freqtrade/user_data/tradesv3.sqlite"
2025-08-06 06:37:58,692 - freqtrade.configuration.configuration - INFO - Using max_open_trades: 3 ...
2025-08-06 06:37:58,702 - freqtrade.configuration.configuration - INFO - Using user-data directory: /freqtrade/user_data ...
2025-08-06 06:37:58,703 - freqtrade.configuration.configuration - INFO - Using data directory: /freqtrade/user_data/data/binance ...
2025-08-06 06:37:58,704 - freqtrade.exchange.check_exchange - INFO - Checking exchange...
2025-08-06 06:37:58,712 - freqtrade.exchange.check_exchange - INFO - Exchange "binance" is officially supported by the Freqtrade development team.
2025-08-06 06:37:58,712 - freqtrade.configuration.configuration - INFO - Using pairlist from configuration.
2025-08-06 06:37:58,713 - freqtrade.exchange.exchange - INFO - Instance is running with dry_run enabled
2025-08-06 06:37:58,713 - freqtrade.exchange.exchange - INFO - Using CCXT 4.4.96
2025-08-06 06:37:58,713 - freqtrade.exchange.exchange - INFO - Applying additional ccxt config: {'options': {'defaultType': 'swap'}}
2025-08-06 06:37:58,721 - freqtrade.exchange.exchange - INFO - Applying additional ccxt config: {'options': {'defaultType': 'swap'}}
2025-08-06 06:37:58,729 - freqtrade.exchange.exchange - INFO - Using Exchange "Binance"
2025-08-06 06:38:00,173 - freqtrade.resolvers.exchange_resolver - INFO - Using resolved exchange 'Binance'...
2025-08-06 06:38:00,180 - freqtrade.resolvers.iresolver - INFO - Using resolved strategy SampleStrategy from '/freqtrade/user_data/strategies/sample_strategy.py'...
2025-08-06 06:38:00,181 - freqtrade.strategy.hyper - INFO - Found no parameter file.
2025-08-06 06:38:00,181 - freqtrade.resolvers.strategy_resolver - INFO - Override strategy 'stake_currency' with value in config file: USDT.
2025-08-06 06:38:00,181 - freqtrade.resolvers.strategy_resolver - INFO - Override strategy 'stake_amount' with value in config file: unlimited.
2025-08-06 06:38:00,181 - freqtrade.resolvers.strategy_resolver - INFO - Override strategy 'unfilledtimeout' with value in config file: {'entry': 10, 'exit': 10, 'exit_timeout_count': 0, 'unit': 'minutes'}.
2025-08-06 06:38:00,182 - freqtrade.resolvers.strategy_resolver - INFO - Override strategy 'max_open_trades' with value in config file: 3.
2025-08-06 06:38:00,182 - freqtrade.resolvers.strategy_resolver - INFO - Strategy using minimal_roi: {'60': 0.01, '30': 0.02, '0': 0.04}
2025-08-06 06:38:00,182 - freqtrade.resolvers.strategy_resolver - INFO - Strategy using timeframe: 5m
2025-08-06 06:38:00,182 - freqtrade.resolvers.strategy_resolver - INFO - Strategy using stoploss: -0.1
2025-08-06 06:38:00,183 - freqtrade.resolvers.strategy_resolver - INFO - Strategy using trailing_stop: False
2025-08-06 06:38:00,183 - freqtrade.resolvers.strategy_resolver - INFO - Strategy using trailing_stop_positive_offset: 0.0
2025-08-06 06:38:00,183 - freqtrade.resolvers.strategy_resolver - INFO - Strategy using trailing_only_offset_is_reached: False
2025-08-06 06:38:00,183 - freqtrade.resolvers.strategy_resolver - INFO - Strategy using use_custom_stoploss: False
2025-08-06 06:38:00,184 - freqtrade.resolvers.strategy_resolver - INFO - Strategy using process_only_new_candles: True
2025-08-06 06:38:00,184 - freqtrade.resolvers.strategy_resolver - INFO - Strategy using order_types: {'entry': 'limit', 'exit': 'limit', 'stoploss': 'market', 'stoploss_on_exchange': False}
2025-08-06 06:38:00,184 - freqtrade.resolvers.strategy_resolver - INFO - Strategy using order_time_in_force: {'entry': 'GTC', 'exit': 'GTC'}
2025-08-06 06:38:00,184 - freqtrade.resolvers.strategy_resolver - INFO - Strategy using stake_currency: USDT
2025-08-06 06:38:00,184 - freqtrade.resolvers.strategy_resolver - INFO - Strategy using stake_amount: unlimited
2025-08-06 06:38:00,185 - freqtrade.resolvers.strategy_resolver - INFO - Strategy using startup_candle_count: 200
2025-08-06 06:38:00,185 - freqtrade.resolvers.strategy_resolver - INFO - Strategy using unfilledtimeout: {'entry': 10, 'exit': 10, 'exit_timeout_count': 0, 'unit': 'minutes'}
2025-08-06 06:38:00,185 - freqtrade.resolvers.strategy_resolver - INFO - Strategy using use_exit_signal: True
2025-08-06 06:38:00,185 - freqtrade.resolvers.strategy_resolver - INFO - Strategy using exit_profit_only: False
2025-08-06 06:38:00,186 - freqtrade.resolvers.strategy_resolver - INFO - Strategy using ignore_roi_if_entry_signal: False
2025-08-06 06:38:00,186 - freqtrade.resolvers.strategy_resolver - INFO - Strategy using exit_profit_offset: 0.0
2025-08-06 06:38:00,186 - freqtrade.resolvers.strategy_resolver - INFO - Strategy using disable_dataframe_checks: False
2025-08-06 06:38:00,186 - freqtrade.resolvers.strategy_resolver - INFO - Strategy using ignore_buying_expired_candle_after: 0
2025-08-06 06:38:00,186 - freqtrade.resolvers.strategy_resolver - INFO - Strategy using position_adjustment_enable: False
2025-08-06 06:38:00,187 - freqtrade.resolvers.strategy_resolver - INFO - Strategy using max_entry_position_adjustment: -1
2025-08-06 06:38:00,187 - freqtrade.resolvers.strategy_resolver - INFO - Strategy using max_open_trades: 3
2025-08-06 06:38:00,187 - freqtrade.configuration.config_validation - INFO - Validating configuration ...
2025-08-06 06:38:00,209 - freqtrade.wallets - INFO - Wallets synced.
2025-08-06 06:38:01,042 - freqtrade - ERROR - No Pairlist Handlers defined
2025-08-06 06:38:54,947 - freqtrade.loggers - INFO - Enabling colorized output.
2025-08-06 06:38:54,947 - freqtrade.loggers - INFO - Logfile configured
2025-08-06 06:38:54,948 - freqtrade.loggers - INFO - Verbosity set to 0
2025-08-06 06:38:54,949 - freqtrade.configuration.configuration - INFO - Runmode set to dry_run.
2025-08-06 06:38:54,949 - freqtrade.configuration.configuration - INFO - Parameter --db-url detected ...
2025-08-06 06:38:54,949 - freqtrade.configuration.configuration - INFO - Dry run is enabled
2025-08-06 06:38:54,949 - freqtrade.configuration.configuration - INFO - Using DB: "sqlite:////freqtrade/user_data/tradesv3.sqlite"
2025-08-06 06:38:54,950 - freqtrade.configuration.configuration - INFO - Using max_open_trades: 3 ...
2025-08-06 06:38:54,964 - freqtrade.configuration.configuration - INFO - Using user-data directory: /freqtrade/user_data ...
2025-08-06 06:38:54,966 - freqtrade.configuration.configuration - INFO - Using data directory: /freqtrade/user_data/data/binance ...
2025-08-06 06:38:54,967 - freqtrade.exchange.check_exchange - INFO - Checking exchange...
2025-08-06 06:38:54,977 - freqtrade.exchange.check_exchange - INFO - Exchange "binance" is officially supported by the Freqtrade development team.
2025-08-06 06:38:54,978 - freqtrade.configuration.configuration - INFO - Using pairlist from configuration.
2025-08-06 06:38:54,979 - freqtrade.exchange.exchange - INFO - Instance is running with dry_run enabled
2025-08-06 06:38:54,979 - freqtrade.exchange.exchange - INFO - Using CCXT 4.4.96
2025-08-06 06:38:54,979 - freqtrade.exchange.exchange - INFO - Applying additional ccxt config: {'options': {'defaultType': 'swap'}}
2025-08-06 06:38:54,988 - freqtrade.exchange.exchange - INFO - Applying additional ccxt config: {'options': {'defaultType': 'swap'}}
2025-08-06 06:38:54,998 - freqtrade.exchange.exchange - INFO - Using Exchange "Binance"
2025-08-06 06:38:56,553 - freqtrade.resolvers.exchange_resolver - INFO - Using resolved exchange 'Binance'...
2025-08-06 06:38:56,562 - freqtrade.resolvers.iresolver - INFO - Using resolved strategy SampleStrategy from '/freqtrade/user_data/strategies/sample_strategy.py'...
2025-08-06 06:38:56,563 - freqtrade.strategy.hyper - INFO - Found no parameter file.
2025-08-06 06:38:56,563 - freqtrade.resolvers.strategy_resolver - INFO - Override strategy 'stake_currency' with value in config file: USDT.
2025-08-06 06:38:56,563 - freqtrade.resolvers.strategy_resolver - INFO - Override strategy 'stake_amount' with value in config file: unlimited.
2025-08-06 06:38:56,564 - freqtrade.resolvers.strategy_resolver - INFO - Override strategy 'unfilledtimeout' with value in config file: {'entry': 10, 'exit': 10, 'exit_timeout_count': 0, 'unit': 'minutes'}.
2025-08-06 06:38:56,564 - freqtrade.resolvers.strategy_resolver - INFO - Override strategy 'max_open_trades' with value in config file: 3.
2025-08-06 06:38:56,564 - freqtrade.resolvers.strategy_resolver - INFO - Strategy using minimal_roi: {'60': 0.01, '30': 0.02, '0': 0.04}
2025-08-06 06:38:56,564 - freqtrade.resolvers.strategy_resolver - INFO - Strategy using timeframe: 5m
2025-08-06 06:38:56,564 - freqtrade.resolvers.strategy_resolver - INFO - Strategy using stoploss: -0.1
2025-08-06 06:38:56,565 - freqtrade.resolvers.strategy_resolver - INFO - Strategy using trailing_stop: False
2025-08-06 06:38:56,565 - freqtrade.resolvers.strategy_resolver - INFO - Strategy using trailing_stop_positive_offset: 0.0
2025-08-06 06:38:56,565 - freqtrade.resolvers.strategy_resolver - INFO - Strategy using trailing_only_offset_is_reached: False
2025-08-06 06:38:56,565 - freqtrade.resolvers.strategy_resolver - INFO - Strategy using use_custom_stoploss: False
2025-08-06 06:38:56,566 - freqtrade.resolvers.strategy_resolver - INFO - Strategy using process_only_new_candles: True
2025-08-06 06:38:56,566 - freqtrade.resolvers.strategy_resolver - INFO - Strategy using order_types: {'entry': 'limit', 'exit': 'limit', 'stoploss': 'market', 'stoploss_on_exchange': False}
2025-08-06 06:38:56,566 - freqtrade.resolvers.strategy_resolver - INFO - Strategy using order_time_in_force: {'entry': 'GTC', 'exit': 'GTC'}
2025-08-06 06:38:56,566 - freqtrade.resolvers.strategy_resolver - INFO - Strategy using stake_currency: USDT
2025-08-06 06:38:56,566 - freqtrade.resolvers.strategy_resolver - INFO - Strategy using stake_amount: unlimited
2025-08-06 06:38:56,567 - freqtrade.resolvers.strategy_resolver - INFO - Strategy using startup_candle_count: 200
2025-08-06 06:38:56,567 - freqtrade.resolvers.strategy_resolver - INFO - Strategy using unfilledtimeout: {'entry': 10, 'exit': 10, 'exit_timeout_count': 0, 'unit': 'minutes'}
2025-08-06 06:38:56,567 - freqtrade.resolvers.strategy_resolver - INFO - Strategy using use_exit_signal: True
2025-08-06 06:38:56,567 - freqtrade.resolvers.strategy_resolver - INFO - Strategy using exit_profit_only: False
2025-08-06 06:38:56,568 - freqtrade.resolvers.strategy_resolver - INFO - Strategy using ignore_roi_if_entry_signal: False
2025-08-06 06:38:56,568 - freqtrade.resolvers.strategy_resolver - INFO - Strategy using exit_profit_offset: 0.0
2025-08-06 06:38:56,568 - freqtrade.resolvers.strategy_resolver - INFO - Strategy using disable_dataframe_checks: False
2025-08-06 06:38:56,568 - freqtrade.resolvers.strategy_resolver - INFO - Strategy using ignore_buying_expired_candle_after: 0
2025-08-06 06:38:56,568 - freqtrade.resolvers.strategy_resolver - INFO - Strategy using position_adjustment_enable: False
2025-08-06 06:38:56,569 - freqtrade.resolvers.strategy_resolver - INFO - Strategy using max_entry_position_adjustment: -1
2025-08-06 06:38:56,569 - freqtrade.resolvers.strategy_resolver - INFO - Strategy using max_open_trades: 3
2025-08-06 06:38:56,569 - freqtrade.configuration.config_validation - INFO - Validating configuration ...
2025-08-06 06:38:56,591 - freqtrade.wallets - INFO - Wallets synced.
2025-08-06 06:38:57,351 - freqtrade - ERROR - No Pairlist Handlers defined
2025-08-06 06:40:00,001 - freqtrade.loggers - INFO - Enabling colorized output.
2025-08-06 06:40:00,001 - freqtrade.loggers - INFO - Logfile configured
2025-08-06 06:40:00,001 - freqtrade.loggers - INFO - Verbosity set to 0
2025-08-06 06:40:00,002 - freqtrade.configuration.configuration - INFO - Runmode set to dry_run.
2025-08-06 06:40:00,002 - freqtrade.configuration.configuration - INFO - Parameter --db-url detected ...
2025-08-06 06:40:00,002 - freqtrade.configuration.configuration - INFO - Dry run is enabled
2025-08-06 06:40:00,003 - freqtrade.configuration.configuration - INFO - Using DB: "sqlite:////freqtrade/user_data/tradesv3.sqlite"
2025-08-06 06:40:00,003 - freqtrade.configuration.configuration - INFO - Using max_open_trades: 3 ...
2025-08-06 06:40:00,016 - freqtrade.configuration.configuration - INFO - Using user-data directory: /freqtrade/user_data ...
2025-08-06 06:40:00,016 - freqtrade.configuration.configuration - INFO - Using data directory: /freqtrade/user_data/data/binance ...
2025-08-06 06:40:00,017 - freqtrade.exchange.check_exchange - INFO - Checking exchange...
2025-08-06 06:40:00,029 - freqtrade.exchange.check_exchange - INFO - Exchange "binance" is officially supported by the Freqtrade development team.
2025-08-06 06:40:00,029 - freqtrade.configuration.configuration - INFO - Using pairlist from configuration.
2025-08-06 06:40:00,030 - freqtrade.exchange.exchange - INFO - Instance is running with dry_run enabled
2025-08-06 06:40:00,030 - freqtrade.exchange.exchange - INFO - Using CCXT 4.4.96
2025-08-06 06:40:00,031 - freqtrade.exchange.exchange - INFO - Applying additional ccxt config: {'options': {'defaultType': 'swap'}}
2025-08-06 06:40:00,037 - freqtrade.exchange.exchange - INFO - Applying additional ccxt config: {'options': {'defaultType': 'swap'}}
2025-08-06 06:40:00,045 - freqtrade.exchange.exchange - INFO - Using Exchange "Binance"
2025-08-06 06:40:01,627 - freqtrade.resolvers.exchange_resolver - INFO - Using resolved exchange 'Binance'...
2025-08-06 06:40:01,635 - freqtrade.resolvers.iresolver - INFO - Using resolved strategy SampleStrategy from '/freqtrade/user_data/strategies/sample_strategy.py'...
2025-08-06 06:40:01,636 - freqtrade.strategy.hyper - INFO - Found no parameter file.
2025-08-06 06:40:01,636 - freqtrade.resolvers.strategy_resolver - INFO - Override strategy 'stake_currency' with value in config file: USDT.
2025-08-06 06:40:01,637 - freqtrade.resolvers.strategy_resolver - INFO - Override strategy 'stake_amount' with value in config file: unlimited.
2025-08-06 06:40:01,637 - freqtrade.resolvers.strategy_resolver - INFO - Override strategy 'unfilledtimeout' with value in config file: {'entry': 10, 'exit': 10, 'exit_timeout_count': 0, 'unit': 'minutes'}.
2025-08-06 06:40:01,637 - freqtrade.resolvers.strategy_resolver - INFO - Override strategy 'max_open_trades' with value in config file: 3.
2025-08-06 06:40:01,637 - freqtrade.resolvers.strategy_resolver - INFO - Strategy using minimal_roi: {'60': 0.01, '30': 0.02, '0': 0.04}
2025-08-06 06:40:01,638 - freqtrade.resolvers.strategy_resolver - INFO - Strategy using timeframe: 5m
2025-08-06 06:40:01,638 - freqtrade.resolvers.strategy_resolver - INFO - Strategy using stoploss: -0.1
2025-08-06 06:40:01,638 - freqtrade.resolvers.strategy_resolver - INFO - Strategy using trailing_stop: False
2025-08-06 06:40:01,638 - freqtrade.resolvers.strategy_resolver - INFO - Strategy using trailing_stop_positive_offset: 0.0
2025-08-06 06:40:01,638 - freqtrade.resolvers.strategy_resolver - INFO - Strategy using trailing_only_offset_is_reached: False
2025-08-06 06:40:01,639 - freqtrade.resolvers.strategy_resolver - INFO - Strategy using use_custom_stoploss: False
2025-08-06 06:40:01,639 - freqtrade.resolvers.strategy_resolver - INFO - Strategy using process_only_new_candles: True
2025-08-06 06:40:01,639 - freqtrade.resolvers.strategy_resolver - INFO - Strategy using order_types: {'entry': 'limit', 'exit': 'limit', 'stoploss': 'market', 'stoploss_on_exchange': False}
2025-08-06 06:40:01,639 - freqtrade.resolvers.strategy_resolver - INFO - Strategy using order_time_in_force: {'entry': 'GTC', 'exit': 'GTC'}
2025-08-06 06:40:01,640 - freqtrade.resolvers.strategy_resolver - INFO - Strategy using stake_currency: USDT
2025-08-06 06:40:01,640 - freqtrade.resolvers.strategy_resolver - INFO - Strategy using stake_amount: unlimited
2025-08-06 06:40:01,641 - freqtrade.resolvers.strategy_resolver - INFO - Strategy using startup_candle_count: 200
2025-08-06 06:40:01,641 - freqtrade.resolvers.strategy_resolver - INFO - Strategy using unfilledtimeout: {'entry': 10, 'exit': 10, 'exit_timeout_count': 0, 'unit': 'minutes'}
2025-08-06 06:40:01,641 - freqtrade.resolvers.strategy_resolver - INFO - Strategy using use_exit_signal: True
2025-08-06 06:40:01,641 - freqtrade.resolvers.strategy_resolver - INFO - Strategy using exit_profit_only: False
2025-08-06 06:40:01,641 - freqtrade.resolvers.strategy_resolver - INFO - Strategy using ignore_roi_if_entry_signal: False
2025-08-06 06:40:01,642 - freqtrade.resolvers.strategy_resolver - INFO - Strategy using exit_profit_offset: 0.0
2025-08-06 06:40:01,642 - freqtrade.resolvers.strategy_resolver - INFO - Strategy using disable_dataframe_checks: False
2025-08-06 06:40:01,642 - freqtrade.resolvers.strategy_resolver - INFO - Strategy using ignore_buying_expired_candle_after: 0
2025-08-06 06:40:01,642 - freqtrade.resolvers.strategy_resolver - INFO - Strategy using position_adjustment_enable: False
2025-08-06 06:40:01,643 - freqtrade.resolvers.strategy_resolver - INFO - Strategy using max_entry_position_adjustment: -1
2025-08-06 06:40:01,643 - freqtrade.resolvers.strategy_resolver - INFO - Strategy using max_open_trades: 3
2025-08-06 06:40:01,643 - freqtrade.configuration.config_validation - INFO - Validating configuration ...
2025-08-06 06:40:01,666 - freqtrade.wallets - INFO - Wallets synced.
2025-08-06 06:40:02,800 - freqtrade - ERROR - No Pairlist Handlers defined
2025-08-06 06:41:05,315 - freqtrade.loggers - INFO - Enabling colorized output.
2025-08-06 06:41:05,316 - freqtrade.loggers - INFO - Logfile configured
2025-08-06 06:41:05,316 - freqtrade.loggers - INFO - Verbosity set to 0
2025-08-06 06:41:05,316 - freqtrade.configuration.configuration - INFO - Runmode set to dry_run.
2025-08-06 06:41:05,316 - freqtrade.configuration.configuration - INFO - Parameter --db-url detected ...
2025-08-06 06:41:05,317 - freqtrade.configuration.configuration - INFO - Dry run is enabled
2025-08-06 06:41:05,317 - freqtrade.configuration.configuration - INFO - Using DB: "sqlite:////freqtrade/user_data/tradesv3.sqlite"
2025-08-06 06:41:05,317 - freqtrade.configuration.configuration - INFO - Using max_open_trades: 3 ...
2025-08-06 06:41:05,328 - freqtrade.configuration.configuration - INFO - Using user-data directory: /freqtrade/user_data ...
2025-08-06 06:41:05,329 - freqtrade.configuration.configuration - INFO - Using data directory: /freqtrade/user_data/data/binance ...
2025-08-06 06:41:05,329 - freqtrade.exchange.check_exchange - INFO - Checking exchange...
2025-08-06 06:41:05,338 - freqtrade.exchange.check_exchange - INFO - Exchange "binance" is officially supported by the Freqtrade development team.
2025-08-06 06:41:05,338 - freqtrade.configuration.configuration - INFO - Using pairlist from configuration.
2025-08-06 06:41:05,339 - freqtrade.exchange.exchange - INFO - Instance is running with dry_run enabled
2025-08-06 06:41:05,339 - freqtrade.exchange.exchange - INFO - Using CCXT 4.4.96
2025-08-06 06:41:05,339 - freqtrade.exchange.exchange - INFO - Applying additional ccxt config: {'options': {'defaultType': 'swap'}}
2025-08-06 06:41:05,345 - freqtrade.exchange.exchange - INFO - Applying additional ccxt config: {'options': {'defaultType': 'swap'}}
2025-08-06 06:41:05,353 - freqtrade.exchange.exchange - INFO - Using Exchange "Binance"
2025-08-06 06:41:06,898 - freqtrade.resolvers.exchange_resolver - INFO - Using resolved exchange 'Binance'...
2025-08-06 06:41:06,909 - freqtrade.resolvers.iresolver - INFO - Using resolved strategy SampleStrategy from '/freqtrade/user_data/strategies/sample_strategy.py'...
2025-08-06 06:41:06,912 - freqtrade.strategy.hyper - INFO - Found no parameter file.
2025-08-06 06:41:06,913 - freqtrade.resolvers.strategy_resolver - INFO - Override strategy 'stake_currency' with value in config file: USDT.
2025-08-06 06:41:06,913 - freqtrade.resolvers.strategy_resolver - INFO - Override strategy 'stake_amount' with value in config file: unlimited.
2025-08-06 06:41:06,913 - freqtrade.resolvers.strategy_resolver - INFO - Override strategy 'unfilledtimeout' with value in config file: {'entry': 10, 'exit': 10, 'exit_timeout_count': 0, 'unit': 'minutes'}.
2025-08-06 06:41:06,913 - freqtrade.resolvers.strategy_resolver - INFO - Override strategy 'max_open_trades' with value in config file: 3.
2025-08-06 06:41:06,914 - freqtrade.resolvers.strategy_resolver - INFO - Strategy using minimal_roi: {'60': 0.01, '30': 0.02, '0': 0.04}
2025-08-06 06:41:06,914 - freqtrade.resolvers.strategy_resolver - INFO - Strategy using timeframe: 5m
2025-08-06 06:41:06,914 - freqtrade.resolvers.strategy_resolver - INFO - Strategy using stoploss: -0.1
2025-08-06 06:41:06,914 - freqtrade.resolvers.strategy_resolver - INFO - Strategy using trailing_stop: False
2025-08-06 06:41:06,914 - freqtrade.resolvers.strategy_resolver - INFO - Strategy using trailing_stop_positive_offset: 0.0
2025-08-06 06:41:06,915 - freqtrade.resolvers.strategy_resolver - INFO - Strategy using trailing_only_offset_is_reached: False
2025-08-06 06:41:06,915 - freqtrade.resolvers.strategy_resolver - INFO - Strategy using use_custom_stoploss: False
2025-08-06 06:41:06,915 - freqtrade.resolvers.strategy_resolver - INFO - Strategy using process_only_new_candles: True
2025-08-06 06:41:06,915 - freqtrade.resolvers.strategy_resolver - INFO - Strategy using order_types: {'entry': 'limit', 'exit': 'limit', 'stoploss': 'market', 'stoploss_on_exchange': False}
2025-08-06 06:41:06,916 - freqtrade.resolvers.strategy_resolver - INFO - Strategy using order_time_in_force: {'entry': 'GTC', 'exit': 'GTC'}
2025-08-06 06:41:06,916 - freqtrade.resolvers.strategy_resolver - INFO - Strategy using stake_currency: USDT
2025-08-06 06:41:06,917 - freqtrade.resolvers.strategy_resolver - INFO - Strategy using stake_amount: unlimited
2025-08-06 06:41:06,917 - freqtrade.resolvers.strategy_resolver - INFO - Strategy using startup_candle_count: 200
2025-08-06 06:41:06,918 - freqtrade.resolvers.strategy_resolver - INFO - Strategy using unfilledtimeout: {'entry': 10, 'exit': 10, 'exit_timeout_count': 0, 'unit': 'minutes'}
2025-08-06 06:41:06,918 - freqtrade.resolvers.strategy_resolver - INFO - Strategy using use_exit_signal: True
2025-08-06 06:41:06,919 - freqtrade.resolvers.strategy_resolver - INFO - Strategy using exit_profit_only: False
2025-08-06 06:41:06,919 - freqtrade.resolvers.strategy_resolver - INFO - Strategy using ignore_roi_if_entry_signal: False
2025-08-06 06:41:06,920 - freqtrade.resolvers.strategy_resolver - INFO - Strategy using exit_profit_offset: 0.0
2025-08-06 06:41:06,920 - freqtrade.resolvers.strategy_resolver - INFO - Strategy using disable_dataframe_checks: False
2025-08-06 06:41:06,920 - freqtrade.resolvers.strategy_resolver - INFO - Strategy using ignore_buying_expired_candle_after: 0
2025-08-06 06:41:06,920 - freqtrade.resolvers.strategy_resolver - INFO - Strategy using position_adjustment_enable: False
2025-08-06 06:41:06,921 - freqtrade.resolvers.strategy_resolver - INFO - Strategy using max_entry_position_adjustment: -1
2025-08-06 06:41:06,921 - freqtrade.resolvers.strategy_resolver - INFO - Strategy using max_open_trades: 3
2025-08-06 06:41:06,921 - freqtrade.configuration.config_validation - INFO - Validating configuration ...
2025-08-06 06:41:06,944 - freqtrade.wallets - INFO - Wallets synced.
2025-08-06 06:41:07,737 - freqtrade - ERROR - No Pairlist Handlers defined
2025-08-06 06:42:11,233 - freqtrade.loggers - INFO - Enabling colorized output.
2025-08-06 06:42:11,235 - freqtrade.loggers - INFO - Logfile configured
2025-08-06 06:42:11,235 - freqtrade.loggers - INFO - Verbosity set to 0
2025-08-06 06:42:11,237 - freqtrade.configuration.configuration - INFO - Runmode set to dry_run.
2025-08-06 06:42:11,239 - freqtrade.configuration.configuration - INFO - Parameter --db-url detected ...
2025-08-06 06:42:11,241 - freqtrade.configuration.configuration - INFO - Dry run is enabled
2025-08-06 06:42:11,242 - freqtrade.configuration.configuration - INFO - Using DB: "sqlite:////freqtrade/user_data/tradesv3.sqlite"
2025-08-06 06:42:11,242 - freqtrade.configuration.configuration - INFO - Using max_open_trades: 3 ...
2025-08-06 06:42:11,263 - freqtrade.configuration.configuration - INFO - Using user-data directory: /freqtrade/user_data ...
2025-08-06 06:42:11,264 - freqtrade.configuration.configuration - INFO - Using data directory: /freqtrade/user_data/data/binance ...
2025-08-06 06:42:11,265 - freqtrade.exchange.check_exchange - INFO - Checking exchange...
2025-08-06 06:42:11,273 - freqtrade.exchange.check_exchange - INFO - Exchange "binance" is officially supported by the Freqtrade development team.
2025-08-06 06:42:11,273 - freqtrade.configuration.configuration - INFO - Using pairlist from configuration.
2025-08-06 06:42:11,274 - freqtrade.exchange.exchange - INFO - Instance is running with dry_run enabled
2025-08-06 06:42:11,274 - freqtrade.exchange.exchange - INFO - Using CCXT 4.4.96
2025-08-06 06:42:11,274 - freqtrade.exchange.exchange - INFO - Applying additional ccxt config: {'options': {'defaultType': 'swap'}}
2025-08-06 06:42:11,282 - freqtrade.exchange.exchange - INFO - Applying additional ccxt config: {'options': {'defaultType': 'swap'}}
2025-08-06 06:42:11,293 - freqtrade.exchange.exchange - INFO - Using Exchange "Binance"
2025-08-06 06:42:13,038 - freqtrade.resolvers.exchange_resolver - INFO - Using resolved exchange 'Binance'...
2025-08-06 06:42:13,049 - freqtrade.resolvers.iresolver - INFO - Using resolved strategy SampleStrategy from '/freqtrade/user_data/strategies/sample_strategy.py'...
2025-08-06 06:42:13,049 - freqtrade.strategy.hyper - INFO - Found no parameter file.
2025-08-06 06:42:13,050 - freqtrade.resolvers.strategy_resolver - INFO - Override strategy 'stake_currency' with value in config file: USDT.
2025-08-06 06:42:13,050 - freqtrade.resolvers.strategy_resolver - INFO - Override strategy 'stake_amount' with value in config file: unlimited.
2025-08-06 06:42:13,050 - freqtrade.resolvers.strategy_resolver - INFO - Override strategy 'unfilledtimeout' with value in config file: {'entry': 10, 'exit': 10, 'exit_timeout_count': 0, 'unit': 'minutes'}.
2025-08-06 06:42:13,051 - freqtrade.resolvers.strategy_resolver - INFO - Override strategy 'max_open_trades' with value in config file: 3.
2025-08-06 06:42:13,051 - freqtrade.resolvers.strategy_resolver - INFO - Strategy using minimal_roi: {'60': 0.01, '30': 0.02, '0': 0.04}
2025-08-06 06:42:13,051 - freqtrade.resolvers.strategy_resolver - INFO - Strategy using timeframe: 5m
2025-08-06 06:42:13,051 - freqtrade.resolvers.strategy_resolver - INFO - Strategy using stoploss: -0.1
2025-08-06 06:42:13,052 - freqtrade.resolvers.strategy_resolver - INFO - Strategy using trailing_stop: False
2025-08-06 06:42:13,052 - freqtrade.resolvers.strategy_resolver - INFO - Strategy using trailing_stop_positive_offset: 0.0
2025-08-06 06:42:13,052 - freqtrade.resolvers.strategy_resolver - INFO - Strategy using trailing_only_offset_is_reached: False
2025-08-06 06:42:13,052 - freqtrade.resolvers.strategy_resolver - INFO - Strategy using use_custom_stoploss: False
2025-08-06 06:42:13,053 - freqtrade.resolvers.strategy_resolver - INFO - Strategy using process_only_new_candles: True
2025-08-06 06:42:13,053 - freqtrade.resolvers.strategy_resolver - INFO - Strategy using order_types: {'entry': 'limit', 'exit': 'limit', 'stoploss': 'market', 'stoploss_on_exchange': False}
2025-08-06 06:42:13,053 - freqtrade.resolvers.strategy_resolver - INFO - Strategy using order_time_in_force: {'entry': 'GTC', 'exit': 'GTC'}
2025-08-06 06:42:13,053 - freqtrade.resolvers.strategy_resolver - INFO - Strategy using stake_currency: USDT
2025-08-06 06:42:13,054 - freqtrade.resolvers.strategy_resolver - INFO - Strategy using stake_amount: unlimited
2025-08-06 06:42:13,054 - freqtrade.resolvers.strategy_resolver - INFO - Strategy using startup_candle_count: 200
2025-08-06 06:42:13,054 - freqtrade.resolvers.strategy_resolver - INFO - Strategy using unfilledtimeout: {'entry': 10, 'exit': 10, 'exit_timeout_count': 0, 'unit': 'minutes'}
2025-08-06 06:42:13,054 - freqtrade.resolvers.strategy_resolver - INFO - Strategy using use_exit_signal: True
2025-08-06 06:42:13,055 - freqtrade.resolvers.strategy_resolver - INFO - Strategy using exit_profit_only: False
2025-08-06 06:42:13,055 - freqtrade.resolvers.strategy_resolver - INFO - Strategy using ignore_roi_if_entry_signal: False
2025-08-06 06:42:13,055 - freqtrade.resolvers.strategy_resolver - INFO - Strategy using exit_profit_offset: 0.0
2025-08-06 06:42:13,055 - freqtrade.resolvers.strategy_resolver - INFO - Strategy using disable_dataframe_checks: False
2025-08-06 06:42:13,056 - freqtrade.resolvers.strategy_resolver - INFO - Strategy using ignore_buying_expired_candle_after: 0
2025-08-06 06:42:13,056 - freqtrade.resolvers.strategy_resolver - INFO - Strategy using position_adjustment_enable: False
2025-08-06 06:42:13,056 - freqtrade.resolvers.strategy_resolver - INFO - Strategy using max_entry_position_adjustment: -1
2025-08-06 06:42:13,056 - freqtrade.resolvers.strategy_resolver - INFO - Strategy using max_open_trades: 3
2025-08-06 06:42:13,057 - freqtrade.configuration.config_validation - INFO - Validating configuration ...
2025-08-06 06:42:13,090 - freqtrade.wallets - INFO - Wallets synced.
2025-08-06 06:42:13,875 - freqtrade - ERROR - No Pairlist Handlers defined
2025-08-06 06:43:16,803 - freqtrade.loggers - INFO - Enabling colorized output.
2025-08-06 06:43:16,803 - freqtrade.loggers - INFO - Logfile configured
2025-08-06 06:43:16,803 - freqtrade.loggers - INFO - Verbosity set to 0
2025-08-06 06:43:16,804 - freqtrade.configuration.configuration - INFO - Runmode set to dry_run.
2025-08-06 06:43:16,804 - freqtrade.configuration.configuration - INFO - Parameter --db-url detected ...
2025-08-06 06:43:16,804 - freqtrade.configuration.configuration - INFO - Dry run is enabled
2025-08-06 06:43:16,804 - freqtrade.configuration.configuration - INFO - Using DB: "sqlite:////freqtrade/user_data/tradesv3.sqlite"
2025-08-06 06:43:16,805 - freqtrade.configuration.configuration - INFO - Using max_open_trades: 3 ...
2025-08-06 06:43:16,816 - freqtrade.configuration.configuration - INFO - Using user-data directory: /freqtrade/user_data ...
2025-08-06 06:43:16,816 - freqtrade.configuration.configuration - INFO - Using data directory: /freqtrade/user_data/data/binance ...
2025-08-06 06:43:16,817 - freqtrade.exchange.check_exchange - INFO - Checking exchange...
2025-08-06 06:43:16,825 - freqtrade.exchange.check_exchange - INFO - Exchange "binance" is officially supported by the Freqtrade development team.
2025-08-06 06:43:16,825 - freqtrade.configuration.configuration - INFO - Using pairlist from configuration.
2025-08-06 06:43:16,826 - freqtrade.exchange.exchange - INFO - Instance is running with dry_run enabled
2025-08-06 06:43:16,826 - freqtrade.exchange.exchange - INFO - Using CCXT 4.4.96
2025-08-06 06:43:16,826 - freqtrade.exchange.exchange - INFO - Applying additional ccxt config: {'options': {'defaultType': 'swap'}}
2025-08-06 06:43:16,832 - freqtrade.exchange.exchange - INFO - Applying additional ccxt config: {'options': {'defaultType': 'swap'}}
2025-08-06 06:43:16,839 - freqtrade.exchange.exchange - INFO - Using Exchange "Binance"
2025-08-06 06:43:18,316 - freqtrade.resolvers.exchange_resolver - INFO - Using resolved exchange 'Binance'...
2025-08-06 06:43:18,323 - freqtrade.resolvers.iresolver - INFO - Using resolved strategy SampleStrategy from '/freqtrade/user_data/strategies/sample_strategy.py'...
2025-08-06 06:43:18,324 - freqtrade.strategy.hyper - INFO - Found no parameter file.
2025-08-06 06:43:18,324 - freqtrade.resolvers.strategy_resolver - INFO - Override strategy 'stake_currency' with value in config file: USDT.
2025-08-06 06:43:18,324 - freqtrade.resolvers.strategy_resolver - INFO - Override strategy 'stake_amount' with value in config file: unlimited.
2025-08-06 06:43:18,324 - freqtrade.resolvers.strategy_resolver - INFO - Override strategy 'unfilledtimeout' with value in config file: {'entry': 10, 'exit': 10, 'exit_timeout_count': 0, 'unit': 'minutes'}.
2025-08-06 06:43:18,325 - freqtrade.resolvers.strategy_resolver - INFO - Override strategy 'max_open_trades' with value in config file: 3.
2025-08-06 06:43:18,325 - freqtrade.resolvers.strategy_resolver - INFO - Strategy using minimal_roi: {'60': 0.01, '30': 0.02, '0': 0.04}
2025-08-06 06:43:18,325 - freqtrade.resolvers.strategy_resolver - INFO - Strategy using timeframe: 5m
2025-08-06 06:43:18,325 - freqtrade.resolvers.strategy_resolver - INFO - Strategy using stoploss: -0.1
2025-08-06 06:43:18,326 - freqtrade.resolvers.strategy_resolver - INFO - Strategy using trailing_stop: False
2025-08-06 06:43:18,326 - freqtrade.resolvers.strategy_resolver - INFO - Strategy using trailing_stop_positive_offset: 0.0
2025-08-06 06:43:18,326 - freqtrade.resolvers.strategy_resolver - INFO - Strategy using trailing_only_offset_is_reached: False
2025-08-06 06:43:18,326 - freqtrade.resolvers.strategy_resolver - INFO - Strategy using use_custom_stoploss: False
2025-08-06 06:43:18,326 - freqtrade.resolvers.strategy_resolver - INFO - Strategy using process_only_new_candles: True
2025-08-06 06:43:18,327 - freqtrade.resolvers.strategy_resolver - INFO - Strategy using order_types: {'entry': 'limit', 'exit': 'limit', 'stoploss': 'market', 'stoploss_on_exchange': False}
2025-08-06 06:43:18,327 - freqtrade.resolvers.strategy_resolver - INFO - Strategy using order_time_in_force: {'entry': 'GTC', 'exit': 'GTC'}
2025-08-06 06:43:18,327 - freqtrade.resolvers.strategy_resolver - INFO - Strategy using stake_currency: USDT
2025-08-06 06:43:18,327 - freqtrade.resolvers.strategy_resolver - INFO - Strategy using stake_amount: unlimited
2025-08-06 06:43:18,327 - freqtrade.resolvers.strategy_resolver - INFO - Strategy using startup_candle_count: 200
2025-08-06 06:43:18,328 - freqtrade.resolvers.strategy_resolver - INFO - Strategy using unfilledtimeout: {'entry': 10, 'exit': 10, 'exit_timeout_count': 0, 'unit': 'minutes'}
2025-08-06 06:43:18,328 - freqtrade.resolvers.strategy_resolver - INFO - Strategy using use_exit_signal: True
2025-08-06 06:43:18,328 - freqtrade.resolvers.strategy_resolver - INFO - Strategy using exit_profit_only: False
2025-08-06 06:43:18,328 - freqtrade.resolvers.strategy_resolver - INFO - Strategy using ignore_roi_if_entry_signal: False
2025-08-06 06:43:18,328 - freqtrade.resolvers.strategy_resolver - INFO - Strategy using exit_profit_offset: 0.0
2025-08-06 06:43:18,329 - freqtrade.resolvers.strategy_resolver - INFO - Strategy using disable_dataframe_checks: False
2025-08-06 06:43:18,329 - freqtrade.resolvers.strategy_resolver - INFO - Strategy using ignore_buying_expired_candle_after: 0
2025-08-06 06:43:18,329 - freqtrade.resolvers.strategy_resolver - INFO - Strategy using position_adjustment_enable: False
2025-08-06 06:43:18,329 - freqtrade.resolvers.strategy_resolver - INFO - Strategy using max_entry_position_adjustment: -1
2025-08-06 06:43:18,329 - freqtrade.resolvers.strategy_resolver - INFO - Strategy using max_open_trades: 3
2025-08-06 06:43:18,330 - freqtrade.configuration.config_validation - INFO - Validating configuration ...
2025-08-06 06:43:18,348 - freqtrade.wallets - INFO - Wallets synced.
2025-08-06 06:43:19,115 - freqtrade - ERROR - No Pairlist Handlers defined
2025-08-06 06:44:21,433 - freqtrade.loggers - INFO - Enabling colorized output.
2025-08-06 06:44:21,433 - freqtrade.loggers - INFO - Logfile configured
2025-08-06 06:44:21,434 - freqtrade.loggers - INFO - Verbosity set to 0
2025-08-06 06:44:21,434 - freqtrade.configuration.configuration - INFO - Runmode set to dry_run.
2025-08-06 06:44:21,434 - freqtrade.configuration.configuration - INFO - Parameter --db-url detected ...
2025-08-06 06:44:21,434 - freqtrade.configuration.configuration - INFO - Dry run is enabled
2025-08-06 06:44:21,435 - freqtrade.configuration.configuration - INFO - Using DB: "sqlite:////freqtrade/user_data/tradesv3.sqlite"
2025-08-06 06:44:21,435 - freqtrade.configuration.configuration - INFO - Using max_open_trades: 3 ...
2025-08-06 06:44:21,445 - freqtrade.configuration.configuration - INFO - Using user-data directory: /freqtrade/user_data ...
2025-08-06 06:44:21,445 - freqtrade.configuration.configuration - INFO - Using data directory: /freqtrade/user_data/data/binance ...
2025-08-06 06:44:21,446 - freqtrade.exchange.check_exchange - INFO - Checking exchange...
2025-08-06 06:44:21,454 - freqtrade.exchange.check_exchange - INFO - Exchange "binance" is officially supported by the Freqtrade development team.
2025-08-06 06:44:21,454 - freqtrade.configuration.configuration - INFO - Using pairlist from configuration.
2025-08-06 06:44:21,455 - freqtrade.exchange.exchange - INFO - Instance is running with dry_run enabled
2025-08-06 06:44:21,455 - freqtrade.exchange.exchange - INFO - Using CCXT 4.4.96
2025-08-06 06:44:21,455 - freqtrade.exchange.exchange - INFO - Applying additional ccxt config: {'options': {'defaultType': 'swap'}}
2025-08-06 06:44:21,461 - freqtrade.exchange.exchange - INFO - Applying additional ccxt config: {'options': {'defaultType': 'swap'}}
2025-08-06 06:44:21,467 - freqtrade.exchange.exchange - INFO - Using Exchange "Binance"
2025-08-06 06:44:22,928 - freqtrade.resolvers.exchange_resolver - INFO - Using resolved exchange 'Binance'...
2025-08-06 06:44:22,935 - freqtrade.resolvers.iresolver - INFO - Using resolved strategy SampleStrategy from '/freqtrade/user_data/strategies/sample_strategy.py'...
2025-08-06 06:44:22,936 - freqtrade.strategy.hyper - INFO - Found no parameter file.
2025-08-06 06:44:22,936 - freqtrade.resolvers.strategy_resolver - INFO - Override strategy 'stake_currency' with value in config file: USDT.
2025-08-06 06:44:22,936 - freqtrade.resolvers.strategy_resolver - INFO - Override strategy 'stake_amount' with value in config file: unlimited.
2025-08-06 06:44:22,937 - freqtrade.resolvers.strategy_resolver - INFO - Override strategy 'unfilledtimeout' with value in config file: {'entry': 10, 'exit': 10, 'exit_timeout_count': 0, 'unit': 'minutes'}.
2025-08-06 06:44:22,937 - freqtrade.resolvers.strategy_resolver - INFO - Override strategy 'max_open_trades' with value in config file: 3.
2025-08-06 06:44:22,937 - freqtrade.resolvers.strategy_resolver - INFO - Strategy using minimal_roi: {'60': 0.01, '30': 0.02, '0': 0.04}
2025-08-06 06:44:22,938 - freqtrade.resolvers.strategy_resolver - INFO - Strategy using timeframe: 5m
2025-08-06 06:44:22,938 - freqtrade.resolvers.strategy_resolver - INFO - Strategy using stoploss: -0.1
2025-08-06 06:44:22,938 - freqtrade.resolvers.strategy_resolver - INFO - Strategy using trailing_stop: False
2025-08-06 06:44:22,938 - freqtrade.resolvers.strategy_resolver - INFO - Strategy using trailing_stop_positive_offset: 0.0
2025-08-06 06:44:22,938 - freqtrade.resolvers.strategy_resolver - INFO - Strategy using trailing_only_offset_is_reached: False
2025-08-06 06:44:22,939 - freqtrade.resolvers.strategy_resolver - INFO - Strategy using use_custom_stoploss: False
2025-08-06 06:44:22,939 - freqtrade.resolvers.strategy_resolver - INFO - Strategy using process_only_new_candles: True
2025-08-06 06:44:22,939 - freqtrade.resolvers.strategy_resolver - INFO - Strategy using order_types: {'entry': 'limit', 'exit': 'limit', 'stoploss': 'market', 'stoploss_on_exchange': False}
2025-08-06 06:44:22,939 - freqtrade.resolvers.strategy_resolver - INFO - Strategy using order_time_in_force: {'entry': 'GTC', 'exit': 'GTC'}
2025-08-06 06:44:22,939 - freqtrade.resolvers.strategy_resolver - INFO - Strategy using stake_currency: USDT
2025-08-06 06:44:22,940 - freqtrade.resolvers.strategy_resolver - INFO - Strategy using stake_amount: unlimited
2025-08-06 06:44:22,940 - freqtrade.resolvers.strategy_resolver - INFO - Strategy using startup_candle_count: 200
2025-08-06 06:44:22,940 - freqtrade.resolvers.strategy_resolver - INFO - Strategy using unfilledtimeout: {'entry': 10, 'exit': 10, 'exit_timeout_count': 0, 'unit': 'minutes'}
2025-08-06 06:44:22,940 - freqtrade.resolvers.strategy_resolver - INFO - Strategy using use_exit_signal: True
2025-08-06 06:44:22,940 - freqtrade.resolvers.strategy_resolver - INFO - Strategy using exit_profit_only: False
2025-08-06 06:44:22,941 - freqtrade.resolvers.strategy_resolver - INFO - Strategy using ignore_roi_if_entry_signal: False
2025-08-06 06:44:22,941 - freqtrade.resolvers.strategy_resolver - INFO - Strategy using exit_profit_offset: 0.0
2025-08-06 06:44:22,941 - freqtrade.resolvers.strategy_resolver - INFO - Strategy using disable_dataframe_checks: False
2025-08-06 06:44:22,941 - freqtrade.resolvers.strategy_resolver - INFO - Strategy using ignore_buying_expired_candle_after: 0
2025-08-06 06:44:22,941 - freqtrade.resolvers.strategy_resolver - INFO - Strategy using position_adjustment_enable: False
2025-08-06 06:44:22,942 - freqtrade.resolvers.strategy_resolver - INFO - Strategy using max_entry_position_adjustment: -1
2025-08-06 06:44:22,942 - freqtrade.resolvers.strategy_resolver - INFO - Strategy using max_open_trades: 3
2025-08-06 06:44:22,942 - freqtrade.configuration.config_validation - INFO - Validating configuration ...
2025-08-06 06:44:22,960 - freqtrade.wallets - INFO - Wallets synced.
2025-08-06 06:44:23,678 - freqtrade - ERROR - No Pairlist Handlers defined
2025-08-06 06:45:26,113 - freqtrade.loggers - INFO - Enabling colorized output.
2025-08-06 06:45:26,114 - freqtrade.loggers - INFO - Logfile configured
2025-08-06 06:45:26,114 - freqtrade.loggers - INFO - Verbosity set to 0
2025-08-06 06:45:26,114 - freqtrade.configuration.configuration - INFO - Runmode set to dry_run.
2025-08-06 06:45:26,115 - freqtrade.configuration.configuration - INFO - Parameter --db-url detected ...
2025-08-06 06:45:26,115 - freqtrade.configuration.configuration - INFO - Dry run is enabled
2025-08-06 06:45:26,115 - freqtrade.configuration.configuration - INFO - Using DB: "sqlite:////freqtrade/user_data/tradesv3.sqlite"
2025-08-06 06:45:26,115 - freqtrade.configuration.configuration - INFO - Using max_open_trades: 3 ...
2025-08-06 06:45:26,126 - freqtrade.configuration.configuration - INFO - Using user-data directory: /freqtrade/user_data ...
2025-08-06 06:45:26,126 - freqtrade.configuration.configuration - INFO - Using data directory: /freqtrade/user_data/data/binance ...
2025-08-06 06:45:26,127 - freqtrade.exchange.check_exchange - INFO - Checking exchange...
2025-08-06 06:45:26,135 - freqtrade.exchange.check_exchange - INFO - Exchange "binance" is officially supported by the Freqtrade development team.
2025-08-06 06:45:26,135 - freqtrade.configuration.configuration - INFO - Using pairlist from configuration.
2025-08-06 06:45:26,136 - freqtrade.exchange.exchange - INFO - Instance is running with dry_run enabled
2025-08-06 06:45:26,136 - freqtrade.exchange.exchange - INFO - Using CCXT 4.4.96
2025-08-06 06:45:26,136 - freqtrade.exchange.exchange - INFO - Applying additional ccxt config: {'options': {'defaultType': 'swap'}}
2025-08-06 06:45:26,142 - freqtrade.exchange.exchange - INFO - Applying additional ccxt config: {'options': {'defaultType': 'swap'}}
2025-08-06 06:45:26,149 - freqtrade.exchange.exchange - INFO - Using Exchange "Binance"
2025-08-06 06:45:27,685 - freqtrade.resolvers.exchange_resolver - INFO - Using resolved exchange 'Binance'...
2025-08-06 06:45:27,692 - freqtrade.resolvers.iresolver - INFO - Using resolved strategy SampleStrategy from '/freqtrade/user_data/strategies/sample_strategy.py'...
2025-08-06 06:45:27,692 - freqtrade.strategy.hyper - INFO - Found no parameter file.
2025-08-06 06:45:27,693 - freqtrade.resolvers.strategy_resolver - INFO - Override strategy 'stake_currency' with value in config file: USDT.
2025-08-06 06:45:27,693 - freqtrade.resolvers.strategy_resolver - INFO - Override strategy 'stake_amount' with value in config file: unlimited.
2025-08-06 06:45:27,693 - freqtrade.resolvers.strategy_resolver - INFO - Override strategy 'unfilledtimeout' with value in config file: {'entry': 10, 'exit': 10, 'exit_timeout_count': 0, 'unit': 'minutes'}.
2025-08-06 06:45:27,693 - freqtrade.resolvers.strategy_resolver - INFO - Override strategy 'max_open_trades' with value in config file: 3.
2025-08-06 06:45:27,694 - freqtrade.resolvers.strategy_resolver - INFO - Strategy using minimal_roi: {'60': 0.01, '30': 0.02, '0': 0.04}
2025-08-06 06:45:27,694 - freqtrade.resolvers.strategy_resolver - INFO - Strategy using timeframe: 5m
2025-08-06 06:45:27,694 - freqtrade.resolvers.strategy_resolver - INFO - Strategy using stoploss: -0.1
2025-08-06 06:45:27,694 - freqtrade.resolvers.strategy_resolver - INFO - Strategy using trailing_stop: False
2025-08-06 06:45:27,695 - freqtrade.resolvers.strategy_resolver - INFO - Strategy using trailing_stop_positive_offset: 0.0
2025-08-06 06:45:27,695 - freqtrade.resolvers.strategy_resolver - INFO - Strategy using trailing_only_offset_is_reached: False
2025-08-06 06:45:27,695 - freqtrade.resolvers.strategy_resolver - INFO - Strategy using use_custom_stoploss: False
2025-08-06 06:45:27,695 - freqtrade.resolvers.strategy_resolver - INFO - Strategy using process_only_new_candles: True
2025-08-06 06:45:27,695 - freqtrade.resolvers.strategy_resolver - INFO - Strategy using order_types: {'entry': 'limit', 'exit': 'limit', 'stoploss': 'market', 'stoploss_on_exchange': False}
2025-08-06 06:45:27,696 - freqtrade.resolvers.strategy_resolver - INFO - Strategy using order_time_in_force: {'entry': 'GTC', 'exit': 'GTC'}
2025-08-06 06:45:27,696 - freqtrade.resolvers.strategy_resolver - INFO - Strategy using stake_currency: USDT
2025-08-06 06:45:27,696 - freqtrade.resolvers.strategy_resolver - INFO - Strategy using stake_amount: unlimited
2025-08-06 06:45:27,696 - freqtrade.resolvers.strategy_resolver - INFO - Strategy using startup_candle_count: 200
2025-08-06 06:45:27,696 - freqtrade.resolvers.strategy_resolver - INFO - Strategy using unfilledtimeout: {'entry': 10, 'exit': 10, 'exit_timeout_count': 0, 'unit': 'minutes'}
2025-08-06 06:45:27,697 - freqtrade.resolvers.strategy_resolver - INFO - Strategy using use_exit_signal: True
2025-08-06 06:45:27,697 - freqtrade.resolvers.strategy_resolver - INFO - Strategy using exit_profit_only: False
2025-08-06 06:45:27,697 - freqtrade.resolvers.strategy_resolver - INFO - Strategy using ignore_roi_if_entry_signal: False
2025-08-06 06:45:27,697 - freqtrade.resolvers.strategy_resolver - INFO - Strategy using exit_profit_offset: 0.0
2025-08-06 06:45:27,697 - freqtrade.resolvers.strategy_resolver - INFO - Strategy using disable_dataframe_checks: False
2025-08-06 06:45:27,698 - freqtrade.resolvers.strategy_resolver - INFO - Strategy using ignore_buying_expired_candle_after: 0
2025-08-06 06:45:27,698 - freqtrade.resolvers.strategy_resolver - INFO - Strategy using position_adjustment_enable: False
2025-08-06 06:45:27,698 - freqtrade.resolvers.strategy_resolver - INFO - Strategy using max_entry_position_adjustment: -1
2025-08-06 06:45:27,698 - freqtrade.resolvers.strategy_resolver - INFO - Strategy using max_open_trades: 3
2025-08-06 06:45:27,699 - freqtrade.configuration.config_validation - INFO - Validating configuration ...
2025-08-06 06:45:27,717 - freqtrade.wallets - INFO - Wallets synced.
2025-08-06 06:45:28,491 - freqtrade - ERROR - No Pairlist Handlers defined
2025-08-06 06:46:30,913 - freqtrade.loggers - INFO - Enabling colorized output.
2025-08-06 06:46:30,914 - freqtrade.loggers - INFO - Logfile configured
2025-08-06 06:46:30,914 - freqtrade.loggers - INFO - Verbosity set to 0
2025-08-06 06:46:30,915 - freqtrade.configuration.configuration - INFO - Runmode set to dry_run.
2025-08-06 06:46:30,915 - freqtrade.configuration.configuration - INFO - Parameter --db-url detected ...
2025-08-06 06:46:30,915 - freqtrade.configuration.configuration - INFO - Dry run is enabled
2025-08-06 06:46:30,916 - freqtrade.configuration.configuration - INFO - Using DB: "sqlite:////freqtrade/user_data/tradesv3.sqlite"
2025-08-06 06:46:30,916 - freqtrade.configuration.configuration - INFO - Using max_open_trades: 3 ...
2025-08-06 06:46:30,928 - freqtrade.configuration.configuration - INFO - Using user-data directory: /freqtrade/user_data ...
2025-08-06 06:46:30,928 - freqtrade.configuration.configuration - INFO - Using data directory: /freqtrade/user_data/data/binance ...
2025-08-06 06:46:30,929 - freqtrade.exchange.check_exchange - INFO - Checking exchange...
2025-08-06 06:46:30,937 - freqtrade.exchange.check_exchange - INFO - Exchange "binance" is officially supported by the Freqtrade development team.
2025-08-06 06:46:30,937 - freqtrade.configuration.configuration - INFO - Using pairlist from configuration.
2025-08-06 06:46:30,938 - freqtrade.exchange.exchange - INFO - Instance is running with dry_run enabled
2025-08-06 06:46:30,938 - freqtrade.exchange.exchange - INFO - Using CCXT 4.4.96
2025-08-06 06:46:30,938 - freqtrade.exchange.exchange - INFO - Applying additional ccxt config: {'options': {'defaultType': 'swap'}}
2025-08-06 06:46:30,944 - freqtrade.exchange.exchange - INFO - Applying additional ccxt config: {'options': {'defaultType': 'swap'}}
2025-08-06 06:46:30,951 - freqtrade.exchange.exchange - INFO - Using Exchange "Binance"
2025-08-06 06:46:32,754 - freqtrade.resolvers.exchange_resolver - INFO - Using resolved exchange 'Binance'...
2025-08-06 06:46:32,761 - freqtrade.resolvers.iresolver - INFO - Using resolved strategy SampleStrategy from '/freqtrade/user_data/strategies/sample_strategy.py'...
2025-08-06 06:46:32,761 - freqtrade.strategy.hyper - INFO - Found no parameter file.
2025-08-06 06:46:32,762 - freqtrade.resolvers.strategy_resolver - INFO - Override strategy 'stake_currency' with value in config file: USDT.
2025-08-06 06:46:32,762 - freqtrade.resolvers.strategy_resolver - INFO - Override strategy 'stake_amount' with value in config file: unlimited.
2025-08-06 06:46:32,762 - freqtrade.resolvers.strategy_resolver - INFO - Override strategy 'unfilledtimeout' with value in config file: {'entry': 10, 'exit': 10, 'exit_timeout_count': 0, 'unit': 'minutes'}.
2025-08-06 06:46:32,762 - freqtrade.resolvers.strategy_resolver - INFO - Override strategy 'max_open_trades' with value in config file: 3.
2025-08-06 06:46:32,763 - freqtrade.resolvers.strategy_resolver - INFO - Strategy using minimal_roi: {'60': 0.01, '30': 0.02, '0': 0.04}
2025-08-06 06:46:32,763 - freqtrade.resolvers.strategy_resolver - INFO - Strategy using timeframe: 5m
2025-08-06 06:46:32,763 - freqtrade.resolvers.strategy_resolver - INFO - Strategy using stoploss: -0.1
2025-08-06 06:46:32,763 - freqtrade.resolvers.strategy_resolver - INFO - Strategy using trailing_stop: False
2025-08-06 06:46:32,763 - freqtrade.resolvers.strategy_resolver - INFO - Strategy using trailing_stop_positive_offset: 0.0
2025-08-06 06:46:32,764 - freqtrade.resolvers.strategy_resolver - INFO - Strategy using trailing_only_offset_is_reached: False
2025-08-06 06:46:32,764 - freqtrade.resolvers.strategy_resolver - INFO - Strategy using use_custom_stoploss: False
2025-08-06 06:46:32,764 - freqtrade.resolvers.strategy_resolver - INFO - Strategy using process_only_new_candles: True
2025-08-06 06:46:32,764 - freqtrade.resolvers.strategy_resolver - INFO - Strategy using order_types: {'entry': 'limit', 'exit': 'limit', 'stoploss': 'market', 'stoploss_on_exchange': False}
2025-08-06 06:46:32,764 - freqtrade.resolvers.strategy_resolver - INFO - Strategy using order_time_in_force: {'entry': 'GTC', 'exit': 'GTC'}
2025-08-06 06:46:32,765 - freqtrade.resolvers.strategy_resolver - INFO - Strategy using stake_currency: USDT
2025-08-06 06:46:32,765 - freqtrade.resolvers.strategy_resolver - INFO - Strategy using stake_amount: unlimited
2025-08-06 06:46:32,765 - freqtrade.resolvers.strategy_resolver - INFO - Strategy using startup_candle_count: 200
2025-08-06 06:46:32,765 - freqtrade.resolvers.strategy_resolver - INFO - Strategy using unfilledtimeout: {'entry': 10, 'exit': 10, 'exit_timeout_count': 0, 'unit': 'minutes'}
2025-08-06 06:46:32,765 - freqtrade.resolvers.strategy_resolver - INFO - Strategy using use_exit_signal: True
2025-08-06 06:46:32,766 - freqtrade.resolvers.strategy_resolver - INFO - Strategy using exit_profit_only: False
2025-08-06 06:46:32,766 - freqtrade.resolvers.strategy_resolver - INFO - Strategy using ignore_roi_if_entry_signal: False
2025-08-06 06:46:32,766 - freqtrade.resolvers.strategy_resolver - INFO - Strategy using exit_profit_offset: 0.0
2025-08-06 06:46:32,766 - freqtrade.resolvers.strategy_resolver - INFO - Strategy using disable_dataframe_checks: False
2025-08-06 06:46:32,766 - freqtrade.resolvers.strategy_resolver - INFO - Strategy using ignore_buying_expired_candle_after: 0
2025-08-06 06:46:32,767 - freqtrade.resolvers.strategy_resolver - INFO - Strategy using position_adjustment_enable: False
2025-08-06 06:46:32,767 - freqtrade.resolvers.strategy_resolver - INFO - Strategy using max_entry_position_adjustment: -1
2025-08-06 06:46:32,767 - freqtrade.resolvers.strategy_resolver - INFO - Strategy using max_open_trades: 3
2025-08-06 06:46:32,767 - freqtrade.configuration.config_validation - INFO - Validating configuration ...
2025-08-06 06:46:32,786 - freqtrade.wallets - INFO - Wallets synced.
2025-08-06 06:46:33,501 - freqtrade - ERROR - No Pairlist Handlers defined
2025-08-06 06:47:35,791 - freqtrade.loggers - INFO - Enabling colorized output.
2025-08-06 06:47:35,791 - freqtrade.loggers - INFO - Logfile configured
2025-08-06 06:47:35,791 - freqtrade.loggers - INFO - Verbosity set to 0
2025-08-06 06:47:35,792 - freqtrade.configuration.configuration - INFO - Runmode set to dry_run.
2025-08-06 06:47:35,792 - freqtrade.configuration.configuration - INFO - Parameter --db-url detected ...
2025-08-06 06:47:35,792 - freqtrade.configuration.configuration - INFO - Dry run is enabled
2025-08-06 06:47:35,793 - freqtrade.configuration.configuration - INFO - Using DB: "sqlite:////freqtrade/user_data/tradesv3.sqlite"
2025-08-06 06:47:35,793 - freqtrade.configuration.configuration - INFO - Using max_open_trades: 3 ...
2025-08-06 06:47:35,803 - freqtrade.configuration.configuration - INFO - Using user-data directory: /freqtrade/user_data ...
2025-08-06 06:47:35,804 - freqtrade.configuration.configuration - INFO - Using data directory: /freqtrade/user_data/data/binance ...
2025-08-06 06:47:35,805 - freqtrade.exchange.check_exchange - INFO - Checking exchange...
2025-08-06 06:47:35,813 - freqtrade.exchange.check_exchange - INFO - Exchange "binance" is officially supported by the Freqtrade development team.
2025-08-06 06:47:35,813 - freqtrade.configuration.configuration - INFO - Using pairlist from configuration.
2025-08-06 06:47:35,814 - freqtrade.exchange.exchange - INFO - Instance is running with dry_run enabled
2025-08-06 06:47:35,814 - freqtrade.exchange.exchange - INFO - Using CCXT 4.4.96
2025-08-06 06:47:35,814 - freqtrade.exchange.exchange - INFO - Applying additional ccxt config: {'options': {'defaultType': 'swap'}}
2025-08-06 06:47:35,820 - freqtrade.exchange.exchange - INFO - Applying additional ccxt config: {'options': {'defaultType': 'swap'}}
2025-08-06 06:47:35,828 - freqtrade.exchange.exchange - INFO - Using Exchange "Binance"
2025-08-06 06:47:37,469 - freqtrade.resolvers.exchange_resolver - INFO - Using resolved exchange 'Binance'...
2025-08-06 06:47:37,476 - freqtrade.resolvers.iresolver - INFO - Using resolved strategy SampleStrategy from '/freqtrade/user_data/strategies/sample_strategy.py'...
2025-08-06 06:47:37,476 - freqtrade.strategy.hyper - INFO - Found no parameter file.
2025-08-06 06:47:37,477 - freqtrade.resolvers.strategy_resolver - INFO - Override strategy 'stake_currency' with value in config file: USDT.
2025-08-06 06:47:37,477 - freqtrade.resolvers.strategy_resolver - INFO - Override strategy 'stake_amount' with value in config file: unlimited.
2025-08-06 06:47:37,477 - freqtrade.resolvers.strategy_resolver - INFO - Override strategy 'unfilledtimeout' with value in config file: {'entry': 10, 'exit': 10, 'exit_timeout_count': 0, 'unit': 'minutes'}.
2025-08-06 06:47:37,478 - freqtrade.resolvers.strategy_resolver - INFO - Override strategy 'max_open_trades' with value in config file: 3.
2025-08-06 06:47:37,478 - freqtrade.resolvers.strategy_resolver - INFO - Strategy using minimal_roi: {'60': 0.01, '30': 0.02, '0': 0.04}
2025-08-06 06:47:37,478 - freqtrade.resolvers.strategy_resolver - INFO - Strategy using timeframe: 5m
2025-08-06 06:47:37,478 - freqtrade.resolvers.strategy_resolver - INFO - Strategy using stoploss: -0.1
2025-08-06 06:47:37,478 - freqtrade.resolvers.strategy_resolver - INFO - Strategy using trailing_stop: False
2025-08-06 06:47:37,479 - freqtrade.resolvers.strategy_resolver - INFO - Strategy using trailing_stop_positive_offset: 0.0
2025-08-06 06:47:37,479 - freqtrade.resolvers.strategy_resolver - INFO - Strategy using trailing_only_offset_is_reached: False
2025-08-06 06:47:37,479 - freqtrade.resolvers.strategy_resolver - INFO - Strategy using use_custom_stoploss: False
2025-08-06 06:47:37,479 - freqtrade.resolvers.strategy_resolver - INFO - Strategy using process_only_new_candles: True
2025-08-06 06:47:37,480 - freqtrade.resolvers.strategy_resolver - INFO - Strategy using order_types: {'entry': 'limit', 'exit': 'limit', 'stoploss': 'market', 'stoploss_on_exchange': False}
2025-08-06 06:47:37,480 - freqtrade.resolvers.strategy_resolver - INFO - Strategy using order_time_in_force: {'entry': 'GTC', 'exit': 'GTC'}
2025-08-06 06:47:37,480 - freqtrade.resolvers.strategy_resolver - INFO - Strategy using stake_currency: USDT
2025-08-06 06:47:37,480 - freqtrade.resolvers.strategy_resolver - INFO - Strategy using stake_amount: unlimited
2025-08-06 06:47:37,480 - freqtrade.resolvers.strategy_resolver - INFO - Strategy using startup_candle_count: 200
2025-08-06 06:47:37,481 - freqtrade.resolvers.strategy_resolver - INFO - Strategy using unfilledtimeout: {'entry': 10, 'exit': 10, 'exit_timeout_count': 0, 'unit': 'minutes'}
2025-08-06 06:47:37,481 - freqtrade.resolvers.strategy_resolver - INFO - Strategy using use_exit_signal: True
2025-08-06 06:47:37,481 - freqtrade.resolvers.strategy_resolver - INFO - Strategy using exit_profit_only: False
2025-08-06 06:47:37,481 - freqtrade.resolvers.strategy_resolver - INFO - Strategy using ignore_roi_if_entry_signal: False
2025-08-06 06:47:37,481 - freqtrade.resolvers.strategy_resolver - INFO - Strategy using exit_profit_offset: 0.0
2025-08-06 06:47:37,481 - freqtrade.resolvers.strategy_resolver - INFO - Strategy using disable_dataframe_checks: False
2025-08-06 06:47:37,482 - freqtrade.resolvers.strategy_resolver - INFO - Strategy using ignore_buying_expired_candle_after: 0
2025-08-06 06:47:37,482 - freqtrade.resolvers.strategy_resolver - INFO - Strategy using position_adjustment_enable: False
2025-08-06 06:47:37,482 - freqtrade.resolvers.strategy_resolver - INFO - Strategy using max_entry_position_adjustment: -1
2025-08-06 06:47:37,482 - freqtrade.resolvers.strategy_resolver - INFO - Strategy using max_open_trades: 3
2025-08-06 06:47:37,483 - freqtrade.configuration.config_validation - INFO - Validating configuration ...
2025-08-06 06:47:37,501 - freqtrade.wallets - INFO - Wallets synced.
2025-08-06 06:47:38,379 - freqtrade - ERROR - No Pairlist Handlers defined
2025-08-06 06:48:40,713 - freqtrade.loggers - INFO - Enabling colorized output.
2025-08-06 06:48:40,713 - freqtrade.loggers - INFO - Logfile configured
2025-08-06 06:48:40,713 - freqtrade.loggers - INFO - Verbosity set to 0
2025-08-06 06:48:40,714 - freqtrade.configuration.configuration - INFO - Runmode set to dry_run.
2025-08-06 06:48:40,714 - freqtrade.configuration.configuration - INFO - Parameter --db-url detected ...
2025-08-06 06:48:40,714 - freqtrade.configuration.configuration - INFO - Dry run is enabled
2025-08-06 06:48:40,714 - freqtrade.configuration.configuration - INFO - Using DB: "sqlite:////freqtrade/user_data/tradesv3.sqlite"
2025-08-06 06:48:40,714 - freqtrade.configuration.configuration - INFO - Using max_open_trades: 3 ...
2025-08-06 06:48:40,725 - freqtrade.configuration.configuration - INFO - Using user-data directory: /freqtrade/user_data ...
2025-08-06 06:48:40,726 - freqtrade.configuration.configuration - INFO - Using data directory: /freqtrade/user_data/data/binance ...
2025-08-06 06:48:40,726 - freqtrade.exchange.check_exchange - INFO - Checking exchange...
2025-08-06 06:48:40,734 - freqtrade.exchange.check_exchange - INFO - Exchange "binance" is officially supported by the Freqtrade development team.
2025-08-06 06:48:40,734 - freqtrade.configuration.configuration - INFO - Using pairlist from configuration.
2025-08-06 06:48:40,735 - freqtrade.exchange.exchange - INFO - Instance is running with dry_run enabled
2025-08-06 06:48:40,735 - freqtrade.exchange.exchange - INFO - Using CCXT 4.4.96
2025-08-06 06:48:40,735 - freqtrade.exchange.exchange - INFO - Applying additional ccxt config: {'options': {'defaultType': 'swap'}}
2025-08-06 06:48:40,741 - freqtrade.exchange.exchange - INFO - Applying additional ccxt config: {'options': {'defaultType': 'swap'}}
2025-08-06 06:48:40,748 - freqtrade.exchange.exchange - INFO - Using Exchange "Binance"
2025-08-06 06:48:42,264 - freqtrade.resolvers.exchange_resolver - INFO - Using resolved exchange 'Binance'...
2025-08-06 06:48:42,271 - freqtrade.resolvers.iresolver - INFO - Using resolved strategy SampleStrategy from '/freqtrade/user_data/strategies/sample_strategy.py'...
2025-08-06 06:48:42,272 - freqtrade.strategy.hyper - INFO - Found no parameter file.
2025-08-06 06:48:42,272 - freqtrade.resolvers.strategy_resolver - INFO - Override strategy 'stake_currency' with value in config file: USDT.
2025-08-06 06:48:42,273 - freqtrade.resolvers.strategy_resolver - INFO - Override strategy 'stake_amount' with value in config file: unlimited.
2025-08-06 06:48:42,273 - freqtrade.resolvers.strategy_resolver - INFO - Override strategy 'unfilledtimeout' with value in config file: {'entry': 10, 'exit': 10, 'exit_timeout_count': 0, 'unit': 'minutes'}.
2025-08-06 06:48:42,273 - freqtrade.resolvers.strategy_resolver - INFO - Override strategy 'max_open_trades' with value in config file: 3.
2025-08-06 06:48:42,273 - freqtrade.resolvers.strategy_resolver - INFO - Strategy using minimal_roi: {'60': 0.01, '30': 0.02, '0': 0.04}
2025-08-06 06:48:42,273 - freqtrade.resolvers.strategy_resolver - INFO - Strategy using timeframe: 5m
2025-08-06 06:48:42,274 - freqtrade.resolvers.strategy_resolver - INFO - Strategy using stoploss: -0.1
2025-08-06 06:48:42,274 - freqtrade.resolvers.strategy_resolver - INFO - Strategy using trailing_stop: False
2025-08-06 06:48:42,274 - freqtrade.resolvers.strategy_resolver - INFO - Strategy using trailing_stop_positive_offset: 0.0
2025-08-06 06:48:42,274 - freqtrade.resolvers.strategy_resolver - INFO - Strategy using trailing_only_offset_is_reached: False
2025-08-06 06:48:42,275 - freqtrade.resolvers.strategy_resolver - INFO - Strategy using use_custom_stoploss: False
2025-08-06 06:48:42,275 - freqtrade.resolvers.strategy_resolver - INFO - Strategy using process_only_new_candles: True
2025-08-06 06:48:42,275 - freqtrade.resolvers.strategy_resolver - INFO - Strategy using order_types: {'entry': 'limit', 'exit': 'limit', 'stoploss': 'market', 'stoploss_on_exchange': False}
2025-08-06 06:48:42,275 - freqtrade.resolvers.strategy_resolver - INFO - Strategy using order_time_in_force: {'entry': 'GTC', 'exit': 'GTC'}
2025-08-06 06:48:42,275 - freqtrade.resolvers.strategy_resolver - INFO - Strategy using stake_currency: USDT
2025-08-06 06:48:42,276 - freqtrade.resolvers.strategy_resolver - INFO - Strategy using stake_amount: unlimited
2025-08-06 06:48:42,276 - freqtrade.resolvers.strategy_resolver - INFO - Strategy using startup_candle_count: 200
2025-08-06 06:48:42,276 - freqtrade.resolvers.strategy_resolver - INFO - Strategy using unfilledtimeout: {'entry': 10, 'exit': 10, 'exit_timeout_count': 0, 'unit': 'minutes'}
2025-08-06 06:48:42,276 - freqtrade.resolvers.strategy_resolver - INFO - Strategy using use_exit_signal: True
2025-08-06 06:48:42,276 - freqtrade.resolvers.strategy_resolver - INFO - Strategy using exit_profit_only: False
2025-08-06 06:48:42,277 - freqtrade.resolvers.strategy_resolver - INFO - Strategy using ignore_roi_if_entry_signal: False
2025-08-06 06:48:42,277 - freqtrade.resolvers.strategy_resolver - INFO - Strategy using exit_profit_offset: 0.0
2025-08-06 06:48:42,277 - freqtrade.resolvers.strategy_resolver - INFO - Strategy using disable_dataframe_checks: False
2025-08-06 06:48:42,277 - freqtrade.resolvers.strategy_resolver - INFO - Strategy using ignore_buying_expired_candle_after: 0
2025-08-06 06:48:42,277 - freqtrade.resolvers.strategy_resolver - INFO - Strategy using position_adjustment_enable: False
2025-08-06 06:48:42,278 - freqtrade.resolvers.strategy_resolver - INFO - Strategy using max_entry_position_adjustment: -1
2025-08-06 06:48:42,278 - freqtrade.resolvers.strategy_resolver - INFO - Strategy using max_open_trades: 3
2025-08-06 06:48:42,278 - freqtrade.configuration.config_validation - INFO - Validating configuration ...
2025-08-06 06:48:42,297 - freqtrade.wallets - INFO - Wallets synced.
2025-08-06 06:48:43,077 - freqtrade - ERROR - No Pairlist Handlers defined
2025-08-06 06:49:45,474 - freqtrade.loggers - INFO - Enabling colorized output.
2025-08-06 06:49:45,474 - freqtrade.loggers - INFO - Logfile configured
2025-08-06 06:49:45,474 - freqtrade.loggers - INFO - Verbosity set to 0
2025-08-06 06:49:45,475 - freqtrade.configuration.configuration - INFO - Runmode set to dry_run.
2025-08-06 06:49:45,475 - freqtrade.configuration.configuration - INFO - Parameter --db-url detected ...
2025-08-06 06:49:45,475 - freqtrade.configuration.configuration - INFO - Dry run is enabled
2025-08-06 06:49:45,476 - freqtrade.configuration.configuration - INFO - Using DB: "sqlite:////freqtrade/user_data/tradesv3.sqlite"
2025-08-06 06:49:45,476 - freqtrade.configuration.configuration - INFO - Using max_open_trades: 3 ...
2025-08-06 06:49:45,487 - freqtrade.configuration.configuration - INFO - Using user-data directory: /freqtrade/user_data ...
2025-08-06 06:49:45,488 - freqtrade.configuration.configuration - INFO - Using data directory: /freqtrade/user_data/data/binance ...
2025-08-06 06:49:45,489 - freqtrade.exchange.check_exchange - INFO - Checking exchange...
2025-08-06 06:49:45,497 - freqtrade.exchange.check_exchange - INFO - Exchange "binance" is officially supported by the Freqtrade development team.
2025-08-06 06:49:45,498 - freqtrade.configuration.configuration - INFO - Using pairlist from configuration.
2025-08-06 06:49:45,498 - freqtrade.exchange.exchange - INFO - Instance is running with dry_run enabled
2025-08-06 06:49:45,499 - freqtrade.exchange.exchange - INFO - Using CCXT 4.4.96
2025-08-06 06:49:45,499 - freqtrade.exchange.exchange - INFO - Applying additional ccxt config: {'options': {'defaultType': 'swap'}}
2025-08-06 06:49:45,506 - freqtrade.exchange.exchange - INFO - Applying additional ccxt config: {'options': {'defaultType': 'swap'}}
2025-08-06 06:49:45,514 - freqtrade.exchange.exchange - INFO - Using Exchange "Binance"
2025-08-06 06:49:47,082 - freqtrade.resolvers.exchange_resolver - INFO - Using resolved exchange 'Binance'...
2025-08-06 06:49:47,088 - freqtrade.resolvers.iresolver - INFO - Using resolved strategy SampleStrategy from '/freqtrade/user_data/strategies/sample_strategy.py'...
2025-08-06 06:49:47,089 - freqtrade.strategy.hyper - INFO - Found no parameter file.
2025-08-06 06:49:47,089 - freqtrade.resolvers.strategy_resolver - INFO - Override strategy 'stake_currency' with value in config file: USDT.
2025-08-06 06:49:47,089 - freqtrade.resolvers.strategy_resolver - INFO - Override strategy 'stake_amount' with value in config file: unlimited.
2025-08-06 06:49:47,090 - freqtrade.resolvers.strategy_resolver - INFO - Override strategy 'unfilledtimeout' with value in config file: {'entry': 10, 'exit': 10, 'exit_timeout_count': 0, 'unit': 'minutes'}.
2025-08-06 06:49:47,090 - freqtrade.resolvers.strategy_resolver - INFO - Override strategy 'max_open_trades' with value in config file: 3.
2025-08-06 06:49:47,090 - freqtrade.resolvers.strategy_resolver - INFO - Strategy using minimal_roi: {'60': 0.01, '30': 0.02, '0': 0.04}
2025-08-06 06:49:47,090 - freqtrade.resolvers.strategy_resolver - INFO - Strategy using timeframe: 5m
2025-08-06 06:49:47,091 - freqtrade.resolvers.strategy_resolver - INFO - Strategy using stoploss: -0.1
2025-08-06 06:49:47,091 - freqtrade.resolvers.strategy_resolver - INFO - Strategy using trailing_stop: False
2025-08-06 06:49:47,091 - freqtrade.resolvers.strategy_resolver - INFO - Strategy using trailing_stop_positive_offset: 0.0
2025-08-06 06:49:47,091 - freqtrade.resolvers.strategy_resolver - INFO - Strategy using trailing_only_offset_is_reached: False
2025-08-06 06:49:47,091 - freqtrade.resolvers.strategy_resolver - INFO - Strategy using use_custom_stoploss: False
2025-08-06 06:49:47,092 - freqtrade.resolvers.strategy_resolver - INFO - Strategy using process_only_new_candles: True
2025-08-06 06:49:47,092 - freqtrade.resolvers.strategy_resolver - INFO - Strategy using order_types: {'entry': 'limit', 'exit': 'limit', 'stoploss': 'market', 'stoploss_on_exchange': False}
2025-08-06 06:49:47,092 - freqtrade.resolvers.strategy_resolver - INFO - Strategy using order_time_in_force: {'entry': 'GTC', 'exit': 'GTC'}
2025-08-06 06:49:47,092 - freqtrade.resolvers.strategy_resolver - INFO - Strategy using stake_currency: USDT
2025-08-06 06:49:47,092 - freqtrade.resolvers.strategy_resolver - INFO - Strategy using stake_amount: unlimited
2025-08-06 06:49:47,093 - freqtrade.resolvers.strategy_resolver - INFO - Strategy using startup_candle_count: 200
2025-08-06 06:49:47,093 - freqtrade.resolvers.strategy_resolver - INFO - Strategy using unfilledtimeout: {'entry': 10, 'exit': 10, 'exit_timeout_count': 0, 'unit': 'minutes'}
2025-08-06 06:49:47,093 - freqtrade.resolvers.strategy_resolver - INFO - Strategy using use_exit_signal: True
2025-08-06 06:49:47,093 - freqtrade.resolvers.strategy_resolver - INFO - Strategy using exit_profit_only: False
2025-08-06 06:49:47,093 - freqtrade.resolvers.strategy_resolver - INFO - Strategy using ignore_roi_if_entry_signal: False
2025-08-06 06:49:47,094 - freqtrade.resolvers.strategy_resolver - INFO - Strategy using exit_profit_offset: 0.0
2025-08-06 06:49:47,094 - freqtrade.resolvers.strategy_resolver - INFO - Strategy using disable_dataframe_checks: False
2025-08-06 06:49:47,094 - freqtrade.resolvers.strategy_resolver - INFO - Strategy using ignore_buying_expired_candle_after: 0
2025-08-06 06:49:47,094 - freqtrade.resolvers.strategy_resolver - INFO - Strategy using position_adjustment_enable: False
2025-08-06 06:49:47,094 - freqtrade.resolvers.strategy_resolver - INFO - Strategy using max_entry_position_adjustment: -1
2025-08-06 06:49:47,095 - freqtrade.resolvers.strategy_resolver - INFO - Strategy using max_open_trades: 3
2025-08-06 06:49:47,095 - freqtrade.configuration.config_validation - INFO - Validating configuration ...
2025-08-06 06:49:47,114 - freqtrade.wallets - INFO - Wallets synced.
2025-08-06 06:49:47,921 - freqtrade - ERROR - No Pairlist Handlers defined
2025-08-06 06:50:50,356 - freqtrade.loggers - INFO - Enabling colorized output.
2025-08-06 06:50:50,357 - freqtrade.loggers - INFO - Logfile configured
2025-08-06 06:50:50,357 - freqtrade.loggers - INFO - Verbosity set to 0
2025-08-06 06:50:50,357 - freqtrade.configuration.configuration - INFO - Runmode set to dry_run.
2025-08-06 06:50:50,357 - freqtrade.configuration.configuration - INFO - Parameter --db-url detected ...
2025-08-06 06:50:50,358 - freqtrade.configuration.configuration - INFO - Dry run is enabled
2025-08-06 06:50:50,358 - freqtrade.configuration.configuration - INFO - Using DB: "sqlite:////freqtrade/user_data/tradesv3.sqlite"
2025-08-06 06:50:50,358 - freqtrade.configuration.configuration - INFO - Using max_open_trades: 3 ...
2025-08-06 06:50:50,368 - freqtrade.configuration.configuration - INFO - Using user-data directory: /freqtrade/user_data ...
2025-08-06 06:50:50,369 - freqtrade.configuration.configuration - INFO - Using data directory: /freqtrade/user_data/data/binance ...
2025-08-06 06:50:50,369 - freqtrade.exchange.check_exchange - INFO - Checking exchange...
2025-08-06 06:50:50,377 - freqtrade.exchange.check_exchange - INFO - Exchange "binance" is officially supported by the Freqtrade development team.
2025-08-06 06:50:50,378 - freqtrade.configuration.configuration - INFO - Using pairlist from configuration.
2025-08-06 06:50:50,378 - freqtrade.exchange.exchange - INFO - Instance is running with dry_run enabled
2025-08-06 06:50:50,378 - freqtrade.exchange.exchange - INFO - Using CCXT 4.4.96
2025-08-06 06:50:50,379 - freqtrade.exchange.exchange - INFO - Applying additional ccxt config: {'options': {'defaultType': 'swap'}}
2025-08-06 06:50:50,385 - freqtrade.exchange.exchange - INFO - Applying additional ccxt config: {'options': {'defaultType': 'swap'}}
2025-08-06 06:50:50,392 - freqtrade.exchange.exchange - INFO - Using Exchange "Binance"
2025-08-06 06:50:52,023 - freqtrade.resolvers.exchange_resolver - INFO - Using resolved exchange 'Binance'...
2025-08-06 06:50:52,035 - freqtrade.resolvers.iresolver - INFO - Using resolved strategy SampleStrategy from '/freqtrade/user_data/strategies/sample_strategy.py'...
2025-08-06 06:50:52,035 - freqtrade.strategy.hyper - INFO - Found no parameter file.
2025-08-06 06:50:52,036 - freqtrade.resolvers.strategy_resolver - INFO - Override strategy 'stake_currency' with value in config file: USDT.
2025-08-06 06:50:52,036 - freqtrade.resolvers.strategy_resolver - INFO - Override strategy 'stake_amount' with value in config file: unlimited.
2025-08-06 06:50:52,036 - freqtrade.resolvers.strategy_resolver - INFO - Override strategy 'unfilledtimeout' with value in config file: {'entry': 10, 'exit': 10, 'exit_timeout_count': 0, 'unit': 'minutes'}.
2025-08-06 06:50:52,037 - freqtrade.resolvers.strategy_resolver - INFO - Override strategy 'max_open_trades' with value in config file: 3.
2025-08-06 06:50:52,037 - freqtrade.resolvers.strategy_resolver - INFO - Strategy using minimal_roi: {'60': 0.01, '30': 0.02, '0': 0.04}
2025-08-06 06:50:52,037 - freqtrade.resolvers.strategy_resolver - INFO - Strategy using timeframe: 5m
2025-08-06 06:50:52,038 - freqtrade.resolvers.strategy_resolver - INFO - Strategy using stoploss: -0.1
2025-08-06 06:50:52,038 - freqtrade.resolvers.strategy_resolver - INFO - Strategy using trailing_stop: False
2025-08-06 06:50:52,039 - freqtrade.resolvers.strategy_resolver - INFO - Strategy using trailing_stop_positive_offset: 0.0
2025-08-06 06:50:52,039 - freqtrade.resolvers.strategy_resolver - INFO - Strategy using trailing_only_offset_is_reached: False
2025-08-06 06:50:52,039 - freqtrade.resolvers.strategy_resolver - INFO - Strategy using use_custom_stoploss: False
2025-08-06 06:50:52,039 - freqtrade.resolvers.strategy_resolver - INFO - Strategy using process_only_new_candles: True
2025-08-06 06:50:52,040 - freqtrade.resolvers.strategy_resolver - INFO - Strategy using order_types: {'entry': 'limit', 'exit': 'limit', 'stoploss': 'market', 'stoploss_on_exchange': False}
2025-08-06 06:50:52,040 - freqtrade.resolvers.strategy_resolver - INFO - Strategy using order_time_in_force: {'entry': 'GTC', 'exit': 'GTC'}
2025-08-06 06:50:52,040 - freqtrade.resolvers.strategy_resolver - INFO - Strategy using stake_currency: USDT
2025-08-06 06:50:52,040 - freqtrade.resolvers.strategy_resolver - INFO - Strategy using stake_amount: unlimited
2025-08-06 06:50:52,041 - freqtrade.resolvers.strategy_resolver - INFO - Strategy using startup_candle_count: 200
2025-08-06 06:50:52,041 - freqtrade.resolvers.strategy_resolver - INFO - Strategy using unfilledtimeout: {'entry': 10, 'exit': 10, 'exit_timeout_count': 0, 'unit': 'minutes'}
2025-08-06 06:50:52,041 - freqtrade.resolvers.strategy_resolver - INFO - Strategy using use_exit_signal: True
2025-08-06 06:50:52,041 - freqtrade.resolvers.strategy_resolver - INFO - Strategy using exit_profit_only: False
2025-08-06 06:50:52,042 - freqtrade.resolvers.strategy_resolver - INFO - Strategy using ignore_roi_if_entry_signal: False
2025-08-06 06:50:52,042 - freqtrade.resolvers.strategy_resolver - INFO - Strategy using exit_profit_offset: 0.0
2025-08-06 06:50:52,042 - freqtrade.resolvers.strategy_resolver - INFO - Strategy using disable_dataframe_checks: False
2025-08-06 06:50:52,042 - freqtrade.resolvers.strategy_resolver - INFO - Strategy using ignore_buying_expired_candle_after: 0
2025-08-06 06:50:52,043 - freqtrade.resolvers.strategy_resolver - INFO - Strategy using position_adjustment_enable: False
2025-08-06 06:50:52,043 - freqtrade.resolvers.strategy_resolver - INFO - Strategy using max_entry_position_adjustment: -1
2025-08-06 06:50:52,043 - freqtrade.resolvers.strategy_resolver - INFO - Strategy using max_open_trades: 3
2025-08-06 06:50:52,043 - freqtrade.configuration.config_validation - INFO - Validating configuration ...
2025-08-06 06:50:52,065 - freqtrade.wallets - INFO - Wallets synced.
2025-08-06 06:50:52,808 - freqtrade - ERROR - No Pairlist Handlers defined
2025-08-06 06:51:55,373 - freqtrade.loggers - INFO - Enabling colorized output.
2025-08-06 06:51:55,374 - freqtrade.loggers - INFO - Logfile configured
2025-08-06 06:51:55,375 - freqtrade.loggers - INFO - Verbosity set to 0
2025-08-06 06:51:55,376 - freqtrade.configuration.configuration - INFO - Runmode set to dry_run.
2025-08-06 06:51:55,376 - freqtrade.configuration.configuration - INFO - Parameter --db-url detected ...
2025-08-06 06:51:55,376 - freqtrade.configuration.configuration - INFO - Dry run is enabled
2025-08-06 06:51:55,377 - freqtrade.configuration.configuration - INFO - Using DB: "sqlite:////freqtrade/user_data/tradesv3.sqlite"
2025-08-06 06:51:55,377 - freqtrade.configuration.configuration - INFO - Using max_open_trades: 3 ...
2025-08-06 06:51:55,400 - freqtrade.configuration.configuration - INFO - Using user-data directory: /freqtrade/user_data ...
2025-08-06 06:51:55,402 - freqtrade.configuration.configuration - INFO - Using data directory: /freqtrade/user_data/data/binance ...
2025-08-06 06:51:55,404 - freqtrade.exchange.check_exchange - INFO - Checking exchange...
2025-08-06 06:51:55,413 - freqtrade.exchange.check_exchange - INFO - Exchange "binance" is officially supported by the Freqtrade development team.
2025-08-06 06:51:55,414 - freqtrade.configuration.configuration - INFO - Using pairlist from configuration.
2025-08-06 06:51:55,414 - freqtrade.exchange.exchange - INFO - Instance is running with dry_run enabled
2025-08-06 06:51:55,415 - freqtrade.exchange.exchange - INFO - Using CCXT 4.4.96
2025-08-06 06:51:55,415 - freqtrade.exchange.exchange - INFO - Applying additional ccxt config: {'options': {'defaultType': 'swap'}}
2025-08-06 06:51:55,422 - freqtrade.exchange.exchange - INFO - Applying additional ccxt config: {'options': {'defaultType': 'swap'}}
2025-08-06 06:51:55,430 - freqtrade.exchange.exchange - INFO - Using Exchange "Binance"
2025-08-06 06:51:56,928 - freqtrade.resolvers.exchange_resolver - INFO - Using resolved exchange 'Binance'...
2025-08-06 06:51:56,935 - freqtrade.resolvers.iresolver - INFO - Using resolved strategy SampleStrategy from '/freqtrade/user_data/strategies/sample_strategy.py'...
2025-08-06 06:51:56,936 - freqtrade.strategy.hyper - INFO - Found no parameter file.
2025-08-06 06:51:56,936 - freqtrade.resolvers.strategy_resolver - INFO - Override strategy 'stake_currency' with value in config file: USDT.
2025-08-06 06:51:56,937 - freqtrade.resolvers.strategy_resolver - INFO - Override strategy 'stake_amount' with value in config file: unlimited.
2025-08-06 06:51:56,937 - freqtrade.resolvers.strategy_resolver - INFO - Override strategy 'unfilledtimeout' with value in config file: {'entry': 10, 'exit': 10, 'exit_timeout_count': 0, 'unit': 'minutes'}.
2025-08-06 06:51:56,937 - freqtrade.resolvers.strategy_resolver - INFO - Override strategy 'max_open_trades' with value in config file: 3.
2025-08-06 06:51:56,937 - freqtrade.resolvers.strategy_resolver - INFO - Strategy using minimal_roi: {'60': 0.01, '30': 0.02, '0': 0.04}
2025-08-06 06:51:56,938 - freqtrade.resolvers.strategy_resolver - INFO - Strategy using timeframe: 5m
2025-08-06 06:51:56,938 - freqtrade.resolvers.strategy_resolver - INFO - Strategy using stoploss: -0.1
2025-08-06 06:51:56,938 - freqtrade.resolvers.strategy_resolver - INFO - Strategy using trailing_stop: False
2025-08-06 06:51:56,938 - freqtrade.resolvers.strategy_resolver - INFO - Strategy using trailing_stop_positive_offset: 0.0
2025-08-06 06:51:56,939 - freqtrade.resolvers.strategy_resolver - INFO - Strategy using trailing_only_offset_is_reached: False
2025-08-06 06:51:56,939 - freqtrade.resolvers.strategy_resolver - INFO - Strategy using use_custom_stoploss: False
2025-08-06 06:51:56,939 - freqtrade.resolvers.strategy_resolver - INFO - Strategy using process_only_new_candles: True
2025-08-06 06:51:56,939 - freqtrade.resolvers.strategy_resolver - INFO - Strategy using order_types: {'entry': 'limit', 'exit': 'limit', 'stoploss': 'market', 'stoploss_on_exchange': False}
2025-08-06 06:51:56,939 - freqtrade.resolvers.strategy_resolver - INFO - Strategy using order_time_in_force: {'entry': 'GTC', 'exit': 'GTC'}
2025-08-06 06:51:56,940 - freqtrade.resolvers.strategy_resolver - INFO - Strategy using stake_currency: USDT
2025-08-06 06:51:56,940 - freqtrade.resolvers.strategy_resolver - INFO - Strategy using stake_amount: unlimited
2025-08-06 06:51:56,940 - freqtrade.resolvers.strategy_resolver - INFO - Strategy using startup_candle_count: 200
2025-08-06 06:51:56,940 - freqtrade.resolvers.strategy_resolver - INFO - Strategy using unfilledtimeout: {'entry': 10, 'exit': 10, 'exit_timeout_count': 0, 'unit': 'minutes'}
2025-08-06 06:51:56,940 - freqtrade.resolvers.strategy_resolver - INFO - Strategy using use_exit_signal: True
2025-08-06 06:51:56,941 - freqtrade.resolvers.strategy_resolver - INFO - Strategy using exit_profit_only: False
2025-08-06 06:51:56,941 - freqtrade.resolvers.strategy_resolver - INFO - Strategy using ignore_roi_if_entry_signal: False
2025-08-06 06:51:56,941 - freqtrade.resolvers.strategy_resolver - INFO - Strategy using exit_profit_offset: 0.0
2025-08-06 06:51:56,941 - freqtrade.resolvers.strategy_resolver - INFO - Strategy using disable_dataframe_checks: False
2025-08-06 06:51:56,941 - freqtrade.resolvers.strategy_resolver - INFO - Strategy using ignore_buying_expired_candle_after: 0
2025-08-06 06:51:56,942 - freqtrade.resolvers.strategy_resolver - INFO - Strategy using position_adjustment_enable: False
2025-08-06 06:51:56,942 - freqtrade.resolvers.strategy_resolver - INFO - Strategy using max_entry_position_adjustment: -1
2025-08-06 06:51:56,942 - freqtrade.resolvers.strategy_resolver - INFO - Strategy using max_open_trades: 3
2025-08-06 06:51:56,942 - freqtrade.configuration.config_validation - INFO - Validating configuration ...
2025-08-06 06:51:56,964 - freqtrade.wallets - INFO - Wallets synced.
2025-08-06 06:51:57,691 - freqtrade - ERROR - No Pairlist Handlers defined
2025-08-06 06:53:00,296 - freqtrade.loggers - INFO - Enabling colorized output.
2025-08-06 06:53:00,296 - freqtrade.loggers - INFO - Logfile configured
2025-08-06 06:53:00,296 - freqtrade.loggers - INFO - Verbosity set to 0
2025-08-06 06:53:00,297 - freqtrade.configuration.configuration - INFO - Runmode set to dry_run.
2025-08-06 06:53:00,297 - freqtrade.configuration.configuration - INFO - Parameter --db-url detected ...
2025-08-06 06:53:00,297 - freqtrade.configuration.configuration - INFO - Dry run is enabled
2025-08-06 06:53:00,297 - freqtrade.configuration.configuration - INFO - Using DB: "sqlite:////freqtrade/user_data/tradesv3.sqlite"
2025-08-06 06:53:00,298 - freqtrade.configuration.configuration - INFO - Using max_open_trades: 3 ...
2025-08-06 06:53:00,309 - freqtrade.configuration.configuration - INFO - Using user-data directory: /freqtrade/user_data ...
2025-08-06 06:53:00,309 - freqtrade.configuration.configuration - INFO - Using data directory: /freqtrade/user_data/data/binance ...
2025-08-06 06:53:00,310 - freqtrade.exchange.check_exchange - INFO - Checking exchange...
2025-08-06 06:53:00,318 - freqtrade.exchange.check_exchange - INFO - Exchange "binance" is officially supported by the Freqtrade development team.
2025-08-06 06:53:00,318 - freqtrade.configuration.configuration - INFO - Using pairlist from configuration.
2025-08-06 06:53:00,318 - freqtrade.exchange.exchange - INFO - Instance is running with dry_run enabled
2025-08-06 06:53:00,319 - freqtrade.exchange.exchange - INFO - Using CCXT 4.4.96
2025-08-06 06:53:00,319 - freqtrade.exchange.exchange - INFO - Applying additional ccxt config: {'options': {'defaultType': 'swap'}}
2025-08-06 06:53:00,325 - freqtrade.exchange.exchange - INFO - Applying additional ccxt config: {'options': {'defaultType': 'swap'}}
2025-08-06 06:53:00,332 - freqtrade.exchange.exchange - INFO - Using Exchange "Binance"
2025-08-06 06:53:02,014 - freqtrade.resolvers.exchange_resolver - INFO - Using resolved exchange 'Binance'...
2025-08-06 06:53:02,022 - freqtrade.resolvers.iresolver - INFO - Using resolved strategy SampleStrategy from '/freqtrade/user_data/strategies/sample_strategy.py'...
2025-08-06 06:53:02,022 - freqtrade.strategy.hyper - INFO - Found no parameter file.
2025-08-06 06:53:02,022 - freqtrade.resolvers.strategy_resolver - INFO - Override strategy 'stake_currency' with value in config file: USDT.
2025-08-06 06:53:02,023 - freqtrade.resolvers.strategy_resolver - INFO - Override strategy 'stake_amount' with value in config file: unlimited.
2025-08-06 06:53:02,023 - freqtrade.resolvers.strategy_resolver - INFO - Override strategy 'unfilledtimeout' with value in config file: {'entry': 10, 'exit': 10, 'exit_timeout_count': 0, 'unit': 'minutes'}.
2025-08-06 06:53:02,023 - freqtrade.resolvers.strategy_resolver - INFO - Override strategy 'max_open_trades' with value in config file: 3.
2025-08-06 06:53:02,023 - freqtrade.resolvers.strategy_resolver - INFO - Strategy using minimal_roi: {'60': 0.01, '30': 0.02, '0': 0.04}
2025-08-06 06:53:02,023 - freqtrade.resolvers.strategy_resolver - INFO - Strategy using timeframe: 5m
2025-08-06 06:53:02,024 - freqtrade.resolvers.strategy_resolver - INFO - Strategy using stoploss: -0.1
2025-08-06 06:53:02,024 - freqtrade.resolvers.strategy_resolver - INFO - Strategy using trailing_stop: False
2025-08-06 06:53:02,024 - freqtrade.resolvers.strategy_resolver - INFO - Strategy using trailing_stop_positive_offset: 0.0
2025-08-06 06:53:02,024 - freqtrade.resolvers.strategy_resolver - INFO - Strategy using trailing_only_offset_is_reached: False
2025-08-06 06:53:02,025 - freqtrade.resolvers.strategy_resolver - INFO - Strategy using use_custom_stoploss: False
2025-08-06 06:53:02,025 - freqtrade.resolvers.strategy_resolver - INFO - Strategy using process_only_new_candles: True
2025-08-06 06:53:02,025 - freqtrade.resolvers.strategy_resolver - INFO - Strategy using order_types: {'entry': 'limit', 'exit': 'limit', 'stoploss': 'market', 'stoploss_on_exchange': False}
2025-08-06 06:53:02,025 - freqtrade.resolvers.strategy_resolver - INFO - Strategy using order_time_in_force: {'entry': 'GTC', 'exit': 'GTC'}
2025-08-06 06:53:02,025 - freqtrade.resolvers.strategy_resolver - INFO - Strategy using stake_currency: USDT
2025-08-06 06:53:02,026 - freqtrade.resolvers.strategy_resolver - INFO - Strategy using stake_amount: unlimited
2025-08-06 06:53:02,026 - freqtrade.resolvers.strategy_resolver - INFO - Strategy using startup_candle_count: 200
2025-08-06 06:53:02,026 - freqtrade.resolvers.strategy_resolver - INFO - Strategy using unfilledtimeout: {'entry': 10, 'exit': 10, 'exit_timeout_count': 0, 'unit': 'minutes'}
2025-08-06 06:53:02,026 - freqtrade.resolvers.strategy_resolver - INFO - Strategy using use_exit_signal: True
2025-08-06 06:53:02,026 - freqtrade.resolvers.strategy_resolver - INFO - Strategy using exit_profit_only: False
2025-08-06 06:53:02,027 - freqtrade.resolvers.strategy_resolver - INFO - Strategy using ignore_roi_if_entry_signal: False
2025-08-06 06:53:02,027 - freqtrade.resolvers.strategy_resolver - INFO - Strategy using exit_profit_offset: 0.0
2025-08-06 06:53:02,027 - freqtrade.resolvers.strategy_resolver - INFO - Strategy using disable_dataframe_checks: False
2025-08-06 06:53:02,027 - freqtrade.resolvers.strategy_resolver - INFO - Strategy using ignore_buying_expired_candle_after: 0
2025-08-06 06:53:02,027 - freqtrade.resolvers.strategy_resolver - INFO - Strategy using position_adjustment_enable: False
2025-08-06 06:53:02,027 - freqtrade.resolvers.strategy_resolver - INFO - Strategy using max_entry_position_adjustment: -1
2025-08-06 06:53:02,028 - freqtrade.resolvers.strategy_resolver - INFO - Strategy using max_open_trades: 3
2025-08-06 06:53:02,028 - freqtrade.configuration.config_validation - INFO - Validating configuration ...
2025-08-06 06:53:02,049 - freqtrade.wallets - INFO - Wallets synced.
2025-08-06 06:53:02,894 - freqtrade - ERROR - No Pairlist Handlers defined
2025-08-06 06:54:05,312 - freqtrade.loggers - INFO - Enabling colorized output.
2025-08-06 06:54:05,312 - freqtrade.loggers - INFO - Logfile configured
2025-08-06 06:54:05,312 - freqtrade.loggers - INFO - Verbosity set to 0
2025-08-06 06:54:05,312 - freqtrade.configuration.configuration - INFO - Runmode set to dry_run.
2025-08-06 06:54:05,313 - freqtrade.configuration.configuration - INFO - Parameter --db-url detected ...
2025-08-06 06:54:05,313 - freqtrade.configuration.configuration - INFO - Dry run is enabled
2025-08-06 06:54:05,313 - freqtrade.configuration.configuration - INFO - Using DB: "sqlite:////freqtrade/user_data/tradesv3.sqlite"
2025-08-06 06:54:05,313 - freqtrade.configuration.configuration - INFO - Using max_open_trades: 3 ...
2025-08-06 06:54:05,323 - freqtrade.configuration.configuration - INFO - Using user-data directory: /freqtrade/user_data ...
2025-08-06 06:54:05,324 - freqtrade.configuration.configuration - INFO - Using data directory: /freqtrade/user_data/data/binance ...
2025-08-06 06:54:05,325 - freqtrade.exchange.check_exchange - INFO - Checking exchange...
2025-08-06 06:54:05,332 - freqtrade.exchange.check_exchange - INFO - Exchange "binance" is officially supported by the Freqtrade development team.
2025-08-06 06:54:05,333 - freqtrade.configuration.configuration - INFO - Using pairlist from configuration.
2025-08-06 06:54:05,333 - freqtrade.exchange.exchange - INFO - Instance is running with dry_run enabled
2025-08-06 06:54:05,333 - freqtrade.exchange.exchange - INFO - Using CCXT 4.4.96
2025-08-06 06:54:05,333 - freqtrade.exchange.exchange - INFO - Applying additional ccxt config: {'options': {'defaultType': 'swap'}}
2025-08-06 06:54:05,339 - freqtrade.exchange.exchange - INFO - Applying additional ccxt config: {'options': {'defaultType': 'swap'}}
2025-08-06 06:54:05,346 - freqtrade.exchange.exchange - INFO - Using Exchange "Binance"
2025-08-06 06:54:06,833 - freqtrade.resolvers.exchange_resolver - INFO - Using resolved exchange 'Binance'...
2025-08-06 06:54:06,841 - freqtrade.resolvers.iresolver - INFO - Using resolved strategy SampleStrategy from '/freqtrade/user_data/strategies/sample_strategy.py'...
2025-08-06 06:54:06,842 - freqtrade.strategy.hyper - INFO - Found no parameter file.
2025-08-06 06:54:06,843 - freqtrade.resolvers.strategy_resolver - INFO - Override strategy 'stake_currency' with value in config file: USDT.
2025-08-06 06:54:06,843 - freqtrade.resolvers.strategy_resolver - INFO - Override strategy 'stake_amount' with value in config file: unlimited.
2025-08-06 06:54:06,843 - freqtrade.resolvers.strategy_resolver - INFO - Override strategy 'unfilledtimeout' with value in config file: {'entry': 10, 'exit': 10, 'exit_timeout_count': 0, 'unit': 'minutes'}.
2025-08-06 06:54:06,843 - freqtrade.resolvers.strategy_resolver - INFO - Override strategy 'max_open_trades' with value in config file: 3.
2025-08-06 06:54:06,844 - freqtrade.resolvers.strategy_resolver - INFO - Strategy using minimal_roi: {'60': 0.01, '30': 0.02, '0': 0.04}
2025-08-06 06:54:06,844 - freqtrade.resolvers.strategy_resolver - INFO - Strategy using timeframe: 5m
2025-08-06 06:54:06,844 - freqtrade.resolvers.strategy_resolver - INFO - Strategy using stoploss: -0.1
2025-08-06 06:54:06,844 - freqtrade.resolvers.strategy_resolver - INFO - Strategy using trailing_stop: False
2025-08-06 06:54:06,845 - freqtrade.resolvers.strategy_resolver - INFO - Strategy using trailing_stop_positive_offset: 0.0
2025-08-06 06:54:06,845 - freqtrade.resolvers.strategy_resolver - INFO - Strategy using trailing_only_offset_is_reached: False
2025-08-06 06:54:06,845 - freqtrade.resolvers.strategy_resolver - INFO - Strategy using use_custom_stoploss: False
2025-08-06 06:54:06,845 - freqtrade.resolvers.strategy_resolver - INFO - Strategy using process_only_new_candles: True
2025-08-06 06:54:06,845 - freqtrade.resolvers.strategy_resolver - INFO - Strategy using order_types: {'entry': 'limit', 'exit': 'limit', 'stoploss': 'market', 'stoploss_on_exchange': False}
2025-08-06 06:54:06,846 - freqtrade.resolvers.strategy_resolver - INFO - Strategy using order_time_in_force: {'entry': 'GTC', 'exit': 'GTC'}
2025-08-06 06:54:06,846 - freqtrade.resolvers.strategy_resolver - INFO - Strategy using stake_currency: USDT
2025-08-06 06:54:06,846 - freqtrade.resolvers.strategy_resolver - INFO - Strategy using stake_amount: unlimited
2025-08-06 06:54:06,846 - freqtrade.resolvers.strategy_resolver - INFO - Strategy using startup_candle_count: 200
2025-08-06 06:54:06,847 - freqtrade.resolvers.strategy_resolver - INFO - Strategy using unfilledtimeout: {'entry': 10, 'exit': 10, 'exit_timeout_count': 0, 'unit': 'minutes'}
2025-08-06 06:54:06,847 - freqtrade.resolvers.strategy_resolver - INFO - Strategy using use_exit_signal: True
2025-08-06 06:54:06,847 - freqtrade.resolvers.strategy_resolver - INFO - Strategy using exit_profit_only: False
2025-08-06 06:54:06,847 - freqtrade.resolvers.strategy_resolver - INFO - Strategy using ignore_roi_if_entry_signal: False
2025-08-06 06:54:06,848 - freqtrade.resolvers.strategy_resolver - INFO - Strategy using exit_profit_offset: 0.0
2025-08-06 06:54:06,848 - freqtrade.resolvers.strategy_resolver - INFO - Strategy using disable_dataframe_checks: False
2025-08-06 06:54:06,848 - freqtrade.resolvers.strategy_resolver - INFO - Strategy using ignore_buying_expired_candle_after: 0
2025-08-06 06:54:06,848 - freqtrade.resolvers.strategy_resolver - INFO - Strategy using position_adjustment_enable: False
2025-08-06 06:54:06,848 - freqtrade.resolvers.strategy_resolver - INFO - Strategy using max_entry_position_adjustment: -1
2025-08-06 06:54:06,849 - freqtrade.resolvers.strategy_resolver - INFO - Strategy using max_open_trades: 3
2025-08-06 06:54:06,849 - freqtrade.configuration.config_validation - INFO - Validating configuration ...
2025-08-06 06:54:06,869 - freqtrade.wallets - INFO - Wallets synced.
2025-08-06 06:54:07,614 - freqtrade - ERROR - No Pairlist Handlers defined
2025-08-06 06:55:10,041 - freqtrade.loggers - INFO - Enabling colorized output.
2025-08-06 06:55:10,042 - freqtrade.loggers - INFO - Logfile configured
2025-08-06 06:55:10,042 - freqtrade.loggers - INFO - Verbosity set to 0
2025-08-06 06:55:10,042 - freqtrade.configuration.configuration - INFO - Runmode set to dry_run.
2025-08-06 06:55:10,043 - freqtrade.configuration.configuration - INFO - Parameter --db-url detected ...
2025-08-06 06:55:10,043 - freqtrade.configuration.configuration - INFO - Dry run is enabled
2025-08-06 06:55:10,043 - freqtrade.configuration.configuration - INFO - Using DB: "sqlite:////freqtrade/user_data/tradesv3.sqlite"
2025-08-06 06:55:10,043 - freqtrade.configuration.configuration - INFO - Using max_open_trades: 3 ...
2025-08-06 06:55:10,053 - freqtrade.configuration.configuration - INFO - Using user-data directory: /freqtrade/user_data ...
2025-08-06 06:55:10,054 - freqtrade.configuration.configuration - INFO - Using data directory: /freqtrade/user_data/data/binance ...
2025-08-06 06:55:10,055 - freqtrade.exchange.check_exchange - INFO - Checking exchange...
2025-08-06 06:55:10,063 - freqtrade.exchange.check_exchange - INFO - Exchange "binance" is officially supported by the Freqtrade development team.
2025-08-06 06:55:10,063 - freqtrade.configuration.configuration - INFO - Using pairlist from configuration.
2025-08-06 06:55:10,064 - freqtrade.exchange.exchange - INFO - Instance is running with dry_run enabled
2025-08-06 06:55:10,064 - freqtrade.exchange.exchange - INFO - Using CCXT 4.4.96
2025-08-06 06:55:10,064 - freqtrade.exchange.exchange - INFO - Applying additional ccxt config: {'options': {'defaultType': 'swap'}}
2025-08-06 06:55:10,070 - freqtrade.exchange.exchange - INFO - Applying additional ccxt config: {'options': {'defaultType': 'swap'}}
2025-08-06 06:55:10,077 - freqtrade.exchange.exchange - INFO - Using Exchange "Binance"
2025-08-06 06:55:11,625 - freqtrade.resolvers.exchange_resolver - INFO - Using resolved exchange 'Binance'...
2025-08-06 06:55:11,633 - freqtrade.resolvers.iresolver - INFO - Using resolved strategy SampleStrategy from '/freqtrade/user_data/strategies/sample_strategy.py'...
2025-08-06 06:55:11,634 - freqtrade.strategy.hyper - INFO - Found no parameter file.
2025-08-06 06:55:11,634 - freqtrade.resolvers.strategy_resolver - INFO - Override strategy 'stake_currency' with value in config file: USDT.
2025-08-06 06:55:11,634 - freqtrade.resolvers.strategy_resolver - INFO - Override strategy 'stake_amount' with value in config file: unlimited.
2025-08-06 06:55:11,635 - freqtrade.resolvers.strategy_resolver - INFO - Override strategy 'unfilledtimeout' with value in config file: {'entry': 10, 'exit': 10, 'exit_timeout_count': 0, 'unit': 'minutes'}.
2025-08-06 06:55:11,635 - freqtrade.resolvers.strategy_resolver - INFO - Override strategy 'max_open_trades' with value in config file: 3.
2025-08-06 06:55:11,635 - freqtrade.resolvers.strategy_resolver - INFO - Strategy using minimal_roi: {'60': 0.01, '30': 0.02, '0': 0.04}
2025-08-06 06:55:11,635 - freqtrade.resolvers.strategy_resolver - INFO - Strategy using timeframe: 5m
2025-08-06 06:55:11,636 - freqtrade.resolvers.strategy_resolver - INFO - Strategy using stoploss: -0.1
2025-08-06 06:55:11,636 - freqtrade.resolvers.strategy_resolver - INFO - Strategy using trailing_stop: False
2025-08-06 06:55:11,636 - freqtrade.resolvers.strategy_resolver - INFO - Strategy using trailing_stop_positive_offset: 0.0
2025-08-06 06:55:11,636 - freqtrade.resolvers.strategy_resolver - INFO - Strategy using trailing_only_offset_is_reached: False
2025-08-06 06:55:11,637 - freqtrade.resolvers.strategy_resolver - INFO - Strategy using use_custom_stoploss: False
2025-08-06 06:55:11,637 - freqtrade.resolvers.strategy_resolver - INFO - Strategy using process_only_new_candles: True
2025-08-06 06:55:11,637 - freqtrade.resolvers.strategy_resolver - INFO - Strategy using order_types: {'entry': 'limit', 'exit': 'limit', 'stoploss': 'market', 'stoploss_on_exchange': False}
2025-08-06 06:55:11,637 - freqtrade.resolvers.strategy_resolver - INFO - Strategy using order_time_in_force: {'entry': 'GTC', 'exit': 'GTC'}
2025-08-06 06:55:11,637 - freqtrade.resolvers.strategy_resolver - INFO - Strategy using stake_currency: USDT
2025-08-06 06:55:11,638 - freqtrade.resolvers.strategy_resolver - INFO - Strategy using stake_amount: unlimited
2025-08-06 06:55:11,638 - freqtrade.resolvers.strategy_resolver - INFO - Strategy using startup_candle_count: 200
2025-08-06 06:55:11,638 - freqtrade.resolvers.strategy_resolver - INFO - Strategy using unfilledtimeout: {'entry': 10, 'exit': 10, 'exit_timeout_count': 0, 'unit': 'minutes'}
2025-08-06 06:55:11,638 - freqtrade.resolvers.strategy_resolver - INFO - Strategy using use_exit_signal: True
2025-08-06 06:55:11,638 - freqtrade.resolvers.strategy_resolver - INFO - Strategy using exit_profit_only: False
2025-08-06 06:55:11,639 - freqtrade.resolvers.strategy_resolver - INFO - Strategy using ignore_roi_if_entry_signal: False
2025-08-06 06:55:11,639 - freqtrade.resolvers.strategy_resolver - INFO - Strategy using exit_profit_offset: 0.0
2025-08-06 06:55:11,639 - freqtrade.resolvers.strategy_resolver - INFO - Strategy using disable_dataframe_checks: False
2025-08-06 06:55:11,639 - freqtrade.resolvers.strategy_resolver - INFO - Strategy using ignore_buying_expired_candle_after: 0
2025-08-06 06:55:11,640 - freqtrade.resolvers.strategy_resolver - INFO - Strategy using position_adjustment_enable: False
2025-08-06 06:55:11,640 - freqtrade.resolvers.strategy_resolver - INFO - Strategy using max_entry_position_adjustment: -1
2025-08-06 06:55:11,640 - freqtrade.resolvers.strategy_resolver - INFO - Strategy using max_open_trades: 3
2025-08-06 06:55:11,640 - freqtrade.configuration.config_validation - INFO - Validating configuration ...
2025-08-06 06:55:11,661 - freqtrade.wallets - INFO - Wallets synced.
2025-08-06 06:55:12,637 - freqtrade - ERROR - No Pairlist Handlers defined
2025-08-06 06:56:14,937 - freqtrade.loggers - INFO - Enabling colorized output.
2025-08-06 06:56:14,937 - freqtrade.loggers - INFO - Logfile configured
2025-08-06 06:56:14,937 - freqtrade.loggers - INFO - Verbosity set to 0
2025-08-06 06:56:14,938 - freqtrade.configuration.configuration - INFO - Runmode set to dry_run.
2025-08-06 06:56:14,938 - freqtrade.configuration.configuration - INFO - Parameter --db-url detected ...
2025-08-06 06:56:14,938 - freqtrade.configuration.configuration - INFO - Dry run is enabled
2025-08-06 06:56:14,938 - freqtrade.configuration.configuration - INFO - Using DB: "sqlite:////freqtrade/user_data/tradesv3.sqlite"
2025-08-06 06:56:14,939 - freqtrade.configuration.configuration - INFO - Using max_open_trades: 3 ...
2025-08-06 06:56:14,948 - freqtrade.configuration.configuration - INFO - Using user-data directory: /freqtrade/user_data ...
2025-08-06 06:56:14,949 - freqtrade.configuration.configuration - INFO - Using data directory: /freqtrade/user_data/data/binance ...
2025-08-06 06:56:14,949 - freqtrade.exchange.check_exchange - INFO - Checking exchange...
2025-08-06 06:56:14,957 - freqtrade.exchange.check_exchange - INFO - Exchange "binance" is officially supported by the Freqtrade development team.
2025-08-06 06:56:14,957 - freqtrade.configuration.configuration - INFO - Using pairlist from configuration.
2025-08-06 06:56:14,958 - freqtrade.exchange.exchange - INFO - Instance is running with dry_run enabled
2025-08-06 06:56:14,958 - freqtrade.exchange.exchange - INFO - Using CCXT 4.4.96
2025-08-06 06:56:14,958 - freqtrade.exchange.exchange - INFO - Applying additional ccxt config: {'options': {'defaultType': 'swap'}}
2025-08-06 06:56:14,964 - freqtrade.exchange.exchange - INFO - Applying additional ccxt config: {'options': {'defaultType': 'swap'}}
2025-08-06 06:56:14,971 - freqtrade.exchange.exchange - INFO - Using Exchange "Binance"
2025-08-06 06:56:16,407 - freqtrade.resolvers.exchange_resolver - INFO - Using resolved exchange 'Binance'...
2025-08-06 06:56:16,415 - freqtrade.resolvers.iresolver - INFO - Using resolved strategy SampleStrategy from '/freqtrade/user_data/strategies/sample_strategy.py'...
2025-08-06 06:56:16,415 - freqtrade.strategy.hyper - INFO - Found no parameter file.
2025-08-06 06:56:16,415 - freqtrade.resolvers.strategy_resolver - INFO - Override strategy 'stake_currency' with value in config file: USDT.
2025-08-06 06:56:16,416 - freqtrade.resolvers.strategy_resolver - INFO - Override strategy 'stake_amount' with value in config file: unlimited.
2025-08-06 06:56:16,416 - freqtrade.resolvers.strategy_resolver - INFO - Override strategy 'unfilledtimeout' with value in config file: {'entry': 10, 'exit': 10, 'exit_timeout_count': 0, 'unit': 'minutes'}.
2025-08-06 06:56:16,416 - freqtrade.resolvers.strategy_resolver - INFO - Override strategy 'max_open_trades' with value in config file: 3.
2025-08-06 06:56:16,416 - freqtrade.resolvers.strategy_resolver - INFO - Strategy using minimal_roi: {'60': 0.01, '30': 0.02, '0': 0.04}
2025-08-06 06:56:16,417 - freqtrade.resolvers.strategy_resolver - INFO - Strategy using timeframe: 5m
2025-08-06 06:56:16,417 - freqtrade.resolvers.strategy_resolver - INFO - Strategy using stoploss: -0.1
2025-08-06 06:56:16,417 - freqtrade.resolvers.strategy_resolver - INFO - Strategy using trailing_stop: False
2025-08-06 06:56:16,417 - freqtrade.resolvers.strategy_resolver - INFO - Strategy using trailing_stop_positive_offset: 0.0
2025-08-06 06:56:16,417 - freqtrade.resolvers.strategy_resolver - INFO - Strategy using trailing_only_offset_is_reached: False
2025-08-06 06:56:16,418 - freqtrade.resolvers.strategy_resolver - INFO - Strategy using use_custom_stoploss: False
2025-08-06 06:56:16,418 - freqtrade.resolvers.strategy_resolver - INFO - Strategy using process_only_new_candles: True
2025-08-06 06:56:16,418 - freqtrade.resolvers.strategy_resolver - INFO - Strategy using order_types: {'entry': 'limit', 'exit': 'limit', 'stoploss': 'market', 'stoploss_on_exchange': False}
2025-08-06 06:56:16,418 - freqtrade.resolvers.strategy_resolver - INFO - Strategy using order_time_in_force: {'entry': 'GTC', 'exit': 'GTC'}
2025-08-06 06:56:16,418 - freqtrade.resolvers.strategy_resolver - INFO - Strategy using stake_currency: USDT
2025-08-06 06:56:16,419 - freqtrade.resolvers.strategy_resolver - INFO - Strategy using stake_amount: unlimited
2025-08-06 06:56:16,419 - freqtrade.resolvers.strategy_resolver - INFO - Strategy using startup_candle_count: 200
2025-08-06 06:56:16,419 - freqtrade.resolvers.strategy_resolver - INFO - Strategy using unfilledtimeout: {'entry': 10, 'exit': 10, 'exit_timeout_count': 0, 'unit': 'minutes'}
2025-08-06 06:56:16,419 - freqtrade.resolvers.strategy_resolver - INFO - Strategy using use_exit_signal: True
2025-08-06 06:56:16,420 - freqtrade.resolvers.strategy_resolver - INFO - Strategy using exit_profit_only: False
2025-08-06 06:56:16,420 - freqtrade.resolvers.strategy_resolver - INFO - Strategy using ignore_roi_if_entry_signal: False
2025-08-06 06:56:16,420 - freqtrade.resolvers.strategy_resolver - INFO - Strategy using exit_profit_offset: 0.0
2025-08-06 06:56:16,420 - freqtrade.resolvers.strategy_resolver - INFO - Strategy using disable_dataframe_checks: False
2025-08-06 06:56:16,421 - freqtrade.resolvers.strategy_resolver - INFO - Strategy using ignore_buying_expired_candle_after: 0
2025-08-06 06:56:16,421 - freqtrade.resolvers.strategy_resolver - INFO - Strategy using position_adjustment_enable: False
2025-08-06 06:56:16,421 - freqtrade.resolvers.strategy_resolver - INFO - Strategy using max_entry_position_adjustment: -1
2025-08-06 06:56:16,421 - freqtrade.resolvers.strategy_resolver - INFO - Strategy using max_open_trades: 3
2025-08-06 06:56:16,422 - freqtrade.configuration.config_validation - INFO - Validating configuration ...
2025-08-06 06:56:16,443 - freqtrade.wallets - INFO - Wallets synced.
2025-08-06 06:56:17,166 - freqtrade - ERROR - No Pairlist Handlers defined
2025-08-06 06:57:19,438 - freqtrade.loggers - INFO - Enabling colorized output.
2025-08-06 06:57:19,438 - freqtrade.loggers - INFO - Logfile configured
2025-08-06 06:57:19,439 - freqtrade.loggers - INFO - Verbosity set to 0
2025-08-06 06:57:19,439 - freqtrade.configuration.configuration - INFO - Runmode set to dry_run.
2025-08-06 06:57:19,439 - freqtrade.configuration.configuration - INFO - Parameter --db-url detected ...
2025-08-06 06:57:19,439 - freqtrade.configuration.configuration - INFO - Dry run is enabled
2025-08-06 06:57:19,440 - freqtrade.configuration.configuration - INFO - Using DB: "sqlite:////freqtrade/user_data/tradesv3.sqlite"
2025-08-06 06:57:19,440 - freqtrade.configuration.configuration - INFO - Using max_open_trades: 3 ...
2025-08-06 06:57:19,450 - freqtrade.configuration.configuration - INFO - Using user-data directory: /freqtrade/user_data ...
2025-08-06 06:57:19,450 - freqtrade.configuration.configuration - INFO - Using data directory: /freqtrade/user_data/data/binance ...
2025-08-06 06:57:19,451 - freqtrade.exchange.check_exchange - INFO - Checking exchange...
2025-08-06 06:57:19,459 - freqtrade.exchange.check_exchange - INFO - Exchange "binance" is officially supported by the Freqtrade development team.
2025-08-06 06:57:19,459 - freqtrade.configuration.configuration - INFO - Using pairlist from configuration.
2025-08-06 06:57:19,460 - freqtrade.exchange.exchange - INFO - Instance is running with dry_run enabled
2025-08-06 06:57:19,460 - freqtrade.exchange.exchange - INFO - Using CCXT 4.4.96
2025-08-06 06:57:19,460 - freqtrade.exchange.exchange - INFO - Applying additional ccxt config: {'options': {'defaultType': 'swap'}}
2025-08-06 06:57:19,466 - freqtrade.exchange.exchange - INFO - Applying additional ccxt config: {'options': {'defaultType': 'swap'}}
2025-08-06 06:57:19,474 - freqtrade.exchange.exchange - INFO - Using Exchange "Binance"
2025-08-06 06:57:20,928 - freqtrade.resolvers.exchange_resolver - INFO - Using resolved exchange 'Binance'...
2025-08-06 06:57:20,935 - freqtrade.resolvers.iresolver - INFO - Using resolved strategy SampleStrategy from '/freqtrade/user_data/strategies/sample_strategy.py'...
2025-08-06 06:57:20,935 - freqtrade.strategy.hyper - INFO - Found no parameter file.
2025-08-06 06:57:20,935 - freqtrade.resolvers.strategy_resolver - INFO - Override strategy 'stake_currency' with value in config file: USDT.
2025-08-06 06:57:20,936 - freqtrade.resolvers.strategy_resolver - INFO - Override strategy 'stake_amount' with value in config file: unlimited.
2025-08-06 06:57:20,936 - freqtrade.resolvers.strategy_resolver - INFO - Override strategy 'unfilledtimeout' with value in config file: {'entry': 10, 'exit': 10, 'exit_timeout_count': 0, 'unit': 'minutes'}.
2025-08-06 06:57:20,936 - freqtrade.resolvers.strategy_resolver - INFO - Override strategy 'max_open_trades' with value in config file: 3.
2025-08-06 06:57:20,936 - freqtrade.resolvers.strategy_resolver - INFO - Strategy using minimal_roi: {'60': 0.01, '30': 0.02, '0': 0.04}
2025-08-06 06:57:20,937 - freqtrade.resolvers.strategy_resolver - INFO - Strategy using timeframe: 5m
2025-08-06 06:57:20,937 - freqtrade.resolvers.strategy_resolver - INFO - Strategy using stoploss: -0.1
2025-08-06 06:57:20,937 - freqtrade.resolvers.strategy_resolver - INFO - Strategy using trailing_stop: False
2025-08-06 06:57:20,937 - freqtrade.resolvers.strategy_resolver - INFO - Strategy using trailing_stop_positive_offset: 0.0
2025-08-06 06:57:20,938 - freqtrade.resolvers.strategy_resolver - INFO - Strategy using trailing_only_offset_is_reached: False
2025-08-06 06:57:20,938 - freqtrade.resolvers.strategy_resolver - INFO - Strategy using use_custom_stoploss: False
2025-08-06 06:57:20,938 - freqtrade.resolvers.strategy_resolver - INFO - Strategy using process_only_new_candles: True
2025-08-06 06:57:20,938 - freqtrade.resolvers.strategy_resolver - INFO - Strategy using order_types: {'entry': 'limit', 'exit': 'limit', 'stoploss': 'market', 'stoploss_on_exchange': False}
2025-08-06 06:57:20,938 - freqtrade.resolvers.strategy_resolver - INFO - Strategy using order_time_in_force: {'entry': 'GTC', 'exit': 'GTC'}
2025-08-06 06:57:20,939 - freqtrade.resolvers.strategy_resolver - INFO - Strategy using stake_currency: USDT
2025-08-06 06:57:20,939 - freqtrade.resolvers.strategy_resolver - INFO - Strategy using stake_amount: unlimited
2025-08-06 06:57:20,939 - freqtrade.resolvers.strategy_resolver - INFO - Strategy using startup_candle_count: 200
2025-08-06 06:57:20,939 - freqtrade.resolvers.strategy_resolver - INFO - Strategy using unfilledtimeout: {'entry': 10, 'exit': 10, 'exit_timeout_count': 0, 'unit': 'minutes'}
2025-08-06 06:57:20,939 - freqtrade.resolvers.strategy_resolver - INFO - Strategy using use_exit_signal: True
2025-08-06 06:57:20,940 - freqtrade.resolvers.strategy_resolver - INFO - Strategy using exit_profit_only: False
2025-08-06 06:57:20,940 - freqtrade.resolvers.strategy_resolver - INFO - Strategy using ignore_roi_if_entry_signal: False
2025-08-06 06:57:20,940 - freqtrade.resolvers.strategy_resolver - INFO - Strategy using exit_profit_offset: 0.0
2025-08-06 06:57:20,940 - freqtrade.resolvers.strategy_resolver - INFO - Strategy using disable_dataframe_checks: False
2025-08-06 06:57:20,940 - freqtrade.resolvers.strategy_resolver - INFO - Strategy using ignore_buying_expired_candle_after: 0
2025-08-06 06:57:20,941 - freqtrade.resolvers.strategy_resolver - INFO - Strategy using position_adjustment_enable: False
2025-08-06 06:57:20,941 - freqtrade.resolvers.strategy_resolver - INFO - Strategy using max_entry_position_adjustment: -1
2025-08-06 06:57:20,941 - freqtrade.resolvers.strategy_resolver - INFO - Strategy using max_open_trades: 3
2025-08-06 06:57:20,941 - freqtrade.configuration.config_validation - INFO - Validating configuration ...
2025-08-06 06:57:20,959 - freqtrade.wallets - INFO - Wallets synced.
2025-08-06 06:57:21,784 - freqtrade - ERROR - No Pairlist Handlers defined
2025-08-06 06:58:24,190 - freqtrade.loggers - INFO - Enabling colorized output.
2025-08-06 06:58:24,191 - freqtrade.loggers - INFO - Logfile configured
2025-08-06 06:58:24,191 - freqtrade.loggers - INFO - Verbosity set to 0
2025-08-06 06:58:24,191 - freqtrade.configuration.configuration - INFO - Runmode set to dry_run.
2025-08-06 06:58:24,191 - freqtrade.configuration.configuration - INFO - Parameter --db-url detected ...
2025-08-06 06:58:24,192 - freqtrade.configuration.configuration - INFO - Dry run is enabled
2025-08-06 06:58:24,192 - freqtrade.configuration.configuration - INFO - Using DB: "sqlite:////freqtrade/user_data/tradesv3.sqlite"
2025-08-06 06:58:24,192 - freqtrade.configuration.configuration - INFO - Using max_open_trades: 3 ...
2025-08-06 06:58:24,202 - freqtrade.configuration.configuration - INFO - Using user-data directory: /freqtrade/user_data ...
2025-08-06 06:58:24,203 - freqtrade.configuration.configuration - INFO - Using data directory: /freqtrade/user_data/data/binance ...
2025-08-06 06:58:24,204 - freqtrade.exchange.check_exchange - INFO - Checking exchange...
2025-08-06 06:58:24,211 - freqtrade.exchange.check_exchange - INFO - Exchange "binance" is officially supported by the Freqtrade development team.
2025-08-06 06:58:24,212 - freqtrade.configuration.configuration - INFO - Using pairlist from configuration.
2025-08-06 06:58:24,212 - freqtrade.exchange.exchange - INFO - Instance is running with dry_run enabled
2025-08-06 06:58:24,212 - freqtrade.exchange.exchange - INFO - Using CCXT 4.4.96
2025-08-06 06:58:24,212 - freqtrade.exchange.exchange - INFO - Applying additional ccxt config: {'options': {'defaultType': 'swap'}}
2025-08-06 06:58:24,218 - freqtrade.exchange.exchange - INFO - Applying additional ccxt config: {'options': {'defaultType': 'swap'}}
2025-08-06 06:58:24,225 - freqtrade.exchange.exchange - INFO - Using Exchange "Binance"
2025-08-06 06:58:25,658 - freqtrade.resolvers.exchange_resolver - INFO - Using resolved exchange 'Binance'...
2025-08-06 06:58:25,667 - freqtrade.resolvers.iresolver - INFO - Using resolved strategy SampleStrategy from '/freqtrade/user_data/strategies/sample_strategy.py'...
2025-08-06 06:58:25,668 - freqtrade.strategy.hyper - INFO - Found no parameter file.
2025-08-06 06:58:25,669 - freqtrade.resolvers.strategy_resolver - INFO - Override strategy 'stake_currency' with value in config file: USDT.
2025-08-06 06:58:25,669 - freqtrade.resolvers.strategy_resolver - INFO - Override strategy 'stake_amount' with value in config file: unlimited.
2025-08-06 06:58:25,669 - freqtrade.resolvers.strategy_resolver - INFO - Override strategy 'unfilledtimeout' with value in config file: {'entry': 10, 'exit': 10, 'exit_timeout_count': 0, 'unit': 'minutes'}.
2025-08-06 06:58:25,669 - freqtrade.resolvers.strategy_resolver - INFO - Override strategy 'max_open_trades' with value in config file: 3.
2025-08-06 06:58:25,670 - freqtrade.resolvers.strategy_resolver - INFO - Strategy using minimal_roi: {'60': 0.01, '30': 0.02, '0': 0.04}
2025-08-06 06:58:25,670 - freqtrade.resolvers.strategy_resolver - INFO - Strategy using timeframe: 5m
2025-08-06 06:58:25,670 - freqtrade.resolvers.strategy_resolver - INFO - Strategy using stoploss: -0.1
2025-08-06 06:58:25,670 - freqtrade.resolvers.strategy_resolver - INFO - Strategy using trailing_stop: False
2025-08-06 06:58:25,671 - freqtrade.resolvers.strategy_resolver - INFO - Strategy using trailing_stop_positive_offset: 0.0
2025-08-06 06:58:25,671 - freqtrade.resolvers.strategy_resolver - INFO - Strategy using trailing_only_offset_is_reached: False
2025-08-06 06:58:25,671 - freqtrade.resolvers.strategy_resolver - INFO - Strategy using use_custom_stoploss: False
2025-08-06 06:58:25,671 - freqtrade.resolvers.strategy_resolver - INFO - Strategy using process_only_new_candles: True
2025-08-06 06:58:25,672 - freqtrade.resolvers.strategy_resolver - INFO - Strategy using order_types: {'entry': 'limit', 'exit': 'limit', 'stoploss': 'market', 'stoploss_on_exchange': False}
2025-08-06 06:58:25,672 - freqtrade.resolvers.strategy_resolver - INFO - Strategy using order_time_in_force: {'entry': 'GTC', 'exit': 'GTC'}
2025-08-06 06:58:25,672 - freqtrade.resolvers.strategy_resolver - INFO - Strategy using stake_currency: USDT
2025-08-06 06:58:25,672 - freqtrade.resolvers.strategy_resolver - INFO - Strategy using stake_amount: unlimited
2025-08-06 06:58:25,672 - freqtrade.resolvers.strategy_resolver - INFO - Strategy using startup_candle_count: 200
2025-08-06 06:58:25,673 - freqtrade.resolvers.strategy_resolver - INFO - Strategy using unfilledtimeout: {'entry': 10, 'exit': 10, 'exit_timeout_count': 0, 'unit': 'minutes'}
2025-08-06 06:58:25,673 - freqtrade.resolvers.strategy_resolver - INFO - Strategy using use_exit_signal: True
2025-08-06 06:58:25,673 - freqtrade.resolvers.strategy_resolver - INFO - Strategy using exit_profit_only: False
2025-08-06 06:58:25,673 - freqtrade.resolvers.strategy_resolver - INFO - Strategy using ignore_roi_if_entry_signal: False
2025-08-06 06:58:25,674 - freqtrade.resolvers.strategy_resolver - INFO - Strategy using exit_profit_offset: 0.0
2025-08-06 06:58:25,674 - freqtrade.resolvers.strategy_resolver - INFO - Strategy using disable_dataframe_checks: False
2025-08-06 06:58:25,674 - freqtrade.resolvers.strategy_resolver - INFO - Strategy using ignore_buying_expired_candle_after: 0
2025-08-06 06:58:25,674 - freqtrade.resolvers.strategy_resolver - INFO - Strategy using position_adjustment_enable: False
2025-08-06 06:58:25,675 - freqtrade.resolvers.strategy_resolver - INFO - Strategy using max_entry_position_adjustment: -1
2025-08-06 06:58:25,675 - freqtrade.resolvers.strategy_resolver - INFO - Strategy using max_open_trades: 3
2025-08-06 06:58:25,675 - freqtrade.configuration.config_validation - INFO - Validating configuration ...
2025-08-06 06:58:25,696 - freqtrade.wallets - INFO - Wallets synced.
2025-08-06 06:58:26,499 - freqtrade - ERROR - No Pairlist Handlers defined
2025-08-06 06:59:29,677 - freqtrade.loggers - INFO - Enabling colorized output.
2025-08-06 06:59:29,677 - freqtrade.loggers - INFO - Logfile configured
2025-08-06 06:59:29,678 - freqtrade.loggers - INFO - Verbosity set to 0
2025-08-06 06:59:29,678 - freqtrade.configuration.configuration - INFO - Runmode set to dry_run.
2025-08-06 06:59:29,678 - freqtrade.configuration.configuration - INFO - Parameter --db-url detected ...
2025-08-06 06:59:29,679 - freqtrade.configuration.configuration - INFO - Dry run is enabled
2025-08-06 06:59:29,679 - freqtrade.configuration.configuration - INFO - Using DB: "sqlite:////freqtrade/user_data/tradesv3.sqlite"
2025-08-06 06:59:29,679 - freqtrade.configuration.configuration - INFO - Using max_open_trades: 3 ...
2025-08-06 06:59:29,693 - freqtrade.configuration.configuration - INFO - Using user-data directory: /freqtrade/user_data ...
2025-08-06 06:59:29,693 - freqtrade.configuration.configuration - INFO - Using data directory: /freqtrade/user_data/data/binance ...
2025-08-06 06:59:29,694 - freqtrade.exchange.check_exchange - INFO - Checking exchange...
2025-08-06 06:59:29,703 - freqtrade.exchange.check_exchange - INFO - Exchange "binance" is officially supported by the Freqtrade development team.
2025-08-06 06:59:29,703 - freqtrade.configuration.configuration - INFO - Using pairlist from configuration.
2025-08-06 06:59:29,704 - freqtrade.exchange.exchange - INFO - Instance is running with dry_run enabled
2025-08-06 06:59:29,705 - freqtrade.exchange.exchange - INFO - Using CCXT 4.4.96
2025-08-06 06:59:29,705 - freqtrade.exchange.exchange - INFO - Applying additional ccxt config: {'options': {'defaultType': 'swap'}}
2025-08-06 06:59:29,712 - freqtrade.exchange.exchange - INFO - Applying additional ccxt config: {'options': {'defaultType': 'swap'}}
2025-08-06 06:59:29,722 - freqtrade.exchange.exchange - INFO - Using Exchange "Binance"
2025-08-06 06:59:31,300 - freqtrade.resolvers.exchange_resolver - INFO - Using resolved exchange 'Binance'...
2025-08-06 06:59:31,311 - freqtrade.resolvers.iresolver - INFO - Using resolved strategy SampleStrategy from '/freqtrade/user_data/strategies/sample_strategy.py'...
2025-08-06 06:59:31,311 - freqtrade.strategy.hyper - INFO - Found no parameter file.
2025-08-06 06:59:31,312 - freqtrade.resolvers.strategy_resolver - INFO - Override strategy 'stake_currency' with value in config file: USDT.
2025-08-06 06:59:31,312 - freqtrade.resolvers.strategy_resolver - INFO - Override strategy 'stake_amount' with value in config file: unlimited.
2025-08-06 06:59:31,312 - freqtrade.resolvers.strategy_resolver - INFO - Override strategy 'unfilledtimeout' with value in config file: {'entry': 10, 'exit': 10, 'exit_timeout_count': 0, 'unit': 'minutes'}.
2025-08-06 06:59:31,313 - freqtrade.resolvers.strategy_resolver - INFO - Override strategy 'max_open_trades' with value in config file: 3.
2025-08-06 06:59:31,313 - freqtrade.resolvers.strategy_resolver - INFO - Strategy using minimal_roi: {'60': 0.01, '30': 0.02, '0': 0.04}
2025-08-06 06:59:31,313 - freqtrade.resolvers.strategy_resolver - INFO - Strategy using timeframe: 5m
2025-08-06 06:59:31,314 - freqtrade.resolvers.strategy_resolver - INFO - Strategy using stoploss: -0.1
2025-08-06 06:59:31,314 - freqtrade.resolvers.strategy_resolver - INFO - Strategy using trailing_stop: False
2025-08-06 06:59:31,314 - freqtrade.resolvers.strategy_resolver - INFO - Strategy using trailing_stop_positive_offset: 0.0
2025-08-06 06:59:31,315 - freqtrade.resolvers.strategy_resolver - INFO - Strategy using trailing_only_offset_is_reached: False
2025-08-06 06:59:31,316 - freqtrade.resolvers.strategy_resolver - INFO - Strategy using use_custom_stoploss: False
2025-08-06 06:59:31,316 - freqtrade.resolvers.strategy_resolver - INFO - Strategy using process_only_new_candles: True
2025-08-06 06:59:31,317 - freqtrade.resolvers.strategy_resolver - INFO - Strategy using order_types: {'entry': 'limit', 'exit': 'limit', 'stoploss': 'market', 'stoploss_on_exchange': False}
2025-08-06 06:59:31,317 - freqtrade.resolvers.strategy_resolver - INFO - Strategy using order_time_in_force: {'entry': 'GTC', 'exit': 'GTC'}
2025-08-06 06:59:31,317 - freqtrade.resolvers.strategy_resolver - INFO - Strategy using stake_currency: USDT
2025-08-06 06:59:31,317 - freqtrade.resolvers.strategy_resolver - INFO - Strategy using stake_amount: unlimited
2025-08-06 06:59:31,318 - freqtrade.resolvers.strategy_resolver - INFO - Strategy using startup_candle_count: 200
2025-08-06 06:59:31,318 - freqtrade.resolvers.strategy_resolver - INFO - Strategy using unfilledtimeout: {'entry': 10, 'exit': 10, 'exit_timeout_count': 0, 'unit': 'minutes'}
2025-08-06 06:59:31,318 - freqtrade.resolvers.strategy_resolver - INFO - Strategy using use_exit_signal: True
2025-08-06 06:59:31,318 - freqtrade.resolvers.strategy_resolver - INFO - Strategy using exit_profit_only: False
2025-08-06 06:59:31,319 - freqtrade.resolvers.strategy_resolver - INFO - Strategy using ignore_roi_if_entry_signal: False
2025-08-06 06:59:31,319 - freqtrade.resolvers.strategy_resolver - INFO - Strategy using exit_profit_offset: 0.0
2025-08-06 06:59:31,319 - freqtrade.resolvers.strategy_resolver - INFO - Strategy using disable_dataframe_checks: False
2025-08-06 06:59:31,319 - freqtrade.resolvers.strategy_resolver - INFO - Strategy using ignore_buying_expired_candle_after: 0
2025-08-06 06:59:31,320 - freqtrade.resolvers.strategy_resolver - INFO - Strategy using position_adjustment_enable: False
2025-08-06 06:59:31,320 - freqtrade.resolvers.strategy_resolver - INFO - Strategy using max_entry_position_adjustment: -1
2025-08-06 06:59:31,320 - freqtrade.resolvers.strategy_resolver - INFO - Strategy using max_open_trades: 3
2025-08-06 06:59:31,320 - freqtrade.configuration.config_validation - INFO - Validating configuration ...
2025-08-06 06:59:31,347 - freqtrade.wallets - INFO - Wallets synced.
2025-08-06 06:59:32,120 - freqtrade - ERROR - No Pairlist Handlers defined
2025-08-06 07:00:34,817 - freqtrade.loggers - INFO - Enabling colorized output.
2025-08-06 07:00:34,817 - freqtrade.loggers - INFO - Logfile configured
2025-08-06 07:00:34,818 - freqtrade.loggers - INFO - Verbosity set to 0
2025-08-06 07:00:34,818 - freqtrade.configuration.configuration - INFO - Runmode set to dry_run.
2025-08-06 07:00:34,818 - freqtrade.configuration.configuration - INFO - Parameter --db-url detected ...
2025-08-06 07:00:34,818 - freqtrade.configuration.configuration - INFO - Dry run is enabled
2025-08-06 07:00:34,819 - freqtrade.configuration.configuration - INFO - Using DB: "sqlite:////freqtrade/user_data/tradesv3.sqlite"
2025-08-06 07:00:34,819 - freqtrade.configuration.configuration - INFO - Using max_open_trades: 3 ...
2025-08-06 07:00:34,829 - freqtrade.configuration.configuration - INFO - Using user-data directory: /freqtrade/user_data ...
2025-08-06 07:00:34,829 - freqtrade.configuration.configuration - INFO - Using data directory: /freqtrade/user_data/data/binance ...
2025-08-06 07:00:34,830 - freqtrade.exchange.check_exchange - INFO - Checking exchange...
2025-08-06 07:00:34,838 - freqtrade.exchange.check_exchange - INFO - Exchange "binance" is officially supported by the Freqtrade development team.
2025-08-06 07:00:34,838 - freqtrade.configuration.configuration - INFO - Using pairlist from configuration.
2025-08-06 07:00:34,839 - freqtrade.exchange.exchange - INFO - Instance is running with dry_run enabled
2025-08-06 07:00:34,839 - freqtrade.exchange.exchange - INFO - Using CCXT 4.4.96
2025-08-06 07:00:34,839 - freqtrade.exchange.exchange - INFO - Applying additional ccxt config: {'options': {'defaultType': 'swap'}}
2025-08-06 07:00:34,845 - freqtrade.exchange.exchange - INFO - Applying additional ccxt config: {'options': {'defaultType': 'swap'}}
2025-08-06 07:00:34,852 - freqtrade.exchange.exchange - INFO - Using Exchange "Binance"
2025-08-06 07:00:36,366 - freqtrade.resolvers.exchange_resolver - INFO - Using resolved exchange 'Binance'...
2025-08-06 07:00:36,373 - freqtrade.resolvers.iresolver - INFO - Using resolved strategy SampleStrategy from '/freqtrade/user_data/strategies/sample_strategy.py'...
2025-08-06 07:00:36,374 - freqtrade.strategy.hyper - INFO - Found no parameter file.
2025-08-06 07:00:36,374 - freqtrade.resolvers.strategy_resolver - INFO - Override strategy 'stake_currency' with value in config file: USDT.
2025-08-06 07:00:36,374 - freqtrade.resolvers.strategy_resolver - INFO - Override strategy 'stake_amount' with value in config file: unlimited.
2025-08-06 07:00:36,375 - freqtrade.resolvers.strategy_resolver - INFO - Override strategy 'unfilledtimeout' with value in config file: {'entry': 10, 'exit': 10, 'exit_timeout_count': 0, 'unit': 'minutes'}.
2025-08-06 07:00:36,375 - freqtrade.resolvers.strategy_resolver - INFO - Override strategy 'max_open_trades' with value in config file: 3.
2025-08-06 07:00:36,375 - freqtrade.resolvers.strategy_resolver - INFO - Strategy using minimal_roi: {'60': 0.01, '30': 0.02, '0': 0.04}
2025-08-06 07:00:36,375 - freqtrade.resolvers.strategy_resolver - INFO - Strategy using timeframe: 5m
2025-08-06 07:00:36,376 - freqtrade.resolvers.strategy_resolver - INFO - Strategy using stoploss: -0.1
2025-08-06 07:00:36,376 - freqtrade.resolvers.strategy_resolver - INFO - Strategy using trailing_stop: False
2025-08-06 07:00:36,376 - freqtrade.resolvers.strategy_resolver - INFO - Strategy using trailing_stop_positive_offset: 0.0
2025-08-06 07:00:36,376 - freqtrade.resolvers.strategy_resolver - INFO - Strategy using trailing_only_offset_is_reached: False
2025-08-06 07:00:36,376 - freqtrade.resolvers.strategy_resolver - INFO - Strategy using use_custom_stoploss: False
2025-08-06 07:00:36,377 - freqtrade.resolvers.strategy_resolver - INFO - Strategy using process_only_new_candles: True
2025-08-06 07:00:36,377 - freqtrade.resolvers.strategy_resolver - INFO - Strategy using order_types: {'entry': 'limit', 'exit': 'limit', 'stoploss': 'market', 'stoploss_on_exchange': False}
2025-08-06 07:00:36,377 - freqtrade.resolvers.strategy_resolver - INFO - Strategy using order_time_in_force: {'entry': 'GTC', 'exit': 'GTC'}
2025-08-06 07:00:36,377 - freqtrade.resolvers.strategy_resolver - INFO - Strategy using stake_currency: USDT
2025-08-06 07:00:36,377 - freqtrade.resolvers.strategy_resolver - INFO - Strategy using stake_amount: unlimited
2025-08-06 07:00:36,378 - freqtrade.resolvers.strategy_resolver - INFO - Strategy using startup_candle_count: 200
2025-08-06 07:00:36,378 - freqtrade.resolvers.strategy_resolver - INFO - Strategy using unfilledtimeout: {'entry': 10, 'exit': 10, 'exit_timeout_count': 0, 'unit': 'minutes'}
2025-08-06 07:00:36,378 - freqtrade.resolvers.strategy_resolver - INFO - Strategy using use_exit_signal: True
2025-08-06 07:00:36,378 - freqtrade.resolvers.strategy_resolver - INFO - Strategy using exit_profit_only: False
2025-08-06 07:00:36,378 - freqtrade.resolvers.strategy_resolver - INFO - Strategy using ignore_roi_if_entry_signal: False
2025-08-06 07:00:36,379 - freqtrade.resolvers.strategy_resolver - INFO - Strategy using exit_profit_offset: 0.0
2025-08-06 07:00:36,379 - freqtrade.resolvers.strategy_resolver - INFO - Strategy using disable_dataframe_checks: False
2025-08-06 07:00:36,379 - freqtrade.resolvers.strategy_resolver - INFO - Strategy using ignore_buying_expired_candle_after: 0
2025-08-06 07:00:36,379 - freqtrade.resolvers.strategy_resolver - INFO - Strategy using position_adjustment_enable: False
2025-08-06 07:00:36,380 - freqtrade.resolvers.strategy_resolver - INFO - Strategy using max_entry_position_adjustment: -1
2025-08-06 07:00:36,380 - freqtrade.resolvers.strategy_resolver - INFO - Strategy using max_open_trades: 3
2025-08-06 07:00:36,380 - freqtrade.configuration.config_validation - INFO - Validating configuration ...
2025-08-06 07:00:36,399 - freqtrade.wallets - INFO - Wallets synced.
2025-08-06 07:00:37,124 - freqtrade - ERROR - No Pairlist Handlers defined
2025-08-06 07:01:39,460 - freqtrade.loggers - INFO - Enabling colorized output.
2025-08-06 07:01:39,460 - freqtrade.loggers - INFO - Logfile configured
2025-08-06 07:01:39,460 - freqtrade.loggers - INFO - Verbosity set to 0
2025-08-06 07:01:39,461 - freqtrade.configuration.configuration - INFO - Runmode set to dry_run.
2025-08-06 07:01:39,461 - freqtrade.configuration.configuration - INFO - Parameter --db-url detected ...
2025-08-06 07:01:39,461 - freqtrade.configuration.configuration - INFO - Dry run is enabled
2025-08-06 07:01:39,461 - freqtrade.configuration.configuration - INFO - Using DB: "sqlite:////freqtrade/user_data/tradesv3.sqlite"
2025-08-06 07:01:39,462 - freqtrade.configuration.configuration - INFO - Using max_open_trades: 3 ...
2025-08-06 07:01:39,475 - freqtrade.configuration.configuration - INFO - Using user-data directory: /freqtrade/user_data ...
2025-08-06 07:01:39,476 - freqtrade.configuration.configuration - INFO - Using data directory: /freqtrade/user_data/data/binance ...
2025-08-06 07:01:39,477 - freqtrade.exchange.check_exchange - INFO - Checking exchange...
2025-08-06 07:01:39,486 - freqtrade.exchange.check_exchange - INFO - Exchange "binance" is officially supported by the Freqtrade development team.
2025-08-06 07:01:39,487 - freqtrade.configuration.configuration - INFO - Using pairlist from configuration.
2025-08-06 07:01:39,487 - freqtrade.exchange.exchange - INFO - Instance is running with dry_run enabled
2025-08-06 07:01:39,488 - freqtrade.exchange.exchange - INFO - Using CCXT 4.4.96
2025-08-06 07:01:39,488 - freqtrade.exchange.exchange - INFO - Applying additional ccxt config: {'options': {'defaultType': 'swap'}}
2025-08-06 07:01:39,494 - freqtrade.exchange.exchange - INFO - Applying additional ccxt config: {'options': {'defaultType': 'swap'}}
2025-08-06 07:01:39,502 - freqtrade.exchange.exchange - INFO - Using Exchange "Binance"
2025-08-06 07:01:40,963 - freqtrade.resolvers.exchange_resolver - INFO - Using resolved exchange 'Binance'...
2025-08-06 07:01:40,970 - freqtrade.resolvers.iresolver - INFO - Using resolved strategy SampleStrategy from '/freqtrade/user_data/strategies/sample_strategy.py'...
2025-08-06 07:01:40,970 - freqtrade.strategy.hyper - INFO - Found no parameter file.
2025-08-06 07:01:40,970 - freqtrade.resolvers.strategy_resolver - INFO - Override strategy 'stake_currency' with value in config file: USDT.
2025-08-06 07:01:40,971 - freqtrade.resolvers.strategy_resolver - INFO - Override strategy 'stake_amount' with value in config file: unlimited.
2025-08-06 07:01:40,971 - freqtrade.resolvers.strategy_resolver - INFO - Override strategy 'unfilledtimeout' with value in config file: {'entry': 10, 'exit': 10, 'exit_timeout_count': 0, 'unit': 'minutes'}.
2025-08-06 07:01:40,971 - freqtrade.resolvers.strategy_resolver - INFO - Override strategy 'max_open_trades' with value in config file: 3.
2025-08-06 07:01:40,971 - freqtrade.resolvers.strategy_resolver - INFO - Strategy using minimal_roi: {'60': 0.01, '30': 0.02, '0': 0.04}
2025-08-06 07:01:40,972 - freqtrade.resolvers.strategy_resolver - INFO - Strategy using timeframe: 5m
2025-08-06 07:01:40,972 - freqtrade.resolvers.strategy_resolver - INFO - Strategy using stoploss: -0.1
2025-08-06 07:01:40,972 - freqtrade.resolvers.strategy_resolver - INFO - Strategy using trailing_stop: False
2025-08-06 07:01:40,972 - freqtrade.resolvers.strategy_resolver - INFO - Strategy using trailing_stop_positive_offset: 0.0
2025-08-06 07:01:40,973 - freqtrade.resolvers.strategy_resolver - INFO - Strategy using trailing_only_offset_is_reached: False
2025-08-06 07:01:40,973 - freqtrade.resolvers.strategy_resolver - INFO - Strategy using use_custom_stoploss: False
2025-08-06 07:01:40,973 - freqtrade.resolvers.strategy_resolver - INFO - Strategy using process_only_new_candles: True
2025-08-06 07:01:40,973 - freqtrade.resolvers.strategy_resolver - INFO - Strategy using order_types: {'entry': 'limit', 'exit': 'limit', 'stoploss': 'market', 'stoploss_on_exchange': False}
2025-08-06 07:01:40,973 - freqtrade.resolvers.strategy_resolver - INFO - Strategy using order_time_in_force: {'entry': 'GTC', 'exit': 'GTC'}
2025-08-06 07:01:40,974 - freqtrade.resolvers.strategy_resolver - INFO - Strategy using stake_currency: USDT
2025-08-06 07:01:40,974 - freqtrade.resolvers.strategy_resolver - INFO - Strategy using stake_amount: unlimited
2025-08-06 07:01:40,974 - freqtrade.resolvers.strategy_resolver - INFO - Strategy using startup_candle_count: 200
2025-08-06 07:01:40,974 - freqtrade.resolvers.strategy_resolver - INFO - Strategy using unfilledtimeout: {'entry': 10, 'exit': 10, 'exit_timeout_count': 0, 'unit': 'minutes'}
2025-08-06 07:01:40,974 - freqtrade.resolvers.strategy_resolver - INFO - Strategy using use_exit_signal: True
2025-08-06 07:01:40,975 - freqtrade.resolvers.strategy_resolver - INFO - Strategy using exit_profit_only: False
2025-08-06 07:01:40,975 - freqtrade.resolvers.strategy_resolver - INFO - Strategy using ignore_roi_if_entry_signal: False
2025-08-06 07:01:40,975 - freqtrade.resolvers.strategy_resolver - INFO - Strategy using exit_profit_offset: 0.0
2025-08-06 07:01:40,975 - freqtrade.resolvers.strategy_resolver - INFO - Strategy using disable_dataframe_checks: False
2025-08-06 07:01:40,976 - freqtrade.resolvers.strategy_resolver - INFO - Strategy using ignore_buying_expired_candle_after: 0
2025-08-06 07:01:40,976 - freqtrade.resolvers.strategy_resolver - INFO - Strategy using position_adjustment_enable: False
2025-08-06 07:01:40,976 - freqtrade.resolvers.strategy_resolver - INFO - Strategy using max_entry_position_adjustment: -1
2025-08-06 07:01:40,976 - freqtrade.resolvers.strategy_resolver - INFO - Strategy using max_open_trades: 3
2025-08-06 07:01:40,976 - freqtrade.configuration.config_validation - INFO - Validating configuration ...
2025-08-06 07:01:40,995 - freqtrade.wallets - INFO - Wallets synced.
2025-08-06 07:01:41,700 - freqtrade - ERROR - No Pairlist Handlers defined
2025-08-06 07:02:44,068 - freqtrade.loggers - INFO - Enabling colorized output.
2025-08-06 07:02:44,068 - freqtrade.loggers - INFO - Logfile configured
2025-08-06 07:02:44,068 - freqtrade.loggers - INFO - Verbosity set to 0
2025-08-06 07:02:44,069 - freqtrade.configuration.configuration - INFO - Runmode set to dry_run.
2025-08-06 07:02:44,069 - freqtrade.configuration.configuration - INFO - Parameter --db-url detected ...
2025-08-06 07:02:44,069 - freqtrade.configuration.configuration - INFO - Dry run is enabled
2025-08-06 07:02:44,069 - freqtrade.configuration.configuration - INFO - Using DB: "sqlite:////freqtrade/user_data/tradesv3.sqlite"
2025-08-06 07:02:44,070 - freqtrade.configuration.configuration - INFO - Using max_open_trades: 3 ...
2025-08-06 07:02:44,080 - freqtrade.configuration.configuration - INFO - Using user-data directory: /freqtrade/user_data ...
2025-08-06 07:02:44,080 - freqtrade.configuration.configuration - INFO - Using data directory: /freqtrade/user_data/data/binance ...
2025-08-06 07:02:44,081 - freqtrade.exchange.check_exchange - INFO - Checking exchange...
2025-08-06 07:02:44,088 - freqtrade.exchange.check_exchange - INFO - Exchange "binance" is officially supported by the Freqtrade development team.
2025-08-06 07:02:44,089 - freqtrade.configuration.configuration - INFO - Using pairlist from configuration.
2025-08-06 07:02:44,089 - freqtrade.exchange.exchange - INFO - Instance is running with dry_run enabled
2025-08-06 07:02:44,089 - freqtrade.exchange.exchange - INFO - Using CCXT 4.4.96
2025-08-06 07:02:44,090 - freqtrade.exchange.exchange - INFO - Applying additional ccxt config: {'options': {'defaultType': 'swap'}}
2025-08-06 07:02:44,095 - freqtrade.exchange.exchange - INFO - Applying additional ccxt config: {'options': {'defaultType': 'swap'}}
2025-08-06 07:02:44,102 - freqtrade.exchange.exchange - INFO - Using Exchange "Binance"
2025-08-06 07:02:45,665 - freqtrade.resolvers.exchange_resolver - INFO - Using resolved exchange 'Binance'...
2025-08-06 07:02:45,672 - freqtrade.resolvers.iresolver - INFO - Using resolved strategy SampleStrategy from '/freqtrade/user_data/strategies/sample_strategy.py'...
2025-08-06 07:02:45,673 - freqtrade.strategy.hyper - INFO - Found no parameter file.
2025-08-06 07:02:45,673 - freqtrade.resolvers.strategy_resolver - INFO - Override strategy 'stake_currency' with value in config file: USDT.
2025-08-06 07:02:45,673 - freqtrade.resolvers.strategy_resolver - INFO - Override strategy 'stake_amount' with value in config file: unlimited.
2025-08-06 07:02:45,674 - freqtrade.resolvers.strategy_resolver - INFO - Override strategy 'unfilledtimeout' with value in config file: {'entry': 10, 'exit': 10, 'exit_timeout_count': 0, 'unit': 'minutes'}.
2025-08-06 07:02:45,674 - freqtrade.resolvers.strategy_resolver - INFO - Override strategy 'max_open_trades' with value in config file: 3.
2025-08-06 07:02:45,674 - freqtrade.resolvers.strategy_resolver - INFO - Strategy using minimal_roi: {'60': 0.01, '30': 0.02, '0': 0.04}
2025-08-06 07:02:45,674 - freqtrade.resolvers.strategy_resolver - INFO - Strategy using timeframe: 5m
2025-08-06 07:02:45,675 - freqtrade.resolvers.strategy_resolver - INFO - Strategy using stoploss: -0.1
2025-08-06 07:02:45,675 - freqtrade.resolvers.strategy_resolver - INFO - Strategy using trailing_stop: False
2025-08-06 07:02:45,675 - freqtrade.resolvers.strategy_resolver - INFO - Strategy using trailing_stop_positive_offset: 0.0
2025-08-06 07:02:45,675 - freqtrade.resolvers.strategy_resolver - INFO - Strategy using trailing_only_offset_is_reached: False
2025-08-06 07:02:45,675 - freqtrade.resolvers.strategy_resolver - INFO - Strategy using use_custom_stoploss: False
2025-08-06 07:02:45,676 - freqtrade.resolvers.strategy_resolver - INFO - Strategy using process_only_new_candles: True
2025-08-06 07:02:45,676 - freqtrade.resolvers.strategy_resolver - INFO - Strategy using order_types: {'entry': 'limit', 'exit': 'limit', 'stoploss': 'market', 'stoploss_on_exchange': False}
2025-08-06 07:02:45,676 - freqtrade.resolvers.strategy_resolver - INFO - Strategy using order_time_in_force: {'entry': 'GTC', 'exit': 'GTC'}
2025-08-06 07:02:45,676 - freqtrade.resolvers.strategy_resolver - INFO - Strategy using stake_currency: USDT
2025-08-06 07:02:45,677 - freqtrade.resolvers.strategy_resolver - INFO - Strategy using stake_amount: unlimited
2025-08-06 07:02:45,677 - freqtrade.resolvers.strategy_resolver - INFO - Strategy using startup_candle_count: 200
2025-08-06 07:02:45,677 - freqtrade.resolvers.strategy_resolver - INFO - Strategy using unfilledtimeout: {'entry': 10, 'exit': 10, 'exit_timeout_count': 0, 'unit': 'minutes'}
2025-08-06 07:02:45,677 - freqtrade.resolvers.strategy_resolver - INFO - Strategy using use_exit_signal: True
2025-08-06 07:02:45,677 - freqtrade.resolvers.strategy_resolver - INFO - Strategy using exit_profit_only: False
2025-08-06 07:02:45,678 - freqtrade.resolvers.strategy_resolver - INFO - Strategy using ignore_roi_if_entry_signal: False
2025-08-06 07:02:45,678 - freqtrade.resolvers.strategy_resolver - INFO - Strategy using exit_profit_offset: 0.0
2025-08-06 07:02:45,678 - freqtrade.resolvers.strategy_resolver - INFO - Strategy using disable_dataframe_checks: False
2025-08-06 07:02:45,678 - freqtrade.resolvers.strategy_resolver - INFO - Strategy using ignore_buying_expired_candle_after: 0
2025-08-06 07:02:45,678 - freqtrade.resolvers.strategy_resolver - INFO - Strategy using position_adjustment_enable: False
2025-08-06 07:02:45,678 - freqtrade.resolvers.strategy_resolver - INFO - Strategy using max_entry_position_adjustment: -1
2025-08-06 07:02:45,679 - freqtrade.resolvers.strategy_resolver - INFO - Strategy using max_open_trades: 3
2025-08-06 07:02:45,679 - freqtrade.configuration.config_validation - INFO - Validating configuration ...
2025-08-06 07:02:45,697 - freqtrade.wallets - INFO - Wallets synced.
2025-08-06 07:02:46,467 - freqtrade - ERROR - No Pairlist Handlers defined
2025-08-06 07:03:48,914 - freqtrade.loggers - INFO - Enabling colorized output.
2025-08-06 07:03:48,915 - freqtrade.loggers - INFO - Logfile configured
2025-08-06 07:03:48,915 - freqtrade.loggers - INFO - Verbosity set to 0
2025-08-06 07:03:48,915 - freqtrade.configuration.configuration - INFO - Runmode set to dry_run.
2025-08-06 07:03:48,916 - freqtrade.configuration.configuration - INFO - Parameter --db-url detected ...
2025-08-06 07:03:48,916 - freqtrade.configuration.configuration - INFO - Dry run is enabled
2025-08-06 07:03:48,916 - freqtrade.configuration.configuration - INFO - Using DB: "sqlite:////freqtrade/user_data/tradesv3.sqlite"
2025-08-06 07:03:48,916 - freqtrade.configuration.configuration - INFO - Using max_open_trades: 3 ...
2025-08-06 07:03:48,927 - freqtrade.configuration.configuration - INFO - Using user-data directory: /freqtrade/user_data ...
2025-08-06 07:03:48,928 - freqtrade.configuration.configuration - INFO - Using data directory: /freqtrade/user_data/data/binance ...
2025-08-06 07:03:48,928 - freqtrade.exchange.check_exchange - INFO - Checking exchange...
2025-08-06 07:03:48,936 - freqtrade.exchange.check_exchange - INFO - Exchange "binance" is officially supported by the Freqtrade development team.
2025-08-06 07:03:48,937 - freqtrade.configuration.configuration - INFO - Using pairlist from configuration.
2025-08-06 07:03:48,938 - freqtrade.exchange.exchange - INFO - Instance is running with dry_run enabled
2025-08-06 07:03:48,938 - freqtrade.exchange.exchange - INFO - Using CCXT 4.4.96
2025-08-06 07:03:48,938 - freqtrade.exchange.exchange - INFO - Applying additional ccxt config: {'options': {'defaultType': 'swap'}}
2025-08-06 07:03:48,945 - freqtrade.exchange.exchange - INFO - Applying additional ccxt config: {'options': {'defaultType': 'swap'}}
2025-08-06 07:03:48,953 - freqtrade.exchange.exchange - INFO - Using Exchange "Binance"
2025-08-06 07:03:51,315 - freqtrade.resolvers.exchange_resolver - INFO - Using resolved exchange 'Binance'...
2025-08-06 07:03:51,323 - freqtrade.resolvers.iresolver - INFO - Using resolved strategy SampleStrategy from '/freqtrade/user_data/strategies/sample_strategy.py'...
2025-08-06 07:03:51,323 - freqtrade.strategy.hyper - INFO - Found no parameter file.
2025-08-06 07:03:51,324 - freqtrade.resolvers.strategy_resolver - INFO - Override strategy 'stake_currency' with value in config file: USDT.
2025-08-06 07:03:51,324 - freqtrade.resolvers.strategy_resolver - INFO - Override strategy 'stake_amount' with value in config file: unlimited.
2025-08-06 07:03:51,325 - freqtrade.resolvers.strategy_resolver - INFO - Override strategy 'unfilledtimeout' with value in config file: {'entry': 10, 'exit': 10, 'exit_timeout_count': 0, 'unit': 'minutes'}.
2025-08-06 07:03:51,325 - freqtrade.resolvers.strategy_resolver - INFO - Override strategy 'max_open_trades' with value in config file: 3.
2025-08-06 07:03:51,326 - freqtrade.resolvers.strategy_resolver - INFO - Strategy using minimal_roi: {'60': 0.01, '30': 0.02, '0': 0.04}
2025-08-06 07:03:51,326 - freqtrade.resolvers.strategy_resolver - INFO - Strategy using timeframe: 5m
2025-08-06 07:03:51,326 - freqtrade.resolvers.strategy_resolver - INFO - Strategy using stoploss: -0.1
2025-08-06 07:03:51,326 - freqtrade.resolvers.strategy_resolver - INFO - Strategy using trailing_stop: False
2025-08-06 07:03:51,327 - freqtrade.resolvers.strategy_resolver - INFO - Strategy using trailing_stop_positive_offset: 0.0
2025-08-06 07:03:51,327 - freqtrade.resolvers.strategy_resolver - INFO - Strategy using trailing_only_offset_is_reached: False
2025-08-06 07:03:51,327 - freqtrade.resolvers.strategy_resolver - INFO - Strategy using use_custom_stoploss: False
2025-08-06 07:03:51,327 - freqtrade.resolvers.strategy_resolver - INFO - Strategy using process_only_new_candles: True
2025-08-06 07:03:51,327 - freqtrade.resolvers.strategy_resolver - INFO - Strategy using order_types: {'entry': 'limit', 'exit': 'limit', 'stoploss': 'market', 'stoploss_on_exchange': False}
2025-08-06 07:03:51,328 - freqtrade.resolvers.strategy_resolver - INFO - Strategy using order_time_in_force: {'entry': 'GTC', 'exit': 'GTC'}
2025-08-06 07:03:51,328 - freqtrade.resolvers.strategy_resolver - INFO - Strategy using stake_currency: USDT
2025-08-06 07:03:51,328 - freqtrade.resolvers.strategy_resolver - INFO - Strategy using stake_amount: unlimited
2025-08-06 07:03:51,328 - freqtrade.resolvers.strategy_resolver - INFO - Strategy using startup_candle_count: 200
2025-08-06 07:03:51,329 - freqtrade.resolvers.strategy_resolver - INFO - Strategy using unfilledtimeout: {'entry': 10, 'exit': 10, 'exit_timeout_count': 0, 'unit': 'minutes'}
2025-08-06 07:03:51,329 - freqtrade.resolvers.strategy_resolver - INFO - Strategy using use_exit_signal: True
2025-08-06 07:03:51,329 - freqtrade.resolvers.strategy_resolver - INFO - Strategy using exit_profit_only: False
2025-08-06 07:03:51,329 - freqtrade.resolvers.strategy_resolver - INFO - Strategy using ignore_roi_if_entry_signal: False
2025-08-06 07:03:51,329 - freqtrade.resolvers.strategy_resolver - INFO - Strategy using exit_profit_offset: 0.0
2025-08-06 07:03:51,330 - freqtrade.resolvers.strategy_resolver - INFO - Strategy using disable_dataframe_checks: False
2025-08-06 07:03:51,330 - freqtrade.resolvers.strategy_resolver - INFO - Strategy using ignore_buying_expired_candle_after: 0
2025-08-06 07:03:51,330 - freqtrade.resolvers.strategy_resolver - INFO - Strategy using position_adjustment_enable: False
2025-08-06 07:03:51,330 - freqtrade.resolvers.strategy_resolver - INFO - Strategy using max_entry_position_adjustment: -1
2025-08-06 07:03:51,331 - freqtrade.resolvers.strategy_resolver - INFO - Strategy using max_open_trades: 3
2025-08-06 07:03:51,332 - freqtrade.configuration.config_validation - INFO - Validating configuration ...
2025-08-06 07:03:51,357 - freqtrade.wallets - INFO - Wallets synced.
2025-08-06 07:03:52,153 - freqtrade - ERROR - No Pairlist Handlers defined
2025-08-06 07:04:54,883 - freqtrade.loggers - INFO - Enabling colorized output.
2025-08-06 07:04:54,883 - freqtrade.loggers - INFO - Logfile configured
2025-08-06 07:04:54,883 - freqtrade.loggers - INFO - Verbosity set to 0
2025-08-06 07:04:54,884 - freqtrade.configuration.configuration - INFO - Runmode set to dry_run.
2025-08-06 07:04:54,884 - freqtrade.configuration.configuration - INFO - Parameter --db-url detected ...
2025-08-06 07:04:54,884 - freqtrade.configuration.configuration - INFO - Dry run is enabled
2025-08-06 07:04:54,884 - freqtrade.configuration.configuration - INFO - Using DB: "sqlite:////freqtrade/user_data/tradesv3.sqlite"
2025-08-06 07:04:54,885 - freqtrade.configuration.configuration - INFO - Using max_open_trades: 3 ...
2025-08-06 07:04:54,895 - freqtrade.configuration.configuration - INFO - Using user-data directory: /freqtrade/user_data ...
2025-08-06 07:04:54,895 - freqtrade.configuration.configuration - INFO - Using data directory: /freqtrade/user_data/data/binance ...
2025-08-06 07:04:54,896 - freqtrade.exchange.check_exchange - INFO - Checking exchange...
2025-08-06 07:04:54,904 - freqtrade.exchange.check_exchange - INFO - Exchange "binance" is officially supported by the Freqtrade development team.
2025-08-06 07:04:54,904 - freqtrade.configuration.configuration - INFO - Using pairlist from configuration.
2025-08-06 07:04:54,905 - freqtrade.exchange.exchange - INFO - Instance is running with dry_run enabled
2025-08-06 07:04:54,905 - freqtrade.exchange.exchange - INFO - Using CCXT 4.4.96
2025-08-06 07:04:54,905 - freqtrade.exchange.exchange - INFO - Applying additional ccxt config: {'options': {'defaultType': 'swap'}}
2025-08-06 07:04:54,911 - freqtrade.exchange.exchange - INFO - Applying additional ccxt config: {'options': {'defaultType': 'swap'}}
2025-08-06 07:04:54,919 - freqtrade.exchange.exchange - INFO - Using Exchange "Binance"
2025-08-06 07:04:56,666 - freqtrade.resolvers.exchange_resolver - INFO - Using resolved exchange 'Binance'...
2025-08-06 07:04:56,674 - freqtrade.resolvers.iresolver - INFO - Using resolved strategy SampleStrategy from '/freqtrade/user_data/strategies/sample_strategy.py'...
2025-08-06 07:04:56,674 - freqtrade.strategy.hyper - INFO - Found no parameter file.
2025-08-06 07:04:56,674 - freqtrade.resolvers.strategy_resolver - INFO - Override strategy 'stake_currency' with value in config file: USDT.
2025-08-06 07:04:56,675 - freqtrade.resolvers.strategy_resolver - INFO - Override strategy 'stake_amount' with value in config file: unlimited.
2025-08-06 07:04:56,675 - freqtrade.resolvers.strategy_resolver - INFO - Override strategy 'unfilledtimeout' with value in config file: {'entry': 10, 'exit': 10, 'exit_timeout_count': 0, 'unit': 'minutes'}.
2025-08-06 07:04:56,675 - freqtrade.resolvers.strategy_resolver - INFO - Override strategy 'max_open_trades' with value in config file: 3.
2025-08-06 07:04:56,676 - freqtrade.resolvers.strategy_resolver - INFO - Strategy using minimal_roi: {'60': 0.01, '30': 0.02, '0': 0.04}
2025-08-06 07:04:56,676 - freqtrade.resolvers.strategy_resolver - INFO - Strategy using timeframe: 5m
2025-08-06 07:04:56,676 - freqtrade.resolvers.strategy_resolver - INFO - Strategy using stoploss: -0.1
2025-08-06 07:04:56,676 - freqtrade.resolvers.strategy_resolver - INFO - Strategy using trailing_stop: False
2025-08-06 07:04:56,677 - freqtrade.resolvers.strategy_resolver - INFO - Strategy using trailing_stop_positive_offset: 0.0
2025-08-06 07:04:56,677 - freqtrade.resolvers.strategy_resolver - INFO - Strategy using trailing_only_offset_is_reached: False
2025-08-06 07:04:56,677 - freqtrade.resolvers.strategy_resolver - INFO - Strategy using use_custom_stoploss: False
2025-08-06 07:04:56,677 - freqtrade.resolvers.strategy_resolver - INFO - Strategy using process_only_new_candles: True
2025-08-06 07:04:56,677 - freqtrade.resolvers.strategy_resolver - INFO - Strategy using order_types: {'entry': 'limit', 'exit': 'limit', 'stoploss': 'market', 'stoploss_on_exchange': False}
2025-08-06 07:04:56,678 - freqtrade.resolvers.strategy_resolver - INFO - Strategy using order_time_in_force: {'entry': 'GTC', 'exit': 'GTC'}
2025-08-06 07:04:56,678 - freqtrade.resolvers.strategy_resolver - INFO - Strategy using stake_currency: USDT
2025-08-06 07:04:56,678 - freqtrade.resolvers.strategy_resolver - INFO - Strategy using stake_amount: unlimited
2025-08-06 07:04:56,678 - freqtrade.resolvers.strategy_resolver - INFO - Strategy using startup_candle_count: 200
2025-08-06 07:04:56,678 - freqtrade.resolvers.strategy_resolver - INFO - Strategy using unfilledtimeout: {'entry': 10, 'exit': 10, 'exit_timeout_count': 0, 'unit': 'minutes'}
2025-08-06 07:04:56,679 - freqtrade.resolvers.strategy_resolver - INFO - Strategy using use_exit_signal: True
2025-08-06 07:04:56,679 - freqtrade.resolvers.strategy_resolver - INFO - Strategy using exit_profit_only: False
2025-08-06 07:04:56,679 - freqtrade.resolvers.strategy_resolver - INFO - Strategy using ignore_roi_if_entry_signal: False
2025-08-06 07:04:56,679 - freqtrade.resolvers.strategy_resolver - INFO - Strategy using exit_profit_offset: 0.0
2025-08-06 07:04:56,679 - freqtrade.resolvers.strategy_resolver - INFO - Strategy using disable_dataframe_checks: False
2025-08-06 07:04:56,680 - freqtrade.resolvers.strategy_resolver - INFO - Strategy using ignore_buying_expired_candle_after: 0
2025-08-06 07:04:56,680 - freqtrade.resolvers.strategy_resolver - INFO - Strategy using position_adjustment_enable: False
2025-08-06 07:04:56,680 - freqtrade.resolvers.strategy_resolver - INFO - Strategy using max_entry_position_adjustment: -1
2025-08-06 07:04:56,680 - freqtrade.resolvers.strategy_resolver - INFO - Strategy using max_open_trades: 3
2025-08-06 07:04:56,680 - freqtrade.configuration.config_validation - INFO - Validating configuration ...
2025-08-06 07:04:56,700 - freqtrade.wallets - INFO - Wallets synced.
2025-08-06 07:04:57,434 - freqtrade - ERROR - No Pairlist Handlers defined
2025-08-06 07:06:00,341 - freqtrade.loggers - INFO - Enabling colorized output.
2025-08-06 07:06:00,342 - freqtrade.loggers - INFO - Logfile configured
2025-08-06 07:06:00,342 - freqtrade.loggers - INFO - Verbosity set to 0
2025-08-06 07:06:00,343 - freqtrade.configuration.configuration - INFO - Runmode set to dry_run.
2025-08-06 07:06:00,343 - freqtrade.configuration.configuration - INFO - Parameter --db-url detected ...
2025-08-06 07:06:00,343 - freqtrade.configuration.configuration - INFO - Dry run is enabled
2025-08-06 07:06:00,343 - freqtrade.configuration.configuration - INFO - Using DB: "sqlite:////freqtrade/user_data/tradesv3.sqlite"
2025-08-06 07:06:00,344 - freqtrade.configuration.configuration - INFO - Using max_open_trades: 3 ...
2025-08-06 07:06:00,355 - freqtrade.configuration.configuration - INFO - Using user-data directory: /freqtrade/user_data ...
2025-08-06 07:06:00,355 - freqtrade.configuration.configuration - INFO - Using data directory: /freqtrade/user_data/data/binance ...
2025-08-06 07:06:00,357 - freqtrade.exchange.check_exchange - INFO - Checking exchange...
2025-08-06 07:06:00,365 - freqtrade.exchange.check_exchange - INFO - Exchange "binance" is officially supported by the Freqtrade development team.
2025-08-06 07:06:00,366 - freqtrade.configuration.configuration - INFO - Using pairlist from configuration.
2025-08-06 07:06:00,366 - freqtrade.exchange.exchange - INFO - Instance is running with dry_run enabled
2025-08-06 07:06:00,367 - freqtrade.exchange.exchange - INFO - Using CCXT 4.4.96
2025-08-06 07:06:00,367 - freqtrade.exchange.exchange - INFO - Applying additional ccxt config: {'options': {'defaultType': 'swap'}}
2025-08-06 07:06:00,374 - freqtrade.exchange.exchange - INFO - Applying additional ccxt config: {'options': {'defaultType': 'swap'}}
2025-08-06 07:06:00,383 - freqtrade.exchange.exchange - INFO - Using Exchange "Binance"
2025-08-06 07:06:01,999 - freqtrade.resolvers.exchange_resolver - INFO - Using resolved exchange 'Binance'...
2025-08-06 07:06:02,009 - freqtrade.resolvers.iresolver - INFO - Using resolved strategy SampleStrategy from '/freqtrade/user_data/strategies/sample_strategy.py'...
2025-08-06 07:06:02,009 - freqtrade.strategy.hyper - INFO - Found no parameter file.
2025-08-06 07:06:02,010 - freqtrade.resolvers.strategy_resolver - INFO - Override strategy 'stake_currency' with value in config file: USDT.
2025-08-06 07:06:02,010 - freqtrade.resolvers.strategy_resolver - INFO - Override strategy 'stake_amount' with value in config file: unlimited.
2025-08-06 07:06:02,010 - freqtrade.resolvers.strategy_resolver - INFO - Override strategy 'unfilledtimeout' with value in config file: {'entry': 10, 'exit': 10, 'exit_timeout_count': 0, 'unit': 'minutes'}.
2025-08-06 07:06:02,012 - freqtrade.resolvers.strategy_resolver - INFO - Override strategy 'max_open_trades' with value in config file: 3.
2025-08-06 07:06:02,012 - freqtrade.resolvers.strategy_resolver - INFO - Strategy using minimal_roi: {'60': 0.01, '30': 0.02, '0': 0.04}
2025-08-06 07:06:02,012 - freqtrade.resolvers.strategy_resolver - INFO - Strategy using timeframe: 5m
2025-08-06 07:06:02,013 - freqtrade.resolvers.strategy_resolver - INFO - Strategy using stoploss: -0.1
2025-08-06 07:06:02,013 - freqtrade.resolvers.strategy_resolver - INFO - Strategy using trailing_stop: False
2025-08-06 07:06:02,013 - freqtrade.resolvers.strategy_resolver - INFO - Strategy using trailing_stop_positive_offset: 0.0
2025-08-06 07:06:02,013 - freqtrade.resolvers.strategy_resolver - INFO - Strategy using trailing_only_offset_is_reached: False
2025-08-06 07:06:02,014 - freqtrade.resolvers.strategy_resolver - INFO - Strategy using use_custom_stoploss: False
2025-08-06 07:06:02,014 - freqtrade.resolvers.strategy_resolver - INFO - Strategy using process_only_new_candles: True
2025-08-06 07:06:02,014 - freqtrade.resolvers.strategy_resolver - INFO - Strategy using order_types: {'entry': 'limit', 'exit': 'limit', 'stoploss': 'market', 'stoploss_on_exchange': False}
2025-08-06 07:06:02,014 - freqtrade.resolvers.strategy_resolver - INFO - Strategy using order_time_in_force: {'entry': 'GTC', 'exit': 'GTC'}
2025-08-06 07:06:02,014 - freqtrade.resolvers.strategy_resolver - INFO - Strategy using stake_currency: USDT
2025-08-06 07:06:02,015 - freqtrade.resolvers.strategy_resolver - INFO - Strategy using stake_amount: unlimited
2025-08-06 07:06:02,015 - freqtrade.resolvers.strategy_resolver - INFO - Strategy using startup_candle_count: 200
2025-08-06 07:06:02,015 - freqtrade.resolvers.strategy_resolver - INFO - Strategy using unfilledtimeout: {'entry': 10, 'exit': 10, 'exit_timeout_count': 0, 'unit': 'minutes'}
2025-08-06 07:06:02,015 - freqtrade.resolvers.strategy_resolver - INFO - Strategy using use_exit_signal: True
2025-08-06 07:06:02,016 - freqtrade.resolvers.strategy_resolver - INFO - Strategy using exit_profit_only: False
2025-08-06 07:06:02,016 - freqtrade.resolvers.strategy_resolver - INFO - Strategy using ignore_roi_if_entry_signal: False
2025-08-06 07:06:02,016 - freqtrade.resolvers.strategy_resolver - INFO - Strategy using exit_profit_offset: 0.0
2025-08-06 07:06:02,016 - freqtrade.resolvers.strategy_resolver - INFO - Strategy using disable_dataframe_checks: False
2025-08-06 07:06:02,016 - freqtrade.resolvers.strategy_resolver - INFO - Strategy using ignore_buying_expired_candle_after: 0
2025-08-06 07:06:02,017 - freqtrade.resolvers.strategy_resolver - INFO - Strategy using position_adjustment_enable: False
2025-08-06 07:06:02,017 - freqtrade.resolvers.strategy_resolver - INFO - Strategy using max_entry_position_adjustment: -1
2025-08-06 07:06:02,017 - freqtrade.resolvers.strategy_resolver - INFO - Strategy using max_open_trades: 3
2025-08-06 07:06:02,019 - freqtrade.configuration.config_validation - INFO - Validating configuration ...
2025-08-06 07:06:02,044 - freqtrade.wallets - INFO - Wallets synced.
2025-08-06 07:06:02,802 - freqtrade - ERROR - No Pairlist Handlers defined
2025-08-06 07:07:05,459 - freqtrade.loggers - INFO - Enabling colorized output.
2025-08-06 07:07:05,460 - freqtrade.loggers - INFO - Logfile configured
2025-08-06 07:07:05,460 - freqtrade.loggers - INFO - Verbosity set to 0
2025-08-06 07:07:05,460 - freqtrade.configuration.configuration - INFO - Runmode set to dry_run.
2025-08-06 07:07:05,460 - freqtrade.configuration.configuration - INFO - Parameter --db-url detected ...
2025-08-06 07:07:05,461 - freqtrade.configuration.configuration - INFO - Dry run is enabled
2025-08-06 07:07:05,461 - freqtrade.configuration.configuration - INFO - Using DB: "sqlite:////freqtrade/user_data/tradesv3.sqlite"
2025-08-06 07:07:05,461 - freqtrade.configuration.configuration - INFO - Using max_open_trades: 3 ...
2025-08-06 07:07:05,470 - freqtrade.configuration.configuration - INFO - Using user-data directory: /freqtrade/user_data ...
2025-08-06 07:07:05,471 - freqtrade.configuration.configuration - INFO - Using data directory: /freqtrade/user_data/data/binance ...
2025-08-06 07:07:05,471 - freqtrade.exchange.check_exchange - INFO - Checking exchange...
2025-08-06 07:07:05,479 - freqtrade.exchange.check_exchange - INFO - Exchange "binance" is officially supported by the Freqtrade development team.
2025-08-06 07:07:05,480 - freqtrade.configuration.configuration - INFO - Using pairlist from configuration.
2025-08-06 07:07:05,480 - freqtrade.exchange.exchange - INFO - Instance is running with dry_run enabled
2025-08-06 07:07:05,480 - freqtrade.exchange.exchange - INFO - Using CCXT 4.4.96
2025-08-06 07:07:05,481 - freqtrade.exchange.exchange - INFO - Applying additional ccxt config: {'options': {'defaultType': 'swap'}}
2025-08-06 07:07:05,487 - freqtrade.exchange.exchange - INFO - Applying additional ccxt config: {'options': {'defaultType': 'swap'}}
2025-08-06 07:07:05,494 - freqtrade.exchange.exchange - INFO - Using Exchange "Binance"
2025-08-06 07:07:07,084 - freqtrade.resolvers.exchange_resolver - INFO - Using resolved exchange 'Binance'...
2025-08-06 07:07:07,093 - freqtrade.resolvers.iresolver - INFO - Using resolved strategy SampleStrategy from '/freqtrade/user_data/strategies/sample_strategy.py'...
2025-08-06 07:07:07,094 - freqtrade.strategy.hyper - INFO - Found no parameter file.
2025-08-06 07:07:07,095 - freqtrade.resolvers.strategy_resolver - INFO - Override strategy 'stake_currency' with value in config file: USDT.
2025-08-06 07:07:07,095 - freqtrade.resolvers.strategy_resolver - INFO - Override strategy 'stake_amount' with value in config file: unlimited.
2025-08-06 07:07:07,095 - freqtrade.resolvers.strategy_resolver - INFO - Override strategy 'unfilledtimeout' with value in config file: {'entry': 10, 'exit': 10, 'exit_timeout_count': 0, 'unit': 'minutes'}.
2025-08-06 07:07:07,096 - freqtrade.resolvers.strategy_resolver - INFO - Override strategy 'max_open_trades' with value in config file: 3.
2025-08-06 07:07:07,096 - freqtrade.resolvers.strategy_resolver - INFO - Strategy using minimal_roi: {'60': 0.01, '30': 0.02, '0': 0.04}
2025-08-06 07:07:07,096 - freqtrade.resolvers.strategy_resolver - INFO - Strategy using timeframe: 5m
2025-08-06 07:07:07,097 - freqtrade.resolvers.strategy_resolver - INFO - Strategy using stoploss: -0.1
2025-08-06 07:07:07,098 - freqtrade.resolvers.strategy_resolver - INFO - Strategy using trailing_stop: False
2025-08-06 07:07:07,098 - freqtrade.resolvers.strategy_resolver - INFO - Strategy using trailing_stop_positive_offset: 0.0
2025-08-06 07:07:07,098 - freqtrade.resolvers.strategy_resolver - INFO - Strategy using trailing_only_offset_is_reached: False
2025-08-06 07:07:07,099 - freqtrade.resolvers.strategy_resolver - INFO - Strategy using use_custom_stoploss: False
2025-08-06 07:07:07,099 - freqtrade.resolvers.strategy_resolver - INFO - Strategy using process_only_new_candles: True
2025-08-06 07:07:07,099 - freqtrade.resolvers.strategy_resolver - INFO - Strategy using order_types: {'entry': 'limit', 'exit': 'limit', 'stoploss': 'market', 'stoploss_on_exchange': False}
2025-08-06 07:07:07,099 - freqtrade.resolvers.strategy_resolver - INFO - Strategy using order_time_in_force: {'entry': 'GTC', 'exit': 'GTC'}
2025-08-06 07:07:07,100 - freqtrade.resolvers.strategy_resolver - INFO - Strategy using stake_currency: USDT
2025-08-06 07:07:07,100 - freqtrade.resolvers.strategy_resolver - INFO - Strategy using stake_amount: unlimited
2025-08-06 07:07:07,100 - freqtrade.resolvers.strategy_resolver - INFO - Strategy using startup_candle_count: 200
2025-08-06 07:07:07,100 - freqtrade.resolvers.strategy_resolver - INFO - Strategy using unfilledtimeout: {'entry': 10, 'exit': 10, 'exit_timeout_count': 0, 'unit': 'minutes'}
2025-08-06 07:07:07,101 - freqtrade.resolvers.strategy_resolver - INFO - Strategy using use_exit_signal: True
2025-08-06 07:07:07,101 - freqtrade.resolvers.strategy_resolver - INFO - Strategy using exit_profit_only: False
2025-08-06 07:07:07,101 - freqtrade.resolvers.strategy_resolver - INFO - Strategy using ignore_roi_if_entry_signal: False
2025-08-06 07:07:07,101 - freqtrade.resolvers.strategy_resolver - INFO - Strategy using exit_profit_offset: 0.0
2025-08-06 07:07:07,101 - freqtrade.resolvers.strategy_resolver - INFO - Strategy using disable_dataframe_checks: False
2025-08-06 07:07:07,102 - freqtrade.resolvers.strategy_resolver - INFO - Strategy using ignore_buying_expired_candle_after: 0
2025-08-06 07:07:07,102 - freqtrade.resolvers.strategy_resolver - INFO - Strategy using position_adjustment_enable: False
2025-08-06 07:07:07,103 - freqtrade.resolvers.strategy_resolver - INFO - Strategy using max_entry_position_adjustment: -1
2025-08-06 07:07:07,103 - freqtrade.resolvers.strategy_resolver - INFO - Strategy using max_open_trades: 3
2025-08-06 07:07:07,104 - freqtrade.configuration.config_validation - INFO - Validating configuration ...
2025-08-06 07:07:07,128 - freqtrade.wallets - INFO - Wallets synced.
2025-08-06 07:07:07,863 - freqtrade - ERROR - No Pairlist Handlers defined
2025-08-06 07:08:10,123 - freqtrade.loggers - INFO - Enabling colorized output.
2025-08-06 07:08:10,123 - freqtrade.loggers - INFO - Logfile configured
2025-08-06 07:08:10,124 - freqtrade.loggers - INFO - Verbosity set to 0
2025-08-06 07:08:10,124 - freqtrade.configuration.configuration - INFO - Runmode set to dry_run.
2025-08-06 07:08:10,124 - freqtrade.configuration.configuration - INFO - Parameter --db-url detected ...
2025-08-06 07:08:10,125 - freqtrade.configuration.configuration - INFO - Dry run is enabled
2025-08-06 07:08:10,125 - freqtrade.configuration.configuration - INFO - Using DB: "sqlite:////freqtrade/user_data/tradesv3.sqlite"
2025-08-06 07:08:10,125 - freqtrade.configuration.configuration - INFO - Using max_open_trades: 3 ...
2025-08-06 07:08:10,135 - freqtrade.configuration.configuration - INFO - Using user-data directory: /freqtrade/user_data ...
2025-08-06 07:08:10,136 - freqtrade.configuration.configuration - INFO - Using data directory: /freqtrade/user_data/data/binance ...
2025-08-06 07:08:10,137 - freqtrade.exchange.check_exchange - INFO - Checking exchange...
2025-08-06 07:08:10,145 - freqtrade.exchange.check_exchange - INFO - Exchange "binance" is officially supported by the Freqtrade development team.
2025-08-06 07:08:10,145 - freqtrade.configuration.configuration - INFO - Using pairlist from configuration.
2025-08-06 07:08:10,146 - freqtrade.exchange.exchange - INFO - Instance is running with dry_run enabled
2025-08-06 07:08:10,146 - freqtrade.exchange.exchange - INFO - Using CCXT 4.4.96
2025-08-06 07:08:10,146 - freqtrade.exchange.exchange - INFO - Applying additional ccxt config: {'options': {'defaultType': 'swap'}}
2025-08-06 07:08:10,152 - freqtrade.exchange.exchange - INFO - Applying additional ccxt config: {'options': {'defaultType': 'swap'}}
2025-08-06 07:08:10,162 - freqtrade.exchange.exchange - INFO - Using Exchange "Binance"
2025-08-06 07:08:11,653 - freqtrade.resolvers.exchange_resolver - INFO - Using resolved exchange 'Binance'...
2025-08-06 07:08:11,660 - freqtrade.resolvers.iresolver - INFO - Using resolved strategy SampleStrategy from '/freqtrade/user_data/strategies/sample_strategy.py'...
2025-08-06 07:08:11,661 - freqtrade.strategy.hyper - INFO - Found no parameter file.
2025-08-06 07:08:11,661 - freqtrade.resolvers.strategy_resolver - INFO - Override strategy 'stake_currency' with value in config file: USDT.
2025-08-06 07:08:11,662 - freqtrade.resolvers.strategy_resolver - INFO - Override strategy 'stake_amount' with value in config file: unlimited.
2025-08-06 07:08:11,662 - freqtrade.resolvers.strategy_resolver - INFO - Override strategy 'unfilledtimeout' with value in config file: {'entry': 10, 'exit': 10, 'exit_timeout_count': 0, 'unit': 'minutes'}.
2025-08-06 07:08:11,662 - freqtrade.resolvers.strategy_resolver - INFO - Override strategy 'max_open_trades' with value in config file: 3.
2025-08-06 07:08:11,662 - freqtrade.resolvers.strategy_resolver - INFO - Strategy using minimal_roi: {'60': 0.01, '30': 0.02, '0': 0.04}
2025-08-06 07:08:11,663 - freqtrade.resolvers.strategy_resolver - INFO - Strategy using timeframe: 5m
2025-08-06 07:08:11,663 - freqtrade.resolvers.strategy_resolver - INFO - Strategy using stoploss: -0.1
2025-08-06 07:08:11,663 - freqtrade.resolvers.strategy_resolver - INFO - Strategy using trailing_stop: False
2025-08-06 07:08:11,663 - freqtrade.resolvers.strategy_resolver - INFO - Strategy using trailing_stop_positive_offset: 0.0
2025-08-06 07:08:11,664 - freqtrade.resolvers.strategy_resolver - INFO - Strategy using trailing_only_offset_is_reached: False
2025-08-06 07:08:11,664 - freqtrade.resolvers.strategy_resolver - INFO - Strategy using use_custom_stoploss: False
2025-08-06 07:08:11,664 - freqtrade.resolvers.strategy_resolver - INFO - Strategy using process_only_new_candles: True
2025-08-06 07:08:11,664 - freqtrade.resolvers.strategy_resolver - INFO - Strategy using order_types: {'entry': 'limit', 'exit': 'limit', 'stoploss': 'market', 'stoploss_on_exchange': False}
2025-08-06 07:08:11,665 - freqtrade.resolvers.strategy_resolver - INFO - Strategy using order_time_in_force: {'entry': 'GTC', 'exit': 'GTC'}
2025-08-06 07:08:11,665 - freqtrade.resolvers.strategy_resolver - INFO - Strategy using stake_currency: USDT
2025-08-06 07:08:11,665 - freqtrade.resolvers.strategy_resolver - INFO - Strategy using stake_amount: unlimited
2025-08-06 07:08:11,665 - freqtrade.resolvers.strategy_resolver - INFO - Strategy using startup_candle_count: 200
2025-08-06 07:08:11,665 - freqtrade.resolvers.strategy_resolver - INFO - Strategy using unfilledtimeout: {'entry': 10, 'exit': 10, 'exit_timeout_count': 0, 'unit': 'minutes'}
2025-08-06 07:08:11,666 - freqtrade.resolvers.strategy_resolver - INFO - Strategy using use_exit_signal: True
2025-08-06 07:08:11,666 - freqtrade.resolvers.strategy_resolver - INFO - Strategy using exit_profit_only: False
2025-08-06 07:08:11,666 - freqtrade.resolvers.strategy_resolver - INFO - Strategy using ignore_roi_if_entry_signal: False
2025-08-06 07:08:11,666 - freqtrade.resolvers.strategy_resolver - INFO - Strategy using exit_profit_offset: 0.0
2025-08-06 07:08:11,667 - freqtrade.resolvers.strategy_resolver - INFO - Strategy using disable_dataframe_checks: False
2025-08-06 07:08:11,667 - freqtrade.resolvers.strategy_resolver - INFO - Strategy using ignore_buying_expired_candle_after: 0
2025-08-06 07:08:11,667 - freqtrade.resolvers.strategy_resolver - INFO - Strategy using position_adjustment_enable: False
2025-08-06 07:08:11,667 - freqtrade.resolvers.strategy_resolver - INFO - Strategy using max_entry_position_adjustment: -1
2025-08-06 07:08:11,667 - freqtrade.resolvers.strategy_resolver - INFO - Strategy using max_open_trades: 3
2025-08-06 07:08:11,668 - freqtrade.configuration.config_validation - INFO - Validating configuration ...
2025-08-06 07:08:11,687 - freqtrade.wallets - INFO - Wallets synced.
2025-08-06 07:08:12,432 - freqtrade - ERROR - No Pairlist Handlers defined
2025-08-06 07:09:14,831 - freqtrade.loggers - INFO - Enabling colorized output.
2025-08-06 07:09:14,831 - freqtrade.loggers - INFO - Logfile configured
2025-08-06 07:09:14,832 - freqtrade.loggers - INFO - Verbosity set to 0
2025-08-06 07:09:14,832 - freqtrade.configuration.configuration - INFO - Runmode set to dry_run.
2025-08-06 07:09:14,832 - freqtrade.configuration.configuration - INFO - Parameter --db-url detected ...
2025-08-06 07:09:14,832 - freqtrade.configuration.configuration - INFO - Dry run is enabled
2025-08-06 07:09:14,833 - freqtrade.configuration.configuration - INFO - Using DB: "sqlite:////freqtrade/user_data/tradesv3.sqlite"
2025-08-06 07:09:14,833 - freqtrade.configuration.configuration - INFO - Using max_open_trades: 3 ...
2025-08-06 07:09:14,843 - freqtrade.configuration.configuration - INFO - Using user-data directory: /freqtrade/user_data ...
2025-08-06 07:09:14,843 - freqtrade.configuration.configuration - INFO - Using data directory: /freqtrade/user_data/data/binance ...
2025-08-06 07:09:14,844 - freqtrade.exchange.check_exchange - INFO - Checking exchange...
2025-08-06 07:09:14,851 - freqtrade.exchange.check_exchange - INFO - Exchange "binance" is officially supported by the Freqtrade development team.
2025-08-06 07:09:14,852 - freqtrade.configuration.configuration - INFO - Using pairlist from configuration.
2025-08-06 07:09:14,852 - freqtrade.exchange.exchange - INFO - Instance is running with dry_run enabled
2025-08-06 07:09:14,853 - freqtrade.exchange.exchange - INFO - Using CCXT 4.4.96
2025-08-06 07:09:14,853 - freqtrade.exchange.exchange - INFO - Applying additional ccxt config: {'options': {'defaultType': 'swap'}}
2025-08-06 07:09:14,859 - freqtrade.exchange.exchange - INFO - Applying additional ccxt config: {'options': {'defaultType': 'swap'}}
2025-08-06 07:09:14,865 - freqtrade.exchange.exchange - INFO - Using Exchange "Binance"
2025-08-06 07:09:16,542 - freqtrade.resolvers.exchange_resolver - INFO - Using resolved exchange 'Binance'...
2025-08-06 07:09:16,550 - freqtrade.resolvers.iresolver - INFO - Using resolved strategy SampleStrategy from '/freqtrade/user_data/strategies/sample_strategy.py'...
2025-08-06 07:09:16,550 - freqtrade.strategy.hyper - INFO - Found no parameter file.
2025-08-06 07:09:16,551 - freqtrade.resolvers.strategy_resolver - INFO - Override strategy 'stake_currency' with value in config file: USDT.
2025-08-06 07:09:16,551 - freqtrade.resolvers.strategy_resolver - INFO - Override strategy 'stake_amount' with value in config file: unlimited.
2025-08-06 07:09:16,551 - freqtrade.resolvers.strategy_resolver - INFO - Override strategy 'unfilledtimeout' with value in config file: {'entry': 10, 'exit': 10, 'exit_timeout_count': 0, 'unit': 'minutes'}.
2025-08-06 07:09:16,552 - freqtrade.resolvers.strategy_resolver - INFO - Override strategy 'max_open_trades' with value in config file: 3.
2025-08-06 07:09:16,552 - freqtrade.resolvers.strategy_resolver - INFO - Strategy using minimal_roi: {'60': 0.01, '30': 0.02, '0': 0.04}
2025-08-06 07:09:16,552 - freqtrade.resolvers.strategy_resolver - INFO - Strategy using timeframe: 5m
2025-08-06 07:09:16,552 - freqtrade.resolvers.strategy_resolver - INFO - Strategy using stoploss: -0.1
2025-08-06 07:09:16,553 - freqtrade.resolvers.strategy_resolver - INFO - Strategy using trailing_stop: False
2025-08-06 07:09:16,553 - freqtrade.resolvers.strategy_resolver - INFO - Strategy using trailing_stop_positive_offset: 0.0
2025-08-06 07:09:16,553 - freqtrade.resolvers.strategy_resolver - INFO - Strategy using trailing_only_offset_is_reached: False
2025-08-06 07:09:16,553 - freqtrade.resolvers.strategy_resolver - INFO - Strategy using use_custom_stoploss: False
2025-08-06 07:09:16,553 - freqtrade.resolvers.strategy_resolver - INFO - Strategy using process_only_new_candles: True
2025-08-06 07:09:16,554 - freqtrade.resolvers.strategy_resolver - INFO - Strategy using order_types: {'entry': 'limit', 'exit': 'limit', 'stoploss': 'market', 'stoploss_on_exchange': False}
2025-08-06 07:09:16,554 - freqtrade.resolvers.strategy_resolver - INFO - Strategy using order_time_in_force: {'entry': 'GTC', 'exit': 'GTC'}
2025-08-06 07:09:16,554 - freqtrade.resolvers.strategy_resolver - INFO - Strategy using stake_currency: USDT
2025-08-06 07:09:16,554 - freqtrade.resolvers.strategy_resolver - INFO - Strategy using stake_amount: unlimited
2025-08-06 07:09:16,555 - freqtrade.resolvers.strategy_resolver - INFO - Strategy using startup_candle_count: 200
2025-08-06 07:09:16,555 - freqtrade.resolvers.strategy_resolver - INFO - Strategy using unfilledtimeout: {'entry': 10, 'exit': 10, 'exit_timeout_count': 0, 'unit': 'minutes'}
2025-08-06 07:09:16,555 - freqtrade.resolvers.strategy_resolver - INFO - Strategy using use_exit_signal: True
2025-08-06 07:09:16,555 - freqtrade.resolvers.strategy_resolver - INFO - Strategy using exit_profit_only: False
2025-08-06 07:09:16,555 - freqtrade.resolvers.strategy_resolver - INFO - Strategy using ignore_roi_if_entry_signal: False
2025-08-06 07:09:16,556 - freqtrade.resolvers.strategy_resolver - INFO - Strategy using exit_profit_offset: 0.0
2025-08-06 07:09:16,556 - freqtrade.resolvers.strategy_resolver - INFO - Strategy using disable_dataframe_checks: False
2025-08-06 07:09:16,556 - freqtrade.resolvers.strategy_resolver - INFO - Strategy using ignore_buying_expired_candle_after: 0
2025-08-06 07:09:16,556 - freqtrade.resolvers.strategy_resolver - INFO - Strategy using position_adjustment_enable: False
2025-08-06 07:09:16,557 - freqtrade.resolvers.strategy_resolver - INFO - Strategy using max_entry_position_adjustment: -1
2025-08-06 07:09:16,557 - freqtrade.resolvers.strategy_resolver - INFO - Strategy using max_open_trades: 3
2025-08-06 07:09:16,557 - freqtrade.configuration.config_validation - INFO - Validating configuration ...
2025-08-06 07:09:16,576 - freqtrade.wallets - INFO - Wallets synced.
2025-08-06 07:09:17,358 - freqtrade - ERROR - No Pairlist Handlers defined
2025-08-06 07:10:19,769 - freqtrade.loggers - INFO - Enabling colorized output.
2025-08-06 07:10:19,769 - freqtrade.loggers - INFO - Logfile configured
2025-08-06 07:10:19,769 - freqtrade.loggers - INFO - Verbosity set to 0
2025-08-06 07:10:19,770 - freqtrade.configuration.configuration - INFO - Runmode set to dry_run.
2025-08-06 07:10:19,770 - freqtrade.configuration.configuration - INFO - Parameter --db-url detected ...
2025-08-06 07:10:19,770 - freqtrade.configuration.configuration - INFO - Dry run is enabled
2025-08-06 07:10:19,770 - freqtrade.configuration.configuration - INFO - Using DB: "sqlite:////freqtrade/user_data/tradesv3.sqlite"
2025-08-06 07:10:19,770 - freqtrade.configuration.configuration - INFO - Using max_open_trades: 3 ...
2025-08-06 07:10:19,779 - freqtrade.configuration.configuration - INFO - Using user-data directory: /freqtrade/user_data ...
2025-08-06 07:10:19,780 - freqtrade.configuration.configuration - INFO - Using data directory: /freqtrade/user_data/data/binance ...
2025-08-06 07:10:19,781 - freqtrade.exchange.check_exchange - INFO - Checking exchange...
2025-08-06 07:10:19,788 - freqtrade.exchange.check_exchange - INFO - Exchange "binance" is officially supported by the Freqtrade development team.
2025-08-06 07:10:19,788 - freqtrade.configuration.configuration - INFO - Using pairlist from configuration.
2025-08-06 07:10:19,789 - freqtrade.exchange.exchange - INFO - Instance is running with dry_run enabled
2025-08-06 07:10:19,789 - freqtrade.exchange.exchange - INFO - Using CCXT 4.4.96
2025-08-06 07:10:19,789 - freqtrade.exchange.exchange - INFO - Applying additional ccxt config: {'options': {'defaultType': 'swap'}}
2025-08-06 07:10:19,796 - freqtrade.exchange.exchange - INFO - Applying additional ccxt config: {'options': {'defaultType': 'swap'}}
2025-08-06 07:10:19,803 - freqtrade.exchange.exchange - INFO - Using Exchange "Binance"
2025-08-06 07:10:21,260 - freqtrade.resolvers.exchange_resolver - INFO - Using resolved exchange 'Binance'...
2025-08-06 07:10:21,267 - freqtrade.resolvers.iresolver - INFO - Using resolved strategy SampleStrategy from '/freqtrade/user_data/strategies/sample_strategy.py'...
2025-08-06 07:10:21,267 - freqtrade.strategy.hyper - INFO - Found no parameter file.
2025-08-06 07:10:21,268 - freqtrade.resolvers.strategy_resolver - INFO - Override strategy 'stake_currency' with value in config file: USDT.
2025-08-06 07:10:21,268 - freqtrade.resolvers.strategy_resolver - INFO - Override strategy 'stake_amount' with value in config file: unlimited.
2025-08-06 07:10:21,268 - freqtrade.resolvers.strategy_resolver - INFO - Override strategy 'unfilledtimeout' with value in config file: {'entry': 10, 'exit': 10, 'exit_timeout_count': 0, 'unit': 'minutes'}.
2025-08-06 07:10:21,268 - freqtrade.resolvers.strategy_resolver - INFO - Override strategy 'max_open_trades' with value in config file: 3.
2025-08-06 07:10:21,269 - freqtrade.resolvers.strategy_resolver - INFO - Strategy using minimal_roi: {'60': 0.01, '30': 0.02, '0': 0.04}
2025-08-06 07:10:21,269 - freqtrade.resolvers.strategy_resolver - INFO - Strategy using timeframe: 5m
2025-08-06 07:10:21,269 - freqtrade.resolvers.strategy_resolver - INFO - Strategy using stoploss: -0.1
2025-08-06 07:10:21,269 - freqtrade.resolvers.strategy_resolver - INFO - Strategy using trailing_stop: False
2025-08-06 07:10:21,269 - freqtrade.resolvers.strategy_resolver - INFO - Strategy using trailing_stop_positive_offset: 0.0
2025-08-06 07:10:21,270 - freqtrade.resolvers.strategy_resolver - INFO - Strategy using trailing_only_offset_is_reached: False
2025-08-06 07:10:21,270 - freqtrade.resolvers.strategy_resolver - INFO - Strategy using use_custom_stoploss: False
2025-08-06 07:10:21,270 - freqtrade.resolvers.strategy_resolver - INFO - Strategy using process_only_new_candles: True
2025-08-06 07:10:21,270 - freqtrade.resolvers.strategy_resolver - INFO - Strategy using order_types: {'entry': 'limit', 'exit': 'limit', 'stoploss': 'market', 'stoploss_on_exchange': False}
2025-08-06 07:10:21,270 - freqtrade.resolvers.strategy_resolver - INFO - Strategy using order_time_in_force: {'entry': 'GTC', 'exit': 'GTC'}
2025-08-06 07:10:21,271 - freqtrade.resolvers.strategy_resolver - INFO - Strategy using stake_currency: USDT
2025-08-06 07:10:21,271 - freqtrade.resolvers.strategy_resolver - INFO - Strategy using stake_amount: unlimited
2025-08-06 07:10:21,271 - freqtrade.resolvers.strategy_resolver - INFO - Strategy using startup_candle_count: 200
2025-08-06 07:10:21,271 - freqtrade.resolvers.strategy_resolver - INFO - Strategy using unfilledtimeout: {'entry': 10, 'exit': 10, 'exit_timeout_count': 0, 'unit': 'minutes'}
2025-08-06 07:10:21,271 - freqtrade.resolvers.strategy_resolver - INFO - Strategy using use_exit_signal: True
2025-08-06 07:10:21,272 - freqtrade.resolvers.strategy_resolver - INFO - Strategy using exit_profit_only: False
2025-08-06 07:10:21,272 - freqtrade.resolvers.strategy_resolver - INFO - Strategy using ignore_roi_if_entry_signal: False
2025-08-06 07:10:21,272 - freqtrade.resolvers.strategy_resolver - INFO - Strategy using exit_profit_offset: 0.0
2025-08-06 07:10:21,272 - freqtrade.resolvers.strategy_resolver - INFO - Strategy using disable_dataframe_checks: False
2025-08-06 07:10:21,272 - freqtrade.resolvers.strategy_resolver - INFO - Strategy using ignore_buying_expired_candle_after: 0
2025-08-06 07:10:21,273 - freqtrade.resolvers.strategy_resolver - INFO - Strategy using position_adjustment_enable: False
2025-08-06 07:10:21,273 - freqtrade.resolvers.strategy_resolver - INFO - Strategy using max_entry_position_adjustment: -1
2025-08-06 07:10:21,273 - freqtrade.resolvers.strategy_resolver - INFO - Strategy using max_open_trades: 3
2025-08-06 07:10:21,273 - freqtrade.configuration.config_validation - INFO - Validating configuration ...
2025-08-06 07:10:21,291 - freqtrade.wallets - INFO - Wallets synced.
2025-08-06 07:10:22,132 - freqtrade - ERROR - No Pairlist Handlers defined
2025-08-06 07:11:24,457 - freqtrade.loggers - INFO - Enabling colorized output.
2025-08-06 07:11:24,457 - freqtrade.loggers - INFO - Logfile configured
2025-08-06 07:11:24,457 - freqtrade.loggers - INFO - Verbosity set to 0
2025-08-06 07:11:24,458 - freqtrade.configuration.configuration - INFO - Runmode set to dry_run.
2025-08-06 07:11:24,458 - freqtrade.configuration.configuration - INFO - Parameter --db-url detected ...
2025-08-06 07:11:24,458 - freqtrade.configuration.configuration - INFO - Dry run is enabled
2025-08-06 07:11:24,458 - freqtrade.configuration.configuration - INFO - Using DB: "sqlite:////freqtrade/user_data/tradesv3.sqlite"
2025-08-06 07:11:24,459 - freqtrade.configuration.configuration - INFO - Using max_open_trades: 3 ...
2025-08-06 07:11:24,470 - freqtrade.configuration.configuration - INFO - Using user-data directory: /freqtrade/user_data ...
2025-08-06 07:11:24,470 - freqtrade.configuration.configuration - INFO - Using data directory: /freqtrade/user_data/data/binance ...
2025-08-06 07:11:24,471 - freqtrade.exchange.check_exchange - INFO - Checking exchange...
2025-08-06 07:11:24,479 - freqtrade.exchange.check_exchange - INFO - Exchange "binance" is officially supported by the Freqtrade development team.
2025-08-06 07:11:24,480 - freqtrade.configuration.configuration - INFO - Using pairlist from configuration.
2025-08-06 07:11:24,480 - freqtrade.exchange.exchange - INFO - Instance is running with dry_run enabled
2025-08-06 07:11:24,481 - freqtrade.exchange.exchange - INFO - Using CCXT 4.4.96
2025-08-06 07:11:24,481 - freqtrade.exchange.exchange - INFO - Applying additional ccxt config: {'options': {'defaultType': 'swap'}}
2025-08-06 07:11:24,487 - freqtrade.exchange.exchange - INFO - Applying additional ccxt config: {'options': {'defaultType': 'swap'}}
2025-08-06 07:11:24,495 - freqtrade.exchange.exchange - INFO - Using Exchange "Binance"
2025-08-06 07:11:25,926 - freqtrade.resolvers.exchange_resolver - INFO - Using resolved exchange 'Binance'...
2025-08-06 07:11:25,933 - freqtrade.resolvers.iresolver - INFO - Using resolved strategy SampleStrategy from '/freqtrade/user_data/strategies/sample_strategy.py'...
2025-08-06 07:11:25,933 - freqtrade.strategy.hyper - INFO - Found no parameter file.
2025-08-06 07:11:25,934 - freqtrade.resolvers.strategy_resolver - INFO - Override strategy 'stake_currency' with value in config file: USDT.
2025-08-06 07:11:25,934 - freqtrade.resolvers.strategy_resolver - INFO - Override strategy 'stake_amount' with value in config file: unlimited.
2025-08-06 07:11:25,934 - freqtrade.resolvers.strategy_resolver - INFO - Override strategy 'unfilledtimeout' with value in config file: {'entry': 10, 'exit': 10, 'exit_timeout_count': 0, 'unit': 'minutes'}.
2025-08-06 07:11:25,935 - freqtrade.resolvers.strategy_resolver - INFO - Override strategy 'max_open_trades' with value in config file: 3.
2025-08-06 07:11:25,935 - freqtrade.resolvers.strategy_resolver - INFO - Strategy using minimal_roi: {'60': 0.01, '30': 0.02, '0': 0.04}
2025-08-06 07:11:25,935 - freqtrade.resolvers.strategy_resolver - INFO - Strategy using timeframe: 5m
2025-08-06 07:11:25,935 - freqtrade.resolvers.strategy_resolver - INFO - Strategy using stoploss: -0.1
2025-08-06 07:11:25,936 - freqtrade.resolvers.strategy_resolver - INFO - Strategy using trailing_stop: False
2025-08-06 07:11:25,936 - freqtrade.resolvers.strategy_resolver - INFO - Strategy using trailing_stop_positive_offset: 0.0
2025-08-06 07:11:25,936 - freqtrade.resolvers.strategy_resolver - INFO - Strategy using trailing_only_offset_is_reached: False
2025-08-06 07:11:25,936 - freqtrade.resolvers.strategy_resolver - INFO - Strategy using use_custom_stoploss: False
2025-08-06 07:11:25,936 - freqtrade.resolvers.strategy_resolver - INFO - Strategy using process_only_new_candles: True
2025-08-06 07:11:25,937 - freqtrade.resolvers.strategy_resolver - INFO - Strategy using order_types: {'entry': 'limit', 'exit': 'limit', 'stoploss': 'market', 'stoploss_on_exchange': False}
2025-08-06 07:11:25,937 - freqtrade.resolvers.strategy_resolver - INFO - Strategy using order_time_in_force: {'entry': 'GTC', 'exit': 'GTC'}
2025-08-06 07:11:25,937 - freqtrade.resolvers.strategy_resolver - INFO - Strategy using stake_currency: USDT
2025-08-06 07:11:25,937 - freqtrade.resolvers.strategy_resolver - INFO - Strategy using stake_amount: unlimited
2025-08-06 07:11:25,937 - freqtrade.resolvers.strategy_resolver - INFO - Strategy using startup_candle_count: 200
2025-08-06 07:11:25,938 - freqtrade.resolvers.strategy_resolver - INFO - Strategy using unfilledtimeout: {'entry': 10, 'exit': 10, 'exit_timeout_count': 0, 'unit': 'minutes'}
2025-08-06 07:11:25,938 - freqtrade.resolvers.strategy_resolver - INFO - Strategy using use_exit_signal: True
2025-08-06 07:11:25,938 - freqtrade.resolvers.strategy_resolver - INFO - Strategy using exit_profit_only: False
2025-08-06 07:11:25,938 - freqtrade.resolvers.strategy_resolver - INFO - Strategy using ignore_roi_if_entry_signal: False
2025-08-06 07:11:25,938 - freqtrade.resolvers.strategy_resolver - INFO - Strategy using exit_profit_offset: 0.0
2025-08-06 07:11:25,939 - freqtrade.resolvers.strategy_resolver - INFO - Strategy using disable_dataframe_checks: False
2025-08-06 07:11:25,939 - freqtrade.resolvers.strategy_resolver - INFO - Strategy using ignore_buying_expired_candle_after: 0
2025-08-06 07:11:25,939 - freqtrade.resolvers.strategy_resolver - INFO - Strategy using position_adjustment_enable: False
2025-08-06 07:11:25,939 - freqtrade.resolvers.strategy_resolver - INFO - Strategy using max_entry_position_adjustment: -1
2025-08-06 07:11:25,939 - freqtrade.resolvers.strategy_resolver - INFO - Strategy using max_open_trades: 3
2025-08-06 07:11:25,940 - freqtrade.configuration.config_validation - INFO - Validating configuration ...
2025-08-06 07:11:25,957 - freqtrade.wallets - INFO - Wallets synced.
2025-08-06 07:11:26,803 - freqtrade - ERROR - No Pairlist Handlers defined
2025-08-06 07:12:29,500 - freqtrade.loggers - INFO - Enabling colorized output.
2025-08-06 07:12:29,500 - freqtrade.loggers - INFO - Logfile configured
2025-08-06 07:12:29,500 - freqtrade.loggers - INFO - Verbosity set to 0
2025-08-06 07:12:29,501 - freqtrade.configuration.configuration - INFO - Runmode set to dry_run.
2025-08-06 07:12:29,501 - freqtrade.configuration.configuration - INFO - Parameter --db-url detected ...
2025-08-06 07:12:29,501 - freqtrade.configuration.configuration - INFO - Dry run is enabled
2025-08-06 07:12:29,501 - freqtrade.configuration.configuration - INFO - Using DB: "sqlite:////freqtrade/user_data/tradesv3.sqlite"
2025-08-06 07:12:29,502 - freqtrade.configuration.configuration - INFO - Using max_open_trades: 3 ...
2025-08-06 07:12:29,513 - freqtrade.configuration.configuration - INFO - Using user-data directory: /freqtrade/user_data ...
2025-08-06 07:12:29,514 - freqtrade.configuration.configuration - INFO - Using data directory: /freqtrade/user_data/data/binance ...
2025-08-06 07:12:29,516 - freqtrade.exchange.check_exchange - INFO - Checking exchange...
2025-08-06 07:12:29,524 - freqtrade.exchange.check_exchange - INFO - Exchange "binance" is officially supported by the Freqtrade development team.
2025-08-06 07:12:29,525 - freqtrade.configuration.configuration - INFO - Using pairlist from configuration.
2025-08-06 07:12:29,525 - freqtrade.exchange.exchange - INFO - Instance is running with dry_run enabled
2025-08-06 07:12:29,526 - freqtrade.exchange.exchange - INFO - Using CCXT 4.4.96
2025-08-06 07:12:29,526 - freqtrade.exchange.exchange - INFO - Applying additional ccxt config: {'options': {'defaultType': 'swap'}}
2025-08-06 07:12:29,533 - freqtrade.exchange.exchange - INFO - Applying additional ccxt config: {'options': {'defaultType': 'swap'}}
2025-08-06 07:12:29,541 - freqtrade.exchange.exchange - INFO - Using Exchange "Binance"
2025-08-06 07:12:31,178 - freqtrade.resolvers.exchange_resolver - INFO - Using resolved exchange 'Binance'...
2025-08-06 07:12:31,191 - freqtrade.resolvers.iresolver - INFO - Using resolved strategy SampleStrategy from '/freqtrade/user_data/strategies/sample_strategy.py'...
2025-08-06 07:12:31,192 - freqtrade.strategy.hyper - INFO - Found no parameter file.
2025-08-06 07:12:31,193 - freqtrade.resolvers.strategy_resolver - INFO - Override strategy 'stake_currency' with value in config file: USDT.
2025-08-06 07:12:31,193 - freqtrade.resolvers.strategy_resolver - INFO - Override strategy 'stake_amount' with value in config file: unlimited.
2025-08-06 07:12:31,194 - freqtrade.resolvers.strategy_resolver - INFO - Override strategy 'unfilledtimeout' with value in config file: {'entry': 10, 'exit': 10, 'exit_timeout_count': 0, 'unit': 'minutes'}.
2025-08-06 07:12:31,194 - freqtrade.resolvers.strategy_resolver - INFO - Override strategy 'max_open_trades' with value in config file: 3.
2025-08-06 07:12:31,194 - freqtrade.resolvers.strategy_resolver - INFO - Strategy using minimal_roi: {'60': 0.01, '30': 0.02, '0': 0.04}
2025-08-06 07:12:31,194 - freqtrade.resolvers.strategy_resolver - INFO - Strategy using timeframe: 5m
2025-08-06 07:12:31,195 - freqtrade.resolvers.strategy_resolver - INFO - Strategy using stoploss: -0.1
2025-08-06 07:12:31,195 - freqtrade.resolvers.strategy_resolver - INFO - Strategy using trailing_stop: False
2025-08-06 07:12:31,195 - freqtrade.resolvers.strategy_resolver - INFO - Strategy using trailing_stop_positive_offset: 0.0
2025-08-06 07:12:31,195 - freqtrade.resolvers.strategy_resolver - INFO - Strategy using trailing_only_offset_is_reached: False
2025-08-06 07:12:31,196 - freqtrade.resolvers.strategy_resolver - INFO - Strategy using use_custom_stoploss: False
2025-08-06 07:12:31,196 - freqtrade.resolvers.strategy_resolver - INFO - Strategy using process_only_new_candles: True
2025-08-06 07:12:31,196 - freqtrade.resolvers.strategy_resolver - INFO - Strategy using order_types: {'entry': 'limit', 'exit': 'limit', 'stoploss': 'market', 'stoploss_on_exchange': False}
2025-08-06 07:12:31,196 - freqtrade.resolvers.strategy_resolver - INFO - Strategy using order_time_in_force: {'entry': 'GTC', 'exit': 'GTC'}
2025-08-06 07:12:31,197 - freqtrade.resolvers.strategy_resolver - INFO - Strategy using stake_currency: USDT
2025-08-06 07:12:31,197 - freqtrade.resolvers.strategy_resolver - INFO - Strategy using stake_amount: unlimited
2025-08-06 07:12:31,198 - freqtrade.resolvers.strategy_resolver - INFO - Strategy using startup_candle_count: 200
2025-08-06 07:12:31,198 - freqtrade.resolvers.strategy_resolver - INFO - Strategy using unfilledtimeout: {'entry': 10, 'exit': 10, 'exit_timeout_count': 0, 'unit': 'minutes'}
2025-08-06 07:12:31,198 - freqtrade.resolvers.strategy_resolver - INFO - Strategy using use_exit_signal: True
2025-08-06 07:12:31,198 - freqtrade.resolvers.strategy_resolver - INFO - Strategy using exit_profit_only: False
2025-08-06 07:12:31,199 - freqtrade.resolvers.strategy_resolver - INFO - Strategy using ignore_roi_if_entry_signal: False
2025-08-06 07:12:31,199 - freqtrade.resolvers.strategy_resolver - INFO - Strategy using exit_profit_offset: 0.0
2025-08-06 07:12:31,199 - freqtrade.resolvers.strategy_resolver - INFO - Strategy using disable_dataframe_checks: False
2025-08-06 07:12:31,199 - freqtrade.resolvers.strategy_resolver - INFO - Strategy using ignore_buying_expired_candle_after: 0
2025-08-06 07:12:31,200 - freqtrade.resolvers.strategy_resolver - INFO - Strategy using position_adjustment_enable: False
2025-08-06 07:12:31,200 - freqtrade.resolvers.strategy_resolver - INFO - Strategy using max_entry_position_adjustment: -1
2025-08-06 07:12:31,201 - freqtrade.resolvers.strategy_resolver - INFO - Strategy using max_open_trades: 3
2025-08-06 07:12:31,201 - freqtrade.configuration.config_validation - INFO - Validating configuration ...
2025-08-06 07:12:31,231 - freqtrade.wallets - INFO - Wallets synced.
2025-08-06 07:12:32,011 - freqtrade - ERROR - No Pairlist Handlers defined
2025-08-06 07:13:36,391 - freqtrade.loggers - INFO - Enabling colorized output.
2025-08-06 07:13:36,392 - freqtrade.loggers - INFO - Logfile configured
2025-08-06 07:13:36,392 - freqtrade.loggers - INFO - Verbosity set to 0
2025-08-06 07:13:36,392 - freqtrade.configuration.configuration - INFO - Runmode set to dry_run.
2025-08-06 07:13:36,393 - freqtrade.configuration.configuration - INFO - Parameter --db-url detected ...
2025-08-06 07:13:36,393 - freqtrade.configuration.configuration - INFO - Dry run is enabled
2025-08-06 07:13:36,393 - freqtrade.configuration.configuration - INFO - Using DB: "sqlite:////freqtrade/user_data/tradesv3.sqlite"
2025-08-06 07:13:36,394 - freqtrade.configuration.configuration - INFO - Using max_open_trades: 3 ...
2025-08-06 07:13:36,412 - freqtrade.configuration.configuration - INFO - Using user-data directory: /freqtrade/user_data ...
2025-08-06 07:13:36,413 - freqtrade.configuration.configuration - INFO - Using data directory: /freqtrade/user_data/data/binance ...
2025-08-06 07:13:36,415 - freqtrade.exchange.check_exchange - INFO - Checking exchange...
2025-08-06 07:13:36,427 - freqtrade.exchange.check_exchange - INFO - Exchange "binance" is officially supported by the Freqtrade development team.
2025-08-06 07:13:36,428 - freqtrade.configuration.configuration - INFO - Using pairlist from configuration.
2025-08-06 07:13:36,429 - freqtrade.exchange.exchange - INFO - Instance is running with dry_run enabled
2025-08-06 07:13:36,429 - freqtrade.exchange.exchange - INFO - Using CCXT 4.4.96
2025-08-06 07:13:36,429 - freqtrade.exchange.exchange - INFO - Applying additional ccxt config: {'options': {'defaultType': 'swap'}}
2025-08-06 07:13:36,439 - freqtrade.exchange.exchange - INFO - Applying additional ccxt config: {'options': {'defaultType': 'swap'}}
2025-08-06 07:13:36,450 - freqtrade.exchange.exchange - INFO - Using Exchange "Binance"
2025-08-06 07:13:38,546 - freqtrade.resolvers.exchange_resolver - INFO - Using resolved exchange 'Binance'...
2025-08-06 07:13:38,560 - freqtrade.resolvers.iresolver - INFO - Using resolved strategy SampleStrategy from '/freqtrade/user_data/strategies/sample_strategy.py'...
2025-08-06 07:13:38,561 - freqtrade.strategy.hyper - INFO - Found no parameter file.
2025-08-06 07:13:38,562 - freqtrade.resolvers.strategy_resolver - INFO - Override strategy 'stake_currency' with value in config file: USDT.
2025-08-06 07:13:38,562 - freqtrade.resolvers.strategy_resolver - INFO - Override strategy 'stake_amount' with value in config file: unlimited.
2025-08-06 07:13:38,562 - freqtrade.resolvers.strategy_resolver - INFO - Override strategy 'unfilledtimeout' with value in config file: {'entry': 10, 'exit': 10, 'exit_timeout_count': 0, 'unit': 'minutes'}.
2025-08-06 07:13:38,563 - freqtrade.resolvers.strategy_resolver - INFO - Override strategy 'max_open_trades' with value in config file: 3.
2025-08-06 07:13:38,563 - freqtrade.resolvers.strategy_resolver - INFO - Strategy using minimal_roi: {'60': 0.01, '30': 0.02, '0': 0.04}
2025-08-06 07:13:38,563 - freqtrade.resolvers.strategy_resolver - INFO - Strategy using timeframe: 5m
2025-08-06 07:13:38,564 - freqtrade.resolvers.strategy_resolver - INFO - Strategy using stoploss: -0.1
2025-08-06 07:13:38,564 - freqtrade.resolvers.strategy_resolver - INFO - Strategy using trailing_stop: False
2025-08-06 07:13:38,564 - freqtrade.resolvers.strategy_resolver - INFO - Strategy using trailing_stop_positive_offset: 0.0
2025-08-06 07:13:38,565 - freqtrade.resolvers.strategy_resolver - INFO - Strategy using trailing_only_offset_is_reached: False
2025-08-06 07:13:38,565 - freqtrade.resolvers.strategy_resolver - INFO - Strategy using use_custom_stoploss: False
2025-08-06 07:13:38,567 - freqtrade.resolvers.strategy_resolver - INFO - Strategy using process_only_new_candles: True
2025-08-06 07:13:38,567 - freqtrade.resolvers.strategy_resolver - INFO - Strategy using order_types: {'entry': 'limit', 'exit': 'limit', 'stoploss': 'market', 'stoploss_on_exchange': False}
2025-08-06 07:13:38,568 - freqtrade.resolvers.strategy_resolver - INFO - Strategy using order_time_in_force: {'entry': 'GTC', 'exit': 'GTC'}
2025-08-06 07:13:38,568 - freqtrade.resolvers.strategy_resolver - INFO - Strategy using stake_currency: USDT
2025-08-06 07:13:38,568 - freqtrade.resolvers.strategy_resolver - INFO - Strategy using stake_amount: unlimited
2025-08-06 07:13:38,569 - freqtrade.resolvers.strategy_resolver - INFO - Strategy using startup_candle_count: 200
2025-08-06 07:13:38,569 - freqtrade.resolvers.strategy_resolver - INFO - Strategy using unfilledtimeout: {'entry': 10, 'exit': 10, 'exit_timeout_count': 0, 'unit': 'minutes'}
2025-08-06 07:13:38,570 - freqtrade.resolvers.strategy_resolver - INFO - Strategy using use_exit_signal: True
2025-08-06 07:13:38,571 - freqtrade.resolvers.strategy_resolver - INFO - Strategy using exit_profit_only: False
2025-08-06 07:13:38,571 - freqtrade.resolvers.strategy_resolver - INFO - Strategy using ignore_roi_if_entry_signal: False
2025-08-06 07:13:38,573 - freqtrade.resolvers.strategy_resolver - INFO - Strategy using exit_profit_offset: 0.0
2025-08-06 07:13:38,573 - freqtrade.resolvers.strategy_resolver - INFO - Strategy using disable_dataframe_checks: False
2025-08-06 07:13:38,574 - freqtrade.resolvers.strategy_resolver - INFO - Strategy using ignore_buying_expired_candle_after: 0
2025-08-06 07:13:38,574 - freqtrade.resolvers.strategy_resolver - INFO - Strategy using position_adjustment_enable: False
2025-08-06 07:13:38,574 - freqtrade.resolvers.strategy_resolver - INFO - Strategy using max_entry_position_adjustment: -1
2025-08-06 07:13:38,575 - freqtrade.resolvers.strategy_resolver - INFO - Strategy using max_open_trades: 3
2025-08-06 07:13:38,575 - freqtrade.configuration.config_validation - INFO - Validating configuration ...
2025-08-06 07:13:38,622 - freqtrade.wallets - INFO - Wallets synced.
2025-08-06 07:13:39,395 - freqtrade - ERROR - No Pairlist Handlers defined
2025-08-06 07:14:42,940 - freqtrade.loggers - INFO - Enabling colorized output.
2025-08-06 07:14:42,942 - freqtrade.loggers - INFO - Logfile configured
2025-08-06 07:14:42,942 - freqtrade.loggers - INFO - Verbosity set to 0
2025-08-06 07:14:42,943 - freqtrade.configuration.configuration - INFO - Runmode set to dry_run.
2025-08-06 07:14:42,943 - freqtrade.configuration.configuration - INFO - Parameter --db-url detected ...
2025-08-06 07:14:42,943 - freqtrade.configuration.configuration - INFO - Dry run is enabled
2025-08-06 07:14:42,944 - freqtrade.configuration.configuration - INFO - Using DB: "sqlite:////freqtrade/user_data/tradesv3.sqlite"
2025-08-06 07:14:42,944 - freqtrade.configuration.configuration - INFO - Using max_open_trades: 3 ...
2025-08-06 07:14:42,958 - freqtrade.configuration.configuration - INFO - Using user-data directory: /freqtrade/user_data ...
2025-08-06 07:14:42,960 - freqtrade.configuration.configuration - INFO - Using data directory: /freqtrade/user_data/data/binance ...
2025-08-06 07:14:42,961 - freqtrade.exchange.check_exchange - INFO - Checking exchange...
2025-08-06 07:14:42,969 - freqtrade.exchange.check_exchange - INFO - Exchange "binance" is officially supported by the Freqtrade development team.
2025-08-06 07:14:42,970 - freqtrade.configuration.configuration - INFO - Using pairlist from configuration.
2025-08-06 07:14:42,970 - freqtrade.exchange.exchange - INFO - Instance is running with dry_run enabled
2025-08-06 07:14:42,971 - freqtrade.exchange.exchange - INFO - Using CCXT 4.4.96
2025-08-06 07:14:42,971 - freqtrade.exchange.exchange - INFO - Applying additional ccxt config: {'options': {'defaultType': 'swap'}}
2025-08-06 07:14:42,979 - freqtrade.exchange.exchange - INFO - Applying additional ccxt config: {'options': {'defaultType': 'swap'}}
2025-08-06 07:14:42,987 - freqtrade.exchange.exchange - INFO - Using Exchange "Binance"
2025-08-06 07:14:44,739 - freqtrade.resolvers.exchange_resolver - INFO - Using resolved exchange 'Binance'...
2025-08-06 07:14:44,750 - freqtrade.resolvers.iresolver - INFO - Using resolved strategy SampleStrategy from '/freqtrade/user_data/strategies/sample_strategy.py'...
2025-08-06 07:14:44,751 - freqtrade.strategy.hyper - INFO - Found no parameter file.
2025-08-06 07:14:44,752 - freqtrade.resolvers.strategy_resolver - INFO - Override strategy 'stake_currency' with value in config file: USDT.
2025-08-06 07:14:44,752 - freqtrade.resolvers.strategy_resolver - INFO - Override strategy 'stake_amount' with value in config file: unlimited.
2025-08-06 07:14:44,753 - freqtrade.resolvers.strategy_resolver - INFO - Override strategy 'unfilledtimeout' with value in config file: {'entry': 10, 'exit': 10, 'exit_timeout_count': 0, 'unit': 'minutes'}.
2025-08-06 07:14:44,753 - freqtrade.resolvers.strategy_resolver - INFO - Override strategy 'max_open_trades' with value in config file: 3.
2025-08-06 07:14:44,753 - freqtrade.resolvers.strategy_resolver - INFO - Strategy using minimal_roi: {'60': 0.01, '30': 0.02, '0': 0.04}
2025-08-06 07:14:44,753 - freqtrade.resolvers.strategy_resolver - INFO - Strategy using timeframe: 5m
2025-08-06 07:14:44,754 - freqtrade.resolvers.strategy_resolver - INFO - Strategy using stoploss: -0.1
2025-08-06 07:14:44,754 - freqtrade.resolvers.strategy_resolver - INFO - Strategy using trailing_stop: False
2025-08-06 07:14:44,754 - freqtrade.resolvers.strategy_resolver - INFO - Strategy using trailing_stop_positive_offset: 0.0
2025-08-06 07:14:44,754 - freqtrade.resolvers.strategy_resolver - INFO - Strategy using trailing_only_offset_is_reached: False
2025-08-06 07:14:44,754 - freqtrade.resolvers.strategy_resolver - INFO - Strategy using use_custom_stoploss: False
2025-08-06 07:14:44,755 - freqtrade.resolvers.strategy_resolver - INFO - Strategy using process_only_new_candles: True
2025-08-06 07:14:44,755 - freqtrade.resolvers.strategy_resolver - INFO - Strategy using order_types: {'entry': 'limit', 'exit': 'limit', 'stoploss': 'market', 'stoploss_on_exchange': False}
2025-08-06 07:14:44,755 - freqtrade.resolvers.strategy_resolver - INFO - Strategy using order_time_in_force: {'entry': 'GTC', 'exit': 'GTC'}
2025-08-06 07:14:44,755 - freqtrade.resolvers.strategy_resolver - INFO - Strategy using stake_currency: USDT
2025-08-06 07:14:44,756 - freqtrade.resolvers.strategy_resolver - INFO - Strategy using stake_amount: unlimited
2025-08-06 07:14:44,756 - freqtrade.resolvers.strategy_resolver - INFO - Strategy using startup_candle_count: 200
2025-08-06 07:14:44,756 - freqtrade.resolvers.strategy_resolver - INFO - Strategy using unfilledtimeout: {'entry': 10, 'exit': 10, 'exit_timeout_count': 0, 'unit': 'minutes'}
2025-08-06 07:14:44,756 - freqtrade.resolvers.strategy_resolver - INFO - Strategy using use_exit_signal: True
2025-08-06 07:14:44,756 - freqtrade.resolvers.strategy_resolver - INFO - Strategy using exit_profit_only: False
2025-08-06 07:14:44,757 - freqtrade.resolvers.strategy_resolver - INFO - Strategy using ignore_roi_if_entry_signal: False
2025-08-06 07:14:44,757 - freqtrade.resolvers.strategy_resolver - INFO - Strategy using exit_profit_offset: 0.0
2025-08-06 07:14:44,757 - freqtrade.resolvers.strategy_resolver - INFO - Strategy using disable_dataframe_checks: False
2025-08-06 07:14:44,757 - freqtrade.resolvers.strategy_resolver - INFO - Strategy using ignore_buying_expired_candle_after: 0
2025-08-06 07:14:44,757 - freqtrade.resolvers.strategy_resolver - INFO - Strategy using position_adjustment_enable: False
2025-08-06 07:14:44,758 - freqtrade.resolvers.strategy_resolver - INFO - Strategy using max_entry_position_adjustment: -1
2025-08-06 07:14:44,758 - freqtrade.resolvers.strategy_resolver - INFO - Strategy using max_open_trades: 3
2025-08-06 07:14:44,758 - freqtrade.configuration.config_validation - INFO - Validating configuration ...
2025-08-06 07:14:44,788 - freqtrade.wallets - INFO - Wallets synced.
2025-08-06 07:14:45,571 - freqtrade - ERROR - No Pairlist Handlers defined
2025-08-06 07:15:50,403 - freqtrade.loggers - INFO - Enabling colorized output.
2025-08-06 07:15:50,404 - freqtrade.loggers - INFO - Logfile configured
2025-08-06 07:15:50,405 - freqtrade.loggers - INFO - Verbosity set to 0
2025-08-06 07:15:50,406 - freqtrade.configuration.configuration - INFO - Runmode set to dry_run.
2025-08-06 07:15:50,406 - freqtrade.configuration.configuration - INFO - Parameter --db-url detected ...
2025-08-06 07:15:50,407 - freqtrade.configuration.configuration - INFO - Dry run is enabled
2025-08-06 07:15:50,407 - freqtrade.configuration.configuration - INFO - Using DB: "sqlite:////freqtrade/user_data/tradesv3.sqlite"
2025-08-06 07:15:50,408 - freqtrade.configuration.configuration - INFO - Using max_open_trades: 3 ...
2025-08-06 07:15:50,440 - freqtrade.configuration.configuration - INFO - Using user-data directory: /freqtrade/user_data ...
2025-08-06 07:15:50,442 - freqtrade.configuration.configuration - INFO - Using data directory: /freqtrade/user_data/data/binance ...
2025-08-06 07:15:50,443 - freqtrade.exchange.check_exchange - INFO - Checking exchange...
2025-08-06 07:15:50,455 - freqtrade.exchange.check_exchange - INFO - Exchange "binance" is officially supported by the Freqtrade development team.
2025-08-06 07:15:50,456 - freqtrade.configuration.configuration - INFO - Using pairlist from configuration.
2025-08-06 07:15:50,458 - freqtrade.exchange.exchange - INFO - Instance is running with dry_run enabled
2025-08-06 07:15:50,458 - freqtrade.exchange.exchange - INFO - Using CCXT 4.4.96
2025-08-06 07:15:50,459 - freqtrade.exchange.exchange - INFO - Applying additional ccxt config: {'options': {'defaultType': 'swap'}}
2025-08-06 07:15:50,468 - freqtrade.exchange.exchange - INFO - Applying additional ccxt config: {'options': {'defaultType': 'swap'}}
2025-08-06 07:15:50,480 - freqtrade.exchange.exchange - INFO - Using Exchange "Binance"
2025-08-06 07:15:52,547 - freqtrade.resolvers.exchange_resolver - INFO - Using resolved exchange 'Binance'...
2025-08-06 07:15:52,597 - freqtrade.resolvers.iresolver - INFO - Using resolved strategy SampleStrategy from '/freqtrade/user_data/strategies/sample_strategy.py'...
2025-08-06 07:15:52,599 - freqtrade.strategy.hyper - INFO - Found no parameter file.
2025-08-06 07:15:52,600 - freqtrade.resolvers.strategy_resolver - INFO - Override strategy 'stake_currency' with value in config file: USDT.
2025-08-06 07:15:52,601 - freqtrade.resolvers.strategy_resolver - INFO - Override strategy 'stake_amount' with value in config file: unlimited.
2025-08-06 07:15:52,602 - freqtrade.resolvers.strategy_resolver - INFO - Override strategy 'unfilledtimeout' with value in config file: {'entry': 10, 'exit': 10, 'exit_timeout_count': 0, 'unit': 'minutes'}.
2025-08-06 07:15:52,603 - freqtrade.resolvers.strategy_resolver - INFO - Override strategy 'max_open_trades' with value in config file: 3.
2025-08-06 07:15:52,604 - freqtrade.resolvers.strategy_resolver - INFO - Strategy using minimal_roi: {'60': 0.01, '30': 0.02, '0': 0.04}
2025-08-06 07:15:52,605 - freqtrade.resolvers.strategy_resolver - INFO - Strategy using timeframe: 5m
2025-08-06 07:15:52,606 - freqtrade.resolvers.strategy_resolver - INFO - Strategy using stoploss: -0.1
2025-08-06 07:15:52,607 - freqtrade.resolvers.strategy_resolver - INFO - Strategy using trailing_stop: False
2025-08-06 07:15:52,608 - freqtrade.resolvers.strategy_resolver - INFO - Strategy using trailing_stop_positive_offset: 0.0
2025-08-06 07:15:52,609 - freqtrade.resolvers.strategy_resolver - INFO - Strategy using trailing_only_offset_is_reached: False
2025-08-06 07:15:52,609 - freqtrade.resolvers.strategy_resolver - INFO - Strategy using use_custom_stoploss: False
2025-08-06 07:15:52,611 - freqtrade.resolvers.strategy_resolver - INFO - Strategy using process_only_new_candles: True
2025-08-06 07:15:52,612 - freqtrade.resolvers.strategy_resolver - INFO - Strategy using order_types: {'entry': 'limit', 'exit': 'limit', 'stoploss': 'market', 'stoploss_on_exchange': False}
2025-08-06 07:15:52,614 - freqtrade.resolvers.strategy_resolver - INFO - Strategy using order_time_in_force: {'entry': 'GTC', 'exit': 'GTC'}
2025-08-06 07:15:52,614 - freqtrade.resolvers.strategy_resolver - INFO - Strategy using stake_currency: USDT
2025-08-06 07:15:52,616 - freqtrade.resolvers.strategy_resolver - INFO - Strategy using stake_amount: unlimited
2025-08-06 07:15:52,618 - freqtrade.resolvers.strategy_resolver - INFO - Strategy using startup_candle_count: 200
2025-08-06 07:15:52,619 - freqtrade.resolvers.strategy_resolver - INFO - Strategy using unfilledtimeout: {'entry': 10, 'exit': 10, 'exit_timeout_count': 0, 'unit': 'minutes'}
2025-08-06 07:15:52,620 - freqtrade.resolvers.strategy_resolver - INFO - Strategy using use_exit_signal: True
2025-08-06 07:15:52,620 - freqtrade.resolvers.strategy_resolver - INFO - Strategy using exit_profit_only: False
2025-08-06 07:15:52,621 - freqtrade.resolvers.strategy_resolver - INFO - Strategy using ignore_roi_if_entry_signal: False
2025-08-06 07:15:52,622 - freqtrade.resolvers.strategy_resolver - INFO - Strategy using exit_profit_offset: 0.0
2025-08-06 07:15:52,623 - freqtrade.resolvers.strategy_resolver - INFO - Strategy using disable_dataframe_checks: False
2025-08-06 07:15:52,624 - freqtrade.resolvers.strategy_resolver - INFO - Strategy using ignore_buying_expired_candle_after: 0
2025-08-06 07:15:52,624 - freqtrade.resolvers.strategy_resolver - INFO - Strategy using position_adjustment_enable: False
2025-08-06 07:15:52,625 - freqtrade.resolvers.strategy_resolver - INFO - Strategy using max_entry_position_adjustment: -1
2025-08-06 07:15:52,625 - freqtrade.resolvers.strategy_resolver - INFO - Strategy using max_open_trades: 3
2025-08-06 07:15:52,625 - freqtrade.configuration.config_validation - INFO - Validating configuration ...
2025-08-06 07:15:52,666 - freqtrade.wallets - INFO - Wallets synced.
2025-08-06 07:15:53,416 - freqtrade - ERROR - No Pairlist Handlers defined
2025-08-06 07:16:57,486 - freqtrade.loggers - INFO - Enabling colorized output.
2025-08-06 07:16:57,487 - freqtrade.loggers - INFO - Logfile configured
2025-08-06 07:16:57,487 - freqtrade.loggers - INFO - Verbosity set to 0
2025-08-06 07:16:57,487 - freqtrade.configuration.configuration - INFO - Runmode set to dry_run.
2025-08-06 07:16:57,488 - freqtrade.configuration.configuration - INFO - Parameter --db-url detected ...
2025-08-06 07:16:57,488 - freqtrade.configuration.configuration - INFO - Dry run is enabled
2025-08-06 07:16:57,488 - freqtrade.configuration.configuration - INFO - Using DB: "sqlite:////freqtrade/user_data/tradesv3.sqlite"
2025-08-06 07:16:57,488 - freqtrade.configuration.configuration - INFO - Using max_open_trades: 3 ...
2025-08-06 07:16:57,506 - freqtrade.configuration.configuration - INFO - Using user-data directory: /freqtrade/user_data ...
2025-08-06 07:16:57,506 - freqtrade.configuration.configuration - INFO - Using data directory: /freqtrade/user_data/data/binance ...
2025-08-06 07:16:57,508 - freqtrade.exchange.check_exchange - INFO - Checking exchange...
2025-08-06 07:16:57,518 - freqtrade.exchange.check_exchange - INFO - Exchange "binance" is officially supported by the Freqtrade development team.
2025-08-06 07:16:57,518 - freqtrade.configuration.configuration - INFO - Using pairlist from configuration.
2025-08-06 07:16:57,520 - freqtrade.exchange.exchange - INFO - Instance is running with dry_run enabled
2025-08-06 07:16:57,521 - freqtrade.exchange.exchange - INFO - Using CCXT 4.4.96
2025-08-06 07:16:57,521 - freqtrade.exchange.exchange - INFO - Applying additional ccxt config: {'options': {'defaultType': 'swap'}}
2025-08-06 07:16:57,529 - freqtrade.exchange.exchange - INFO - Applying additional ccxt config: {'options': {'defaultType': 'swap'}}
2025-08-06 07:16:57,539 - freqtrade.exchange.exchange - INFO - Using Exchange "Binance"
2025-08-06 07:16:59,211 - freqtrade.resolvers.exchange_resolver - INFO - Using resolved exchange 'Binance'...
2025-08-06 07:16:59,221 - freqtrade.resolvers.iresolver - INFO - Using resolved strategy SampleStrategy from '/freqtrade/user_data/strategies/sample_strategy.py'...
2025-08-06 07:16:59,221 - freqtrade.strategy.hyper - INFO - Found no parameter file.
2025-08-06 07:16:59,222 - freqtrade.resolvers.strategy_resolver - INFO - Override strategy 'stake_currency' with value in config file: USDT.
2025-08-06 07:16:59,222 - freqtrade.resolvers.strategy_resolver - INFO - Override strategy 'stake_amount' with value in config file: unlimited.
2025-08-06 07:16:59,222 - freqtrade.resolvers.strategy_resolver - INFO - Override strategy 'unfilledtimeout' with value in config file: {'entry': 10, 'exit': 10, 'exit_timeout_count': 0, 'unit': 'minutes'}.
2025-08-06 07:16:59,223 - freqtrade.resolvers.strategy_resolver - INFO - Override strategy 'max_open_trades' with value in config file: 3.
2025-08-06 07:16:59,223 - freqtrade.resolvers.strategy_resolver - INFO - Strategy using minimal_roi: {'60': 0.01, '30': 0.02, '0': 0.04}
2025-08-06 07:16:59,223 - freqtrade.resolvers.strategy_resolver - INFO - Strategy using timeframe: 5m
2025-08-06 07:16:59,223 - freqtrade.resolvers.strategy_resolver - INFO - Strategy using stoploss: -0.1
2025-08-06 07:16:59,224 - freqtrade.resolvers.strategy_resolver - INFO - Strategy using trailing_stop: False
2025-08-06 07:16:59,224 - freqtrade.resolvers.strategy_resolver - INFO - Strategy using trailing_stop_positive_offset: 0.0
2025-08-06 07:16:59,224 - freqtrade.resolvers.strategy_resolver - INFO - Strategy using trailing_only_offset_is_reached: False
2025-08-06 07:16:59,224 - freqtrade.resolvers.strategy_resolver - INFO - Strategy using use_custom_stoploss: False
2025-08-06 07:16:59,225 - freqtrade.resolvers.strategy_resolver - INFO - Strategy using process_only_new_candles: True
2025-08-06 07:16:59,225 - freqtrade.resolvers.strategy_resolver - INFO - Strategy using order_types: {'entry': 'limit', 'exit': 'limit', 'stoploss': 'market', 'stoploss_on_exchange': False}
2025-08-06 07:16:59,225 - freqtrade.resolvers.strategy_resolver - INFO - Strategy using order_time_in_force: {'entry': 'GTC', 'exit': 'GTC'}
2025-08-06 07:16:59,226 - freqtrade.resolvers.strategy_resolver - INFO - Strategy using stake_currency: USDT
2025-08-06 07:16:59,227 - freqtrade.resolvers.strategy_resolver - INFO - Strategy using stake_amount: unlimited
2025-08-06 07:16:59,227 - freqtrade.resolvers.strategy_resolver - INFO - Strategy using startup_candle_count: 200
2025-08-06 07:16:59,227 - freqtrade.resolvers.strategy_resolver - INFO - Strategy using unfilledtimeout: {'entry': 10, 'exit': 10, 'exit_timeout_count': 0, 'unit': 'minutes'}
2025-08-06 07:16:59,227 - freqtrade.resolvers.strategy_resolver - INFO - Strategy using use_exit_signal: True
2025-08-06 07:16:59,228 - freqtrade.resolvers.strategy_resolver - INFO - Strategy using exit_profit_only: False
2025-08-06 07:16:59,228 - freqtrade.resolvers.strategy_resolver - INFO - Strategy using ignore_roi_if_entry_signal: False
2025-08-06 07:16:59,228 - freqtrade.resolvers.strategy_resolver - INFO - Strategy using exit_profit_offset: 0.0
2025-08-06 07:16:59,228 - freqtrade.resolvers.strategy_resolver - INFO - Strategy using disable_dataframe_checks: False
2025-08-06 07:16:59,229 - freqtrade.resolvers.strategy_resolver - INFO - Strategy using ignore_buying_expired_candle_after: 0
2025-08-06 07:16:59,229 - freqtrade.resolvers.strategy_resolver - INFO - Strategy using position_adjustment_enable: False
2025-08-06 07:16:59,229 - freqtrade.resolvers.strategy_resolver - INFO - Strategy using max_entry_position_adjustment: -1
2025-08-06 07:16:59,229 - freqtrade.resolvers.strategy_resolver - INFO - Strategy using max_open_trades: 3
2025-08-06 07:16:59,230 - freqtrade.configuration.config_validation - INFO - Validating configuration ...
2025-08-06 07:16:59,258 - freqtrade.wallets - INFO - Wallets synced.
2025-08-06 07:17:00,072 - freqtrade - ERROR - No Pairlist Handlers defined
2025-08-06 07:18:03,640 - freqtrade.loggers - INFO - Enabling colorized output.
2025-08-06 07:18:03,642 - freqtrade.loggers - INFO - Logfile configured
2025-08-06 07:18:03,642 - freqtrade.loggers - INFO - Verbosity set to 0
2025-08-06 07:18:03,642 - freqtrade.configuration.configuration - INFO - Runmode set to dry_run.
2025-08-06 07:18:03,643 - freqtrade.configuration.configuration - INFO - Parameter --db-url detected ...
2025-08-06 07:18:03,643 - freqtrade.configuration.configuration - INFO - Dry run is enabled
2025-08-06 07:18:03,643 - freqtrade.configuration.configuration - INFO - Using DB: "sqlite:////freqtrade/user_data/tradesv3.sqlite"
2025-08-06 07:18:03,643 - freqtrade.configuration.configuration - INFO - Using max_open_trades: 3 ...
2025-08-06 07:18:03,657 - freqtrade.configuration.configuration - INFO - Using user-data directory: /freqtrade/user_data ...
2025-08-06 07:18:03,658 - freqtrade.configuration.configuration - INFO - Using data directory: /freqtrade/user_data/data/binance ...
2025-08-06 07:18:03,660 - freqtrade.exchange.check_exchange - INFO - Checking exchange...
2025-08-06 07:18:03,673 - freqtrade.exchange.check_exchange - INFO - Exchange "binance" is officially supported by the Freqtrade development team.
2025-08-06 07:18:03,673 - freqtrade.configuration.configuration - INFO - Using pairlist from configuration.
2025-08-06 07:18:03,674 - freqtrade.exchange.exchange - INFO - Instance is running with dry_run enabled
2025-08-06 07:18:03,674 - freqtrade.exchange.exchange - INFO - Using CCXT 4.4.96
2025-08-06 07:18:03,674 - freqtrade.exchange.exchange - INFO - Applying additional ccxt config: {'options': {'defaultType': 'swap'}}
2025-08-06 07:18:03,684 - freqtrade.exchange.exchange - INFO - Applying additional ccxt config: {'options': {'defaultType': 'swap'}}
2025-08-06 07:18:03,693 - freqtrade.exchange.exchange - INFO - Using Exchange "Binance"
2025-08-06 07:18:05,516 - freqtrade.resolvers.exchange_resolver - INFO - Using resolved exchange 'Binance'...
2025-08-06 07:18:05,526 - freqtrade.resolvers.iresolver - INFO - Using resolved strategy SampleStrategy from '/freqtrade/user_data/strategies/sample_strategy.py'...
2025-08-06 07:18:05,526 - freqtrade.strategy.hyper - INFO - Found no parameter file.
2025-08-06 07:18:05,527 - freqtrade.resolvers.strategy_resolver - INFO - Override strategy 'stake_currency' with value in config file: USDT.
2025-08-06 07:18:05,527 - freqtrade.resolvers.strategy_resolver - INFO - Override strategy 'stake_amount' with value in config file: unlimited.
2025-08-06 07:18:05,527 - freqtrade.resolvers.strategy_resolver - INFO - Override strategy 'unfilledtimeout' with value in config file: {'entry': 10, 'exit': 10, 'exit_timeout_count': 0, 'unit': 'minutes'}.
2025-08-06 07:18:05,528 - freqtrade.resolvers.strategy_resolver - INFO - Override strategy 'max_open_trades' with value in config file: 3.
2025-08-06 07:18:05,528 - freqtrade.resolvers.strategy_resolver - INFO - Strategy using minimal_roi: {'60': 0.01, '30': 0.02, '0': 0.04}
2025-08-06 07:18:05,529 - freqtrade.resolvers.strategy_resolver - INFO - Strategy using timeframe: 5m
2025-08-06 07:18:05,529 - freqtrade.resolvers.strategy_resolver - INFO - Strategy using stoploss: -0.1
2025-08-06 07:18:05,530 - freqtrade.resolvers.strategy_resolver - INFO - Strategy using trailing_stop: False
2025-08-06 07:18:05,530 - freqtrade.resolvers.strategy_resolver - INFO - Strategy using trailing_stop_positive_offset: 0.0
2025-08-06 07:18:05,530 - freqtrade.resolvers.strategy_resolver - INFO - Strategy using trailing_only_offset_is_reached: False
2025-08-06 07:18:05,530 - freqtrade.resolvers.strategy_resolver - INFO - Strategy using use_custom_stoploss: False
2025-08-06 07:18:05,531 - freqtrade.resolvers.strategy_resolver - INFO - Strategy using process_only_new_candles: True
2025-08-06 07:18:05,531 - freqtrade.resolvers.strategy_resolver - INFO - Strategy using order_types: {'entry': 'limit', 'exit': 'limit', 'stoploss': 'market', 'stoploss_on_exchange': False}
2025-08-06 07:18:05,531 - freqtrade.resolvers.strategy_resolver - INFO - Strategy using order_time_in_force: {'entry': 'GTC', 'exit': 'GTC'}
2025-08-06 07:18:05,531 - freqtrade.resolvers.strategy_resolver - INFO - Strategy using stake_currency: USDT
2025-08-06 07:18:05,532 - freqtrade.resolvers.strategy_resolver - INFO - Strategy using stake_amount: unlimited
2025-08-06 07:18:05,532 - freqtrade.resolvers.strategy_resolver - INFO - Strategy using startup_candle_count: 200
2025-08-06 07:18:05,532 - freqtrade.resolvers.strategy_resolver - INFO - Strategy using unfilledtimeout: {'entry': 10, 'exit': 10, 'exit_timeout_count': 0, 'unit': 'minutes'}
2025-08-06 07:18:05,532 - freqtrade.resolvers.strategy_resolver - INFO - Strategy using use_exit_signal: True
2025-08-06 07:18:05,532 - freqtrade.resolvers.strategy_resolver - INFO - Strategy using exit_profit_only: False
2025-08-06 07:18:05,533 - freqtrade.resolvers.strategy_resolver - INFO - Strategy using ignore_roi_if_entry_signal: False
2025-08-06 07:18:05,533 - freqtrade.resolvers.strategy_resolver - INFO - Strategy using exit_profit_offset: 0.0
2025-08-06 07:18:05,533 - freqtrade.resolvers.strategy_resolver - INFO - Strategy using disable_dataframe_checks: False
2025-08-06 07:18:05,533 - freqtrade.resolvers.strategy_resolver - INFO - Strategy using ignore_buying_expired_candle_after: 0
2025-08-06 07:18:05,533 - freqtrade.resolvers.strategy_resolver - INFO - Strategy using position_adjustment_enable: False
2025-08-06 07:18:05,533 - freqtrade.resolvers.strategy_resolver - INFO - Strategy using max_entry_position_adjustment: -1
2025-08-06 07:18:05,534 - freqtrade.resolvers.strategy_resolver - INFO - Strategy using max_open_trades: 3
2025-08-06 07:18:05,534 - freqtrade.configuration.config_validation - INFO - Validating configuration ...
2025-08-06 07:18:05,561 - freqtrade.wallets - INFO - Wallets synced.
2025-08-06 07:18:06,328 - freqtrade - ERROR - No Pairlist Handlers defined
2025-08-06 07:19:09,135 - freqtrade.loggers - INFO - Enabling colorized output.
2025-08-06 07:19:09,136 - freqtrade.loggers - INFO - Logfile configured
2025-08-06 07:19:09,137 - freqtrade.loggers - INFO - Verbosity set to 0
2025-08-06 07:19:09,137 - freqtrade.configuration.configuration - INFO - Runmode set to dry_run.
2025-08-06 07:19:09,137 - freqtrade.configuration.configuration - INFO - Parameter --db-url detected ...
2025-08-06 07:19:09,137 - freqtrade.configuration.configuration - INFO - Dry run is enabled
2025-08-06 07:19:09,138 - freqtrade.configuration.configuration - INFO - Using DB: "sqlite:////freqtrade/user_data/tradesv3.sqlite"
2025-08-06 07:19:09,138 - freqtrade.configuration.configuration - INFO - Using max_open_trades: 3 ...
2025-08-06 07:19:09,149 - freqtrade.configuration.configuration - INFO - Using user-data directory: /freqtrade/user_data ...
2025-08-06 07:19:09,150 - freqtrade.configuration.configuration - INFO - Using data directory: /freqtrade/user_data/data/binance ...
2025-08-06 07:19:09,150 - freqtrade.exchange.check_exchange - INFO - Checking exchange...
2025-08-06 07:19:09,158 - freqtrade.exchange.check_exchange - INFO - Exchange "binance" is officially supported by the Freqtrade development team.
2025-08-06 07:19:09,159 - freqtrade.configuration.configuration - INFO - Using pairlist from configuration.
2025-08-06 07:19:09,159 - freqtrade.exchange.exchange - INFO - Instance is running with dry_run enabled
2025-08-06 07:19:09,159 - freqtrade.exchange.exchange - INFO - Using CCXT 4.4.96
2025-08-06 07:19:09,159 - freqtrade.exchange.exchange - INFO - Applying additional ccxt config: {'options': {'defaultType': 'swap'}}
2025-08-06 07:19:09,167 - freqtrade.exchange.exchange - INFO - Applying additional ccxt config: {'options': {'defaultType': 'swap'}}
2025-08-06 07:19:09,176 - freqtrade.exchange.exchange - INFO - Using Exchange "Binance"
2025-08-06 07:19:09,524 - freqtrade.exchange.common - WARNING - _load_async_markets() returned exception: "Error in reload_markets due to ExchangeNotAvailable. Message: binance GET https://dapi.binance.com/dapi/v1/exchangeInfo". Retrying still for 3 times.
2025-08-06 07:19:09,669 - freqtrade.exchange.common - WARNING - _load_async_markets() returned exception: "Error in reload_markets due to ExchangeNotAvailable. Message: binance GET https://api.binance.com/api/v3/exchangeInfo". Retrying still for 2 times.
2025-08-06 07:19:10,207 - freqtrade.exchange.common - WARNING - _load_async_markets() returned exception: "Error in reload_markets due to ExchangeNotAvailable. Message: binance GET https://dapi.binance.com/dapi/v1/exchangeInfo". Retrying still for 1 times.
2025-08-06 07:19:11,257 - freqtrade.resolvers.exchange_resolver - INFO - Using resolved exchange 'Binance'...
2025-08-06 07:19:11,265 - freqtrade.resolvers.iresolver - INFO - Using resolved strategy SampleStrategy from '/freqtrade/user_data/strategies/sample_strategy.py'...
2025-08-06 07:19:11,266 - freqtrade.strategy.hyper - INFO - Found no parameter file.
2025-08-06 07:19:11,266 - freqtrade.resolvers.strategy_resolver - INFO - Override strategy 'stake_currency' with value in config file: USDT.
2025-08-06 07:19:11,267 - freqtrade.resolvers.strategy_resolver - INFO - Override strategy 'stake_amount' with value in config file: unlimited.
2025-08-06 07:19:11,267 - freqtrade.resolvers.strategy_resolver - INFO - Override strategy 'unfilledtimeout' with value in config file: {'entry': 10, 'exit': 10, 'exit_timeout_count': 0, 'unit': 'minutes'}.
2025-08-06 07:19:11,267 - freqtrade.resolvers.strategy_resolver - INFO - Override strategy 'max_open_trades' with value in config file: 3.
2025-08-06 07:19:11,267 - freqtrade.resolvers.strategy_resolver - INFO - Strategy using minimal_roi: {'60': 0.01, '30': 0.02, '0': 0.04}
2025-08-06 07:19:11,268 - freqtrade.resolvers.strategy_resolver - INFO - Strategy using timeframe: 5m
2025-08-06 07:19:11,268 - freqtrade.resolvers.strategy_resolver - INFO - Strategy using stoploss: -0.1
2025-08-06 07:19:11,268 - freqtrade.resolvers.strategy_resolver - INFO - Strategy using trailing_stop: False
2025-08-06 07:19:11,268 - freqtrade.resolvers.strategy_resolver - INFO - Strategy using trailing_stop_positive_offset: 0.0
2025-08-06 07:19:11,269 - freqtrade.resolvers.strategy_resolver - INFO - Strategy using trailing_only_offset_is_reached: False
2025-08-06 07:19:11,269 - freqtrade.resolvers.strategy_resolver - INFO - Strategy using use_custom_stoploss: False
2025-08-06 07:19:11,269 - freqtrade.resolvers.strategy_resolver - INFO - Strategy using process_only_new_candles: True
2025-08-06 07:19:11,269 - freqtrade.resolvers.strategy_resolver - INFO - Strategy using order_types: {'entry': 'limit', 'exit': 'limit', 'stoploss': 'market', 'stoploss_on_exchange': False}
2025-08-06 07:19:11,269 - freqtrade.resolvers.strategy_resolver - INFO - Strategy using order_time_in_force: {'entry': 'GTC', 'exit': 'GTC'}
2025-08-06 07:19:11,270 - freqtrade.resolvers.strategy_resolver - INFO - Strategy using stake_currency: USDT
2025-08-06 07:19:11,270 - freqtrade.resolvers.strategy_resolver - INFO - Strategy using stake_amount: unlimited
2025-08-06 07:19:11,270 - freqtrade.resolvers.strategy_resolver - INFO - Strategy using startup_candle_count: 200
2025-08-06 07:19:11,270 - freqtrade.resolvers.strategy_resolver - INFO - Strategy using unfilledtimeout: {'entry': 10, 'exit': 10, 'exit_timeout_count': 0, 'unit': 'minutes'}
2025-08-06 07:19:11,270 - freqtrade.resolvers.strategy_resolver - INFO - Strategy using use_exit_signal: True
2025-08-06 07:19:11,271 - freqtrade.resolvers.strategy_resolver - INFO - Strategy using exit_profit_only: False
2025-08-06 07:19:11,271 - freqtrade.resolvers.strategy_resolver - INFO - Strategy using ignore_roi_if_entry_signal: False
2025-08-06 07:19:11,271 - freqtrade.resolvers.strategy_resolver - INFO - Strategy using exit_profit_offset: 0.0
2025-08-06 07:19:11,271 - freqtrade.resolvers.strategy_resolver - INFO - Strategy using disable_dataframe_checks: False
2025-08-06 07:19:11,271 - freqtrade.resolvers.strategy_resolver - INFO - Strategy using ignore_buying_expired_candle_after: 0
2025-08-06 07:19:11,272 - freqtrade.resolvers.strategy_resolver - INFO - Strategy using position_adjustment_enable: False
2025-08-06 07:19:11,272 - freqtrade.resolvers.strategy_resolver - INFO - Strategy using max_entry_position_adjustment: -1
2025-08-06 07:19:11,272 - freqtrade.resolvers.strategy_resolver - INFO - Strategy using max_open_trades: 3
2025-08-06 07:19:11,272 - freqtrade.configuration.config_validation - INFO - Validating configuration ...
2025-08-06 07:19:11,293 - freqtrade.wallets - INFO - Wallets synced.
2025-08-06 07:19:12,117 - freqtrade - ERROR - No Pairlist Handlers defined
2025-08-06 07:20:14,622 - freqtrade.loggers - INFO - Enabling colorized output.
2025-08-06 07:20:14,622 - freqtrade.loggers - INFO - Logfile configured
2025-08-06 07:20:14,622 - freqtrade.loggers - INFO - Verbosity set to 0
2025-08-06 07:20:14,623 - freqtrade.configuration.configuration - INFO - Runmode set to dry_run.
2025-08-06 07:20:14,623 - freqtrade.configuration.configuration - INFO - Parameter --db-url detected ...
2025-08-06 07:20:14,623 - freqtrade.configuration.configuration - INFO - Dry run is enabled
2025-08-06 07:20:14,623 - freqtrade.configuration.configuration - INFO - Using DB: "sqlite:////freqtrade/user_data/tradesv3.sqlite"
2025-08-06 07:20:14,624 - freqtrade.configuration.configuration - INFO - Using max_open_trades: 3 ...
2025-08-06 07:20:14,644 - freqtrade.configuration.configuration - INFO - Using user-data directory: /freqtrade/user_data ...
2025-08-06 07:20:14,645 - freqtrade.configuration.configuration - INFO - Using data directory: /freqtrade/user_data/data/binance ...
2025-08-06 07:20:14,646 - freqtrade.exchange.check_exchange - INFO - Checking exchange...
2025-08-06 07:20:14,656 - freqtrade.exchange.check_exchange - INFO - Exchange "binance" is officially supported by the Freqtrade development team.
2025-08-06 07:20:14,657 - freqtrade.configuration.configuration - INFO - Using pairlist from configuration.
2025-08-06 07:20:14,657 - freqtrade.exchange.exchange - INFO - Instance is running with dry_run enabled
2025-08-06 07:20:14,657 - freqtrade.exchange.exchange - INFO - Using CCXT 4.4.96
2025-08-06 07:20:14,658 - freqtrade.exchange.exchange - INFO - Applying additional ccxt config: {'options': {'defaultType': 'swap'}}
2025-08-06 07:20:14,664 - freqtrade.exchange.exchange - INFO - Applying additional ccxt config: {'options': {'defaultType': 'swap'}}
2025-08-06 07:20:14,672 - freqtrade.exchange.exchange - INFO - Using Exchange "Binance"
2025-08-06 07:20:16,346 - freqtrade.resolvers.exchange_resolver - INFO - Using resolved exchange 'Binance'...
2025-08-06 07:20:16,353 - freqtrade.resolvers.iresolver - INFO - Using resolved strategy SampleStrategy from '/freqtrade/user_data/strategies/sample_strategy.py'...
2025-08-06 07:20:16,354 - freqtrade.strategy.hyper - INFO - Found no parameter file.
2025-08-06 07:20:16,354 - freqtrade.resolvers.strategy_resolver - INFO - Override strategy 'stake_currency' with value in config file: USDT.
2025-08-06 07:20:16,355 - freqtrade.resolvers.strategy_resolver - INFO - Override strategy 'stake_amount' with value in config file: unlimited.
2025-08-06 07:20:16,355 - freqtrade.resolvers.strategy_resolver - INFO - Override strategy 'unfilledtimeout' with value in config file: {'entry': 10, 'exit': 10, 'exit_timeout_count': 0, 'unit': 'minutes'}.
2025-08-06 07:20:16,355 - freqtrade.resolvers.strategy_resolver - INFO - Override strategy 'max_open_trades' with value in config file: 3.
2025-08-06 07:20:16,355 - freqtrade.resolvers.strategy_resolver - INFO - Strategy using minimal_roi: {'60': 0.01, '30': 0.02, '0': 0.04}
2025-08-06 07:20:16,356 - freqtrade.resolvers.strategy_resolver - INFO - Strategy using timeframe: 5m
2025-08-06 07:20:16,356 - freqtrade.resolvers.strategy_resolver - INFO - Strategy using stoploss: -0.1
2025-08-06 07:20:16,356 - freqtrade.resolvers.strategy_resolver - INFO - Strategy using trailing_stop: False
2025-08-06 07:20:16,356 - freqtrade.resolvers.strategy_resolver - INFO - Strategy using trailing_stop_positive_offset: 0.0
2025-08-06 07:20:16,357 - freqtrade.resolvers.strategy_resolver - INFO - Strategy using trailing_only_offset_is_reached: False
2025-08-06 07:20:16,357 - freqtrade.resolvers.strategy_resolver - INFO - Strategy using use_custom_stoploss: False
2025-08-06 07:20:16,357 - freqtrade.resolvers.strategy_resolver - INFO - Strategy using process_only_new_candles: True
2025-08-06 07:20:16,357 - freqtrade.resolvers.strategy_resolver - INFO - Strategy using order_types: {'entry': 'limit', 'exit': 'limit', 'stoploss': 'market', 'stoploss_on_exchange': False}
2025-08-06 07:20:16,358 - freqtrade.resolvers.strategy_resolver - INFO - Strategy using order_time_in_force: {'entry': 'GTC', 'exit': 'GTC'}
2025-08-06 07:20:16,358 - freqtrade.resolvers.strategy_resolver - INFO - Strategy using stake_currency: USDT
2025-08-06 07:20:16,358 - freqtrade.resolvers.strategy_resolver - INFO - Strategy using stake_amount: unlimited
2025-08-06 07:20:16,358 - freqtrade.resolvers.strategy_resolver - INFO - Strategy using startup_candle_count: 200
2025-08-06 07:20:16,358 - freqtrade.resolvers.strategy_resolver - INFO - Strategy using unfilledtimeout: {'entry': 10, 'exit': 10, 'exit_timeout_count': 0, 'unit': 'minutes'}
2025-08-06 07:20:16,359 - freqtrade.resolvers.strategy_resolver - INFO - Strategy using use_exit_signal: True
2025-08-06 07:20:16,359 - freqtrade.resolvers.strategy_resolver - INFO - Strategy using exit_profit_only: False
2025-08-06 07:20:16,359 - freqtrade.resolvers.strategy_resolver - INFO - Strategy using ignore_roi_if_entry_signal: False
2025-08-06 07:20:16,359 - freqtrade.resolvers.strategy_resolver - INFO - Strategy using exit_profit_offset: 0.0
2025-08-06 07:20:16,359 - freqtrade.resolvers.strategy_resolver - INFO - Strategy using disable_dataframe_checks: False
2025-08-06 07:20:16,360 - freqtrade.resolvers.strategy_resolver - INFO - Strategy using ignore_buying_expired_candle_after: 0
2025-08-06 07:20:16,360 - freqtrade.resolvers.strategy_resolver - INFO - Strategy using position_adjustment_enable: False
2025-08-06 07:20:16,360 - freqtrade.resolvers.strategy_resolver - INFO - Strategy using max_entry_position_adjustment: -1
2025-08-06 07:20:16,360 - freqtrade.resolvers.strategy_resolver - INFO - Strategy using max_open_trades: 3
2025-08-06 07:20:16,360 - freqtrade.configuration.config_validation - INFO - Validating configuration ...
2025-08-06 07:20:16,380 - freqtrade.wallets - INFO - Wallets synced.
2025-08-06 07:20:17,292 - freqtrade - ERROR - No Pairlist Handlers defined
2025-08-06 07:21:19,804 - freqtrade.loggers - INFO - Enabling colorized output.
2025-08-06 07:21:19,804 - freqtrade.loggers - INFO - Logfile configured
2025-08-06 07:21:19,805 - freqtrade.loggers - INFO - Verbosity set to 0
2025-08-06 07:21:19,805 - freqtrade.configuration.configuration - INFO - Runmode set to dry_run.
2025-08-06 07:21:19,805 - freqtrade.configuration.configuration - INFO - Parameter --db-url detected ...
2025-08-06 07:21:19,805 - freqtrade.configuration.configuration - INFO - Dry run is enabled
2025-08-06 07:21:19,806 - freqtrade.configuration.configuration - INFO - Using DB: "sqlite:////freqtrade/user_data/tradesv3.sqlite"
2025-08-06 07:21:19,806 - freqtrade.configuration.configuration - INFO - Using max_open_trades: 3 ...
2025-08-06 07:21:19,817 - freqtrade.configuration.configuration - INFO - Using user-data directory: /freqtrade/user_data ...
2025-08-06 07:21:19,817 - freqtrade.configuration.configuration - INFO - Using data directory: /freqtrade/user_data/data/binance ...
2025-08-06 07:21:19,818 - freqtrade.exchange.check_exchange - INFO - Checking exchange...
2025-08-06 07:21:19,826 - freqtrade.exchange.check_exchange - INFO - Exchange "binance" is officially supported by the Freqtrade development team.
2025-08-06 07:21:19,826 - freqtrade.configuration.configuration - INFO - Using pairlist from configuration.
2025-08-06 07:21:19,826 - freqtrade.exchange.exchange - INFO - Instance is running with dry_run enabled
2025-08-06 07:21:19,827 - freqtrade.exchange.exchange - INFO - Using CCXT 4.4.96
2025-08-06 07:21:19,827 - freqtrade.exchange.exchange - INFO - Applying additional ccxt config: {'options': {'defaultType': 'swap'}}
2025-08-06 07:21:19,833 - freqtrade.exchange.exchange - INFO - Applying additional ccxt config: {'options': {'defaultType': 'swap'}}
2025-08-06 07:21:19,840 - freqtrade.exchange.exchange - INFO - Using Exchange "Binance"
2025-08-06 07:21:21,288 - freqtrade.resolvers.exchange_resolver - INFO - Using resolved exchange 'Binance'...
2025-08-06 07:21:21,295 - freqtrade.resolvers.iresolver - INFO - Using resolved strategy SampleStrategy from '/freqtrade/user_data/strategies/sample_strategy.py'...
2025-08-06 07:21:21,296 - freqtrade.strategy.hyper - INFO - Found no parameter file.
2025-08-06 07:21:21,296 - freqtrade.resolvers.strategy_resolver - INFO - Override strategy 'stake_currency' with value in config file: USDT.
2025-08-06 07:21:21,296 - freqtrade.resolvers.strategy_resolver - INFO - Override strategy 'stake_amount' with value in config file: unlimited.
2025-08-06 07:21:21,297 - freqtrade.resolvers.strategy_resolver - INFO - Override strategy 'unfilledtimeout' with value in config file: {'entry': 10, 'exit': 10, 'exit_timeout_count': 0, 'unit': 'minutes'}.
2025-08-06 07:21:21,297 - freqtrade.resolvers.strategy_resolver - INFO - Override strategy 'max_open_trades' with value in config file: 3.
2025-08-06 07:21:21,297 - freqtrade.resolvers.strategy_resolver - INFO - Strategy using minimal_roi: {'60': 0.01, '30': 0.02, '0': 0.04}
2025-08-06 07:21:21,297 - freqtrade.resolvers.strategy_resolver - INFO - Strategy using timeframe: 5m
2025-08-06 07:21:21,297 - freqtrade.resolvers.strategy_resolver - INFO - Strategy using stoploss: -0.1
2025-08-06 07:21:21,298 - freqtrade.resolvers.strategy_resolver - INFO - Strategy using trailing_stop: False
2025-08-06 07:21:21,298 - freqtrade.resolvers.strategy_resolver - INFO - Strategy using trailing_stop_positive_offset: 0.0
2025-08-06 07:21:21,298 - freqtrade.resolvers.strategy_resolver - INFO - Strategy using trailing_only_offset_is_reached: False
2025-08-06 07:21:21,298 - freqtrade.resolvers.strategy_resolver - INFO - Strategy using use_custom_stoploss: False
2025-08-06 07:21:21,299 - freqtrade.resolvers.strategy_resolver - INFO - Strategy using process_only_new_candles: True
2025-08-06 07:21:21,299 - freqtrade.resolvers.strategy_resolver - INFO - Strategy using order_types: {'entry': 'limit', 'exit': 'limit', 'stoploss': 'market', 'stoploss_on_exchange': False}
2025-08-06 07:21:21,299 - freqtrade.resolvers.strategy_resolver - INFO - Strategy using order_time_in_force: {'entry': 'GTC', 'exit': 'GTC'}
2025-08-06 07:21:21,299 - freqtrade.resolvers.strategy_resolver - INFO - Strategy using stake_currency: USDT
2025-08-06 07:21:21,299 - freqtrade.resolvers.strategy_resolver - INFO - Strategy using stake_amount: unlimited
2025-08-06 07:21:21,300 - freqtrade.resolvers.strategy_resolver - INFO - Strategy using startup_candle_count: 200
2025-08-06 07:21:21,300 - freqtrade.resolvers.strategy_resolver - INFO - Strategy using unfilledtimeout: {'entry': 10, 'exit': 10, 'exit_timeout_count': 0, 'unit': 'minutes'}
2025-08-06 07:21:21,300 - freqtrade.resolvers.strategy_resolver - INFO - Strategy using use_exit_signal: True
2025-08-06 07:21:21,300 - freqtrade.resolvers.strategy_resolver - INFO - Strategy using exit_profit_only: False
2025-08-06 07:21:21,300 - freqtrade.resolvers.strategy_resolver - INFO - Strategy using ignore_roi_if_entry_signal: False
2025-08-06 07:21:21,301 - freqtrade.resolvers.strategy_resolver - INFO - Strategy using exit_profit_offset: 0.0
2025-08-06 07:21:21,301 - freqtrade.resolvers.strategy_resolver - INFO - Strategy using disable_dataframe_checks: False
2025-08-06 07:21:21,301 - freqtrade.resolvers.strategy_resolver - INFO - Strategy using ignore_buying_expired_candle_after: 0
2025-08-06 07:21:21,301 - freqtrade.resolvers.strategy_resolver - INFO - Strategy using position_adjustment_enable: False
2025-08-06 07:21:21,301 - freqtrade.resolvers.strategy_resolver - INFO - Strategy using max_entry_position_adjustment: -1
2025-08-06 07:21:21,302 - freqtrade.resolvers.strategy_resolver - INFO - Strategy using max_open_trades: 3
2025-08-06 07:21:21,302 - freqtrade.configuration.config_validation - INFO - Validating configuration ...
2025-08-06 07:21:21,321 - freqtrade.wallets - INFO - Wallets synced.
2025-08-06 07:21:22,102 - freqtrade - ERROR - No Pairlist Handlers defined
2025-08-06 07:22:24,573 - freqtrade.loggers - INFO - Enabling colorized output.
2025-08-06 07:22:24,574 - freqtrade.loggers - INFO - Logfile configured
2025-08-06 07:22:24,574 - freqtrade.loggers - INFO - Verbosity set to 0
2025-08-06 07:22:24,575 - freqtrade.configuration.configuration - INFO - Runmode set to dry_run.
2025-08-06 07:22:24,575 - freqtrade.configuration.configuration - INFO - Parameter --db-url detected ...
2025-08-06 07:22:24,575 - freqtrade.configuration.configuration - INFO - Dry run is enabled
2025-08-06 07:22:24,575 - freqtrade.configuration.configuration - INFO - Using DB: "sqlite:////freqtrade/user_data/tradesv3.sqlite"
2025-08-06 07:22:24,575 - freqtrade.configuration.configuration - INFO - Using max_open_trades: 3 ...
2025-08-06 07:22:24,587 - freqtrade.configuration.configuration - INFO - Using user-data directory: /freqtrade/user_data ...
2025-08-06 07:22:24,588 - freqtrade.configuration.configuration - INFO - Using data directory: /freqtrade/user_data/data/binance ...
2025-08-06 07:22:24,589 - freqtrade.exchange.check_exchange - INFO - Checking exchange...
2025-08-06 07:22:24,598 - freqtrade.exchange.check_exchange - INFO - Exchange "binance" is officially supported by the Freqtrade development team.
2025-08-06 07:22:24,598 - freqtrade.configuration.configuration - INFO - Using pairlist from configuration.
2025-08-06 07:22:24,599 - freqtrade.exchange.exchange - INFO - Instance is running with dry_run enabled
2025-08-06 07:22:24,599 - freqtrade.exchange.exchange - INFO - Using CCXT 4.4.96
2025-08-06 07:22:24,599 - freqtrade.exchange.exchange - INFO - Applying additional ccxt config: {'options': {'defaultType': 'swap'}}
2025-08-06 07:22:24,606 - freqtrade.exchange.exchange - INFO - Applying additional ccxt config: {'options': {'defaultType': 'swap'}}
2025-08-06 07:22:24,614 - freqtrade.exchange.exchange - INFO - Using Exchange "Binance"
2025-08-06 07:22:26,093 - freqtrade.resolvers.exchange_resolver - INFO - Using resolved exchange 'Binance'...
2025-08-06 07:22:26,102 - freqtrade.resolvers.iresolver - INFO - Using resolved strategy SampleStrategy from '/freqtrade/user_data/strategies/sample_strategy.py'...
2025-08-06 07:22:26,102 - freqtrade.strategy.hyper - INFO - Found no parameter file.
2025-08-06 07:22:26,102 - freqtrade.resolvers.strategy_resolver - INFO - Override strategy 'stake_currency' with value in config file: USDT.
2025-08-06 07:22:26,103 - freqtrade.resolvers.strategy_resolver - INFO - Override strategy 'stake_amount' with value in config file: unlimited.
2025-08-06 07:22:26,103 - freqtrade.resolvers.strategy_resolver - INFO - Override strategy 'unfilledtimeout' with value in config file: {'entry': 10, 'exit': 10, 'exit_timeout_count': 0, 'unit': 'minutes'}.
2025-08-06 07:22:26,103 - freqtrade.resolvers.strategy_resolver - INFO - Override strategy 'max_open_trades' with value in config file: 3.
2025-08-06 07:22:26,103 - freqtrade.resolvers.strategy_resolver - INFO - Strategy using minimal_roi: {'60': 0.01, '30': 0.02, '0': 0.04}
2025-08-06 07:22:26,104 - freqtrade.resolvers.strategy_resolver - INFO - Strategy using timeframe: 5m
2025-08-06 07:22:26,104 - freqtrade.resolvers.strategy_resolver - INFO - Strategy using stoploss: -0.1
2025-08-06 07:22:26,104 - freqtrade.resolvers.strategy_resolver - INFO - Strategy using trailing_stop: False
2025-08-06 07:22:26,104 - freqtrade.resolvers.strategy_resolver - INFO - Strategy using trailing_stop_positive_offset: 0.0
2025-08-06 07:22:26,104 - freqtrade.resolvers.strategy_resolver - INFO - Strategy using trailing_only_offset_is_reached: False
2025-08-06 07:22:26,105 - freqtrade.resolvers.strategy_resolver - INFO - Strategy using use_custom_stoploss: False
2025-08-06 07:22:26,105 - freqtrade.resolvers.strategy_resolver - INFO - Strategy using process_only_new_candles: True
2025-08-06 07:22:26,105 - freqtrade.resolvers.strategy_resolver - INFO - Strategy using order_types: {'entry': 'limit', 'exit': 'limit', 'stoploss': 'market', 'stoploss_on_exchange': False}
2025-08-06 07:22:26,105 - freqtrade.resolvers.strategy_resolver - INFO - Strategy using order_time_in_force: {'entry': 'GTC', 'exit': 'GTC'}
2025-08-06 07:22:26,106 - freqtrade.resolvers.strategy_resolver - INFO - Strategy using stake_currency: USDT
2025-08-06 07:22:26,106 - freqtrade.resolvers.strategy_resolver - INFO - Strategy using stake_amount: unlimited
2025-08-06 07:22:26,106 - freqtrade.resolvers.strategy_resolver - INFO - Strategy using startup_candle_count: 200
2025-08-06 07:22:26,106 - freqtrade.resolvers.strategy_resolver - INFO - Strategy using unfilledtimeout: {'entry': 10, 'exit': 10, 'exit_timeout_count': 0, 'unit': 'minutes'}
2025-08-06 07:22:26,106 - freqtrade.resolvers.strategy_resolver - INFO - Strategy using use_exit_signal: True
2025-08-06 07:22:26,107 - freqtrade.resolvers.strategy_resolver - INFO - Strategy using exit_profit_only: False
2025-08-06 07:22:26,107 - freqtrade.resolvers.strategy_resolver - INFO - Strategy using ignore_roi_if_entry_signal: False
2025-08-06 07:22:26,107 - freqtrade.resolvers.strategy_resolver - INFO - Strategy using exit_profit_offset: 0.0
2025-08-06 07:22:26,107 - freqtrade.resolvers.strategy_resolver - INFO - Strategy using disable_dataframe_checks: False
2025-08-06 07:22:26,107 - freqtrade.resolvers.strategy_resolver - INFO - Strategy using ignore_buying_expired_candle_after: 0
2025-08-06 07:22:26,108 - freqtrade.resolvers.strategy_resolver - INFO - Strategy using position_adjustment_enable: False
2025-08-06 07:22:26,108 - freqtrade.resolvers.strategy_resolver - INFO - Strategy using max_entry_position_adjustment: -1
2025-08-06 07:22:26,108 - freqtrade.resolvers.strategy_resolver - INFO - Strategy using max_open_trades: 3
2025-08-06 07:22:26,108 - freqtrade.configuration.config_validation - INFO - Validating configuration ...
2025-08-06 07:22:26,129 - freqtrade.wallets - INFO - Wallets synced.
2025-08-06 07:22:26,919 - freqtrade - ERROR - No Pairlist Handlers defined
2025-08-06 07:23:29,234 - freqtrade.loggers - INFO - Enabling colorized output.
2025-08-06 07:23:29,234 - freqtrade.loggers - INFO - Logfile configured
2025-08-06 07:23:29,234 - freqtrade.loggers - INFO - Verbosity set to 0
2025-08-06 07:23:29,235 - freqtrade.configuration.configuration - INFO - Runmode set to dry_run.
2025-08-06 07:23:29,235 - freqtrade.configuration.configuration - INFO - Parameter --db-url detected ...
2025-08-06 07:23:29,235 - freqtrade.configuration.configuration - INFO - Dry run is enabled
2025-08-06 07:23:29,235 - freqtrade.configuration.configuration - INFO - Using DB: "sqlite:////freqtrade/user_data/tradesv3.sqlite"
2025-08-06 07:23:29,236 - freqtrade.configuration.configuration - INFO - Using max_open_trades: 3 ...
2025-08-06 07:23:29,246 - freqtrade.configuration.configuration - INFO - Using user-data directory: /freqtrade/user_data ...
2025-08-06 07:23:29,246 - freqtrade.configuration.configuration - INFO - Using data directory: /freqtrade/user_data/data/binance ...
2025-08-06 07:23:29,247 - freqtrade.exchange.check_exchange - INFO - Checking exchange...
2025-08-06 07:23:29,254 - freqtrade.exchange.check_exchange - INFO - Exchange "binance" is officially supported by the Freqtrade development team.
2025-08-06 07:23:29,255 - freqtrade.configuration.configuration - INFO - Using pairlist from configuration.
2025-08-06 07:23:29,255 - freqtrade.exchange.exchange - INFO - Instance is running with dry_run enabled
2025-08-06 07:23:29,255 - freqtrade.exchange.exchange - INFO - Using CCXT 4.4.96
2025-08-06 07:23:29,256 - freqtrade.exchange.exchange - INFO - Applying additional ccxt config: {'options': {'defaultType': 'swap'}}
2025-08-06 07:23:29,261 - freqtrade.exchange.exchange - INFO - Applying additional ccxt config: {'options': {'defaultType': 'swap'}}
2025-08-06 07:23:29,268 - freqtrade.exchange.exchange - INFO - Using Exchange "Binance"
2025-08-06 07:23:30,742 - freqtrade.resolvers.exchange_resolver - INFO - Using resolved exchange 'Binance'...
2025-08-06 07:23:30,749 - freqtrade.resolvers.iresolver - INFO - Using resolved strategy SampleStrategy from '/freqtrade/user_data/strategies/sample_strategy.py'...
2025-08-06 07:23:30,749 - freqtrade.strategy.hyper - INFO - Found no parameter file.
2025-08-06 07:23:30,750 - freqtrade.resolvers.strategy_resolver - INFO - Override strategy 'stake_currency' with value in config file: USDT.
2025-08-06 07:23:30,750 - freqtrade.resolvers.strategy_resolver - INFO - Override strategy 'stake_amount' with value in config file: unlimited.
2025-08-06 07:23:30,750 - freqtrade.resolvers.strategy_resolver - INFO - Override strategy 'unfilledtimeout' with value in config file: {'entry': 10, 'exit': 10, 'exit_timeout_count': 0, 'unit': 'minutes'}.
2025-08-06 07:23:30,751 - freqtrade.resolvers.strategy_resolver - INFO - Override strategy 'max_open_trades' with value in config file: 3.
2025-08-06 07:23:30,751 - freqtrade.resolvers.strategy_resolver - INFO - Strategy using minimal_roi: {'60': 0.01, '30': 0.02, '0': 0.04}
2025-08-06 07:23:30,751 - freqtrade.resolvers.strategy_resolver - INFO - Strategy using timeframe: 5m
2025-08-06 07:23:30,751 - freqtrade.resolvers.strategy_resolver - INFO - Strategy using stoploss: -0.1
2025-08-06 07:23:30,752 - freqtrade.resolvers.strategy_resolver - INFO - Strategy using trailing_stop: False
2025-08-06 07:23:30,752 - freqtrade.resolvers.strategy_resolver - INFO - Strategy using trailing_stop_positive_offset: 0.0
2025-08-06 07:23:30,752 - freqtrade.resolvers.strategy_resolver - INFO - Strategy using trailing_only_offset_is_reached: False
2025-08-06 07:23:30,752 - freqtrade.resolvers.strategy_resolver - INFO - Strategy using use_custom_stoploss: False
2025-08-06 07:23:30,752 - freqtrade.resolvers.strategy_resolver - INFO - Strategy using process_only_new_candles: True
2025-08-06 07:23:30,753 - freqtrade.resolvers.strategy_resolver - INFO - Strategy using order_types: {'entry': 'limit', 'exit': 'limit', 'stoploss': 'market', 'stoploss_on_exchange': False}
2025-08-06 07:23:30,753 - freqtrade.resolvers.strategy_resolver - INFO - Strategy using order_time_in_force: {'entry': 'GTC', 'exit': 'GTC'}
2025-08-06 07:23:30,753 - freqtrade.resolvers.strategy_resolver - INFO - Strategy using stake_currency: USDT
2025-08-06 07:23:30,753 - freqtrade.resolvers.strategy_resolver - INFO - Strategy using stake_amount: unlimited
2025-08-06 07:23:30,753 - freqtrade.resolvers.strategy_resolver - INFO - Strategy using startup_candle_count: 200
2025-08-06 07:23:30,754 - freqtrade.resolvers.strategy_resolver - INFO - Strategy using unfilledtimeout: {'entry': 10, 'exit': 10, 'exit_timeout_count': 0, 'unit': 'minutes'}
2025-08-06 07:23:30,754 - freqtrade.resolvers.strategy_resolver - INFO - Strategy using use_exit_signal: True
2025-08-06 07:23:30,754 - freqtrade.resolvers.strategy_resolver - INFO - Strategy using exit_profit_only: False
2025-08-06 07:23:30,754 - freqtrade.resolvers.strategy_resolver - INFO - Strategy using ignore_roi_if_entry_signal: False
2025-08-06 07:23:30,754 - freqtrade.resolvers.strategy_resolver - INFO - Strategy using exit_profit_offset: 0.0
2025-08-06 07:23:30,755 - freqtrade.resolvers.strategy_resolver - INFO - Strategy using disable_dataframe_checks: False
2025-08-06 07:23:30,755 - freqtrade.resolvers.strategy_resolver - INFO - Strategy using ignore_buying_expired_candle_after: 0
2025-08-06 07:23:30,755 - freqtrade.resolvers.strategy_resolver - INFO - Strategy using position_adjustment_enable: False
2025-08-06 07:23:30,755 - freqtrade.resolvers.strategy_resolver - INFO - Strategy using max_entry_position_adjustment: -1
2025-08-06 07:23:30,755 - freqtrade.resolvers.strategy_resolver - INFO - Strategy using max_open_trades: 3
2025-08-06 07:23:30,756 - freqtrade.configuration.config_validation - INFO - Validating configuration ...
2025-08-06 07:23:30,779 - freqtrade.wallets - INFO - Wallets synced.
2025-08-06 07:23:31,514 - freqtrade - ERROR - No Pairlist Handlers defined
2025-08-06 07:24:33,865 - freqtrade.loggers - INFO - Enabling colorized output.
2025-08-06 07:24:33,865 - freqtrade.loggers - INFO - Logfile configured
2025-08-06 07:24:33,865 - freqtrade.loggers - INFO - Verbosity set to 0
2025-08-06 07:24:33,866 - freqtrade.configuration.configuration - INFO - Runmode set to dry_run.
2025-08-06 07:24:33,866 - freqtrade.configuration.configuration - INFO - Parameter --db-url detected ...
2025-08-06 07:24:33,866 - freqtrade.configuration.configuration - INFO - Dry run is enabled
2025-08-06 07:24:33,866 - freqtrade.configuration.configuration - INFO - Using DB: "sqlite:////freqtrade/user_data/tradesv3.sqlite"
2025-08-06 07:24:33,867 - freqtrade.configuration.configuration - INFO - Using max_open_trades: 3 ...
2025-08-06 07:24:33,877 - freqtrade.configuration.configuration - INFO - Using user-data directory: /freqtrade/user_data ...
2025-08-06 07:24:33,877 - freqtrade.configuration.configuration - INFO - Using data directory: /freqtrade/user_data/data/binance ...
2025-08-06 07:24:33,878 - freqtrade.exchange.check_exchange - INFO - Checking exchange...
2025-08-06 07:24:33,886 - freqtrade.exchange.check_exchange - INFO - Exchange "binance" is officially supported by the Freqtrade development team.
2025-08-06 07:24:33,886 - freqtrade.configuration.configuration - INFO - Using pairlist from configuration.
2025-08-06 07:24:33,886 - freqtrade.exchange.exchange - INFO - Instance is running with dry_run enabled
2025-08-06 07:24:33,887 - freqtrade.exchange.exchange - INFO - Using CCXT 4.4.96
2025-08-06 07:24:33,887 - freqtrade.exchange.exchange - INFO - Applying additional ccxt config: {'options': {'defaultType': 'swap'}}
2025-08-06 07:24:33,893 - freqtrade.exchange.exchange - INFO - Applying additional ccxt config: {'options': {'defaultType': 'swap'}}
2025-08-06 07:24:33,900 - freqtrade.exchange.exchange - INFO - Using Exchange "Binance"
2025-08-06 07:24:35,312 - freqtrade.resolvers.exchange_resolver - INFO - Using resolved exchange 'Binance'...
2025-08-06 07:24:35,320 - freqtrade.resolvers.iresolver - INFO - Using resolved strategy SampleStrategy from '/freqtrade/user_data/strategies/sample_strategy.py'...
2025-08-06 07:24:35,320 - freqtrade.strategy.hyper - INFO - Found no parameter file.
2025-08-06 07:24:35,320 - freqtrade.resolvers.strategy_resolver - INFO - Override strategy 'stake_currency' with value in config file: USDT.
2025-08-06 07:24:35,321 - freqtrade.resolvers.strategy_resolver - INFO - Override strategy 'stake_amount' with value in config file: unlimited.
2025-08-06 07:24:35,321 - freqtrade.resolvers.strategy_resolver - INFO - Override strategy 'unfilledtimeout' with value in config file: {'entry': 10, 'exit': 10, 'exit_timeout_count': 0, 'unit': 'minutes'}.
2025-08-06 07:24:35,321 - freqtrade.resolvers.strategy_resolver - INFO - Override strategy 'max_open_trades' with value in config file: 3.
2025-08-06 07:24:35,321 - freqtrade.resolvers.strategy_resolver - INFO - Strategy using minimal_roi: {'60': 0.01, '30': 0.02, '0': 0.04}
2025-08-06 07:24:35,322 - freqtrade.resolvers.strategy_resolver - INFO - Strategy using timeframe: 5m
2025-08-06 07:24:35,322 - freqtrade.resolvers.strategy_resolver - INFO - Strategy using stoploss: -0.1
2025-08-06 07:24:35,322 - freqtrade.resolvers.strategy_resolver - INFO - Strategy using trailing_stop: False
2025-08-06 07:24:35,322 - freqtrade.resolvers.strategy_resolver - INFO - Strategy using trailing_stop_positive_offset: 0.0
2025-08-06 07:24:35,323 - freqtrade.resolvers.strategy_resolver - INFO - Strategy using trailing_only_offset_is_reached: False
2025-08-06 07:24:35,323 - freqtrade.resolvers.strategy_resolver - INFO - Strategy using use_custom_stoploss: False
2025-08-06 07:24:35,323 - freqtrade.resolvers.strategy_resolver - INFO - Strategy using process_only_new_candles: True
2025-08-06 07:24:35,323 - freqtrade.resolvers.strategy_resolver - INFO - Strategy using order_types: {'entry': 'limit', 'exit': 'limit', 'stoploss': 'market', 'stoploss_on_exchange': False}
2025-08-06 07:24:35,323 - freqtrade.resolvers.strategy_resolver - INFO - Strategy using order_time_in_force: {'entry': 'GTC', 'exit': 'GTC'}
2025-08-06 07:24:35,324 - freqtrade.resolvers.strategy_resolver - INFO - Strategy using stake_currency: USDT
2025-08-06 07:24:35,324 - freqtrade.resolvers.strategy_resolver - INFO - Strategy using stake_amount: unlimited
2025-08-06 07:24:35,324 - freqtrade.resolvers.strategy_resolver - INFO - Strategy using startup_candle_count: 200
2025-08-06 07:24:35,324 - freqtrade.resolvers.strategy_resolver - INFO - Strategy using unfilledtimeout: {'entry': 10, 'exit': 10, 'exit_timeout_count': 0, 'unit': 'minutes'}
2025-08-06 07:24:35,324 - freqtrade.resolvers.strategy_resolver - INFO - Strategy using use_exit_signal: True
2025-08-06 07:24:35,325 - freqtrade.resolvers.strategy_resolver - INFO - Strategy using exit_profit_only: False
2025-08-06 07:24:35,325 - freqtrade.resolvers.strategy_resolver - INFO - Strategy using ignore_roi_if_entry_signal: False
2025-08-06 07:24:35,325 - freqtrade.resolvers.strategy_resolver - INFO - Strategy using exit_profit_offset: 0.0
2025-08-06 07:24:35,325 - freqtrade.resolvers.strategy_resolver - INFO - Strategy using disable_dataframe_checks: False
2025-08-06 07:24:35,325 - freqtrade.resolvers.strategy_resolver - INFO - Strategy using ignore_buying_expired_candle_after: 0
2025-08-06 07:24:35,326 - freqtrade.resolvers.strategy_resolver - INFO - Strategy using position_adjustment_enable: False
2025-08-06 07:24:35,326 - freqtrade.resolvers.strategy_resolver - INFO - Strategy using max_entry_position_adjustment: -1
2025-08-06 07:24:35,326 - freqtrade.resolvers.strategy_resolver - INFO - Strategy using max_open_trades: 3
2025-08-06 07:24:35,326 - freqtrade.configuration.config_validation - INFO - Validating configuration ...
2025-08-06 07:24:35,345 - freqtrade.wallets - INFO - Wallets synced.
2025-08-06 07:24:36,098 - freqtrade - ERROR - No Pairlist Handlers defined
2025-08-06 07:25:39,196 - freqtrade.loggers - INFO - Enabling colorized output.
2025-08-06 07:25:39,196 - freqtrade.loggers - INFO - Logfile configured
2025-08-06 07:25:39,197 - freqtrade.loggers - INFO - Verbosity set to 0
2025-08-06 07:25:39,197 - freqtrade.configuration.configuration - INFO - Runmode set to dry_run.
2025-08-06 07:25:39,197 - freqtrade.configuration.configuration - INFO - Parameter --db-url detected ...
2025-08-06 07:25:39,198 - freqtrade.configuration.configuration - INFO - Dry run is enabled
2025-08-06 07:25:39,198 - freqtrade.configuration.configuration - INFO - Using DB: "sqlite:////freqtrade/user_data/tradesv3.sqlite"
2025-08-06 07:25:39,198 - freqtrade.configuration.configuration - INFO - Using max_open_trades: 3 ...
2025-08-06 07:25:39,212 - freqtrade.configuration.configuration - INFO - Using user-data directory: /freqtrade/user_data ...
2025-08-06 07:25:39,213 - freqtrade.configuration.configuration - INFO - Using data directory: /freqtrade/user_data/data/binance ...
2025-08-06 07:25:39,214 - freqtrade.exchange.check_exchange - INFO - Checking exchange...
2025-08-06 07:25:39,223 - freqtrade.exchange.check_exchange - INFO - Exchange "binance" is officially supported by the Freqtrade development team.
2025-08-06 07:25:39,224 - freqtrade.configuration.configuration - INFO - Using pairlist from configuration.
2025-08-06 07:25:39,224 - freqtrade.exchange.exchange - INFO - Instance is running with dry_run enabled
2025-08-06 07:25:39,224 - freqtrade.exchange.exchange - INFO - Using CCXT 4.4.96
2025-08-06 07:25:39,224 - freqtrade.exchange.exchange - INFO - Applying additional ccxt config: {'options': {'defaultType': 'swap'}}
2025-08-06 07:25:39,232 - freqtrade.exchange.exchange - INFO - Applying additional ccxt config: {'options': {'defaultType': 'swap'}}
2025-08-06 07:25:39,241 - freqtrade.exchange.exchange - INFO - Using Exchange "Binance"
2025-08-06 07:25:40,736 - freqtrade.resolvers.exchange_resolver - INFO - Using resolved exchange 'Binance'...
2025-08-06 07:25:40,744 - freqtrade.resolvers.iresolver - INFO - Using resolved strategy SampleStrategy from '/freqtrade/user_data/strategies/sample_strategy.py'...
2025-08-06 07:25:40,745 - freqtrade.strategy.hyper - INFO - Found no parameter file.
2025-08-06 07:25:40,745 - freqtrade.resolvers.strategy_resolver - INFO - Override strategy 'stake_currency' with value in config file: USDT.
2025-08-06 07:25:40,746 - freqtrade.resolvers.strategy_resolver - INFO - Override strategy 'stake_amount' with value in config file: unlimited.
2025-08-06 07:25:40,746 - freqtrade.resolvers.strategy_resolver - INFO - Override strategy 'unfilledtimeout' with value in config file: {'entry': 10, 'exit': 10, 'exit_timeout_count': 0, 'unit': 'minutes'}.
2025-08-06 07:25:40,746 - freqtrade.resolvers.strategy_resolver - INFO - Override strategy 'max_open_trades' with value in config file: 3.
2025-08-06 07:25:40,746 - freqtrade.resolvers.strategy_resolver - INFO - Strategy using minimal_roi: {'60': 0.01, '30': 0.02, '0': 0.04}
2025-08-06 07:25:40,747 - freqtrade.resolvers.strategy_resolver - INFO - Strategy using timeframe: 5m
2025-08-06 07:25:40,747 - freqtrade.resolvers.strategy_resolver - INFO - Strategy using stoploss: -0.1
2025-08-06 07:25:40,747 - freqtrade.resolvers.strategy_resolver - INFO - Strategy using trailing_stop: False
2025-08-06 07:25:40,747 - freqtrade.resolvers.strategy_resolver - INFO - Strategy using trailing_stop_positive_offset: 0.0
2025-08-06 07:25:40,747 - freqtrade.resolvers.strategy_resolver - INFO - Strategy using trailing_only_offset_is_reached: False
2025-08-06 07:25:40,748 - freqtrade.resolvers.strategy_resolver - INFO - Strategy using use_custom_stoploss: False
2025-08-06 07:25:40,748 - freqtrade.resolvers.strategy_resolver - INFO - Strategy using process_only_new_candles: True
2025-08-06 07:25:40,748 - freqtrade.resolvers.strategy_resolver - INFO - Strategy using order_types: {'entry': 'limit', 'exit': 'limit', 'stoploss': 'market', 'stoploss_on_exchange': False}
2025-08-06 07:25:40,748 - freqtrade.resolvers.strategy_resolver - INFO - Strategy using order_time_in_force: {'entry': 'GTC', 'exit': 'GTC'}
2025-08-06 07:25:40,749 - freqtrade.resolvers.strategy_resolver - INFO - Strategy using stake_currency: USDT
2025-08-06 07:25:40,749 - freqtrade.resolvers.strategy_resolver - INFO - Strategy using stake_amount: unlimited
2025-08-06 07:25:40,749 - freqtrade.resolvers.strategy_resolver - INFO - Strategy using startup_candle_count: 200
2025-08-06 07:25:40,749 - freqtrade.resolvers.strategy_resolver - INFO - Strategy using unfilledtimeout: {'entry': 10, 'exit': 10, 'exit_timeout_count': 0, 'unit': 'minutes'}
2025-08-06 07:25:40,749 - freqtrade.resolvers.strategy_resolver - INFO - Strategy using use_exit_signal: True
2025-08-06 07:25:40,750 - freqtrade.resolvers.strategy_resolver - INFO - Strategy using exit_profit_only: False
2025-08-06 07:25:40,750 - freqtrade.resolvers.strategy_resolver - INFO - Strategy using ignore_roi_if_entry_signal: False
2025-08-06 07:25:40,750 - freqtrade.resolvers.strategy_resolver - INFO - Strategy using exit_profit_offset: 0.0
2025-08-06 07:25:40,750 - freqtrade.resolvers.strategy_resolver - INFO - Strategy using disable_dataframe_checks: False
2025-08-06 07:25:40,750 - freqtrade.resolvers.strategy_resolver - INFO - Strategy using ignore_buying_expired_candle_after: 0
2025-08-06 07:25:40,751 - freqtrade.resolvers.strategy_resolver - INFO - Strategy using position_adjustment_enable: False
2025-08-06 07:25:40,751 - freqtrade.resolvers.strategy_resolver - INFO - Strategy using max_entry_position_adjustment: -1
2025-08-06 07:25:40,751 - freqtrade.resolvers.strategy_resolver - INFO - Strategy using max_open_trades: 3
2025-08-06 07:25:40,751 - freqtrade.configuration.config_validation - INFO - Validating configuration ...
2025-08-06 07:25:40,772 - freqtrade.wallets - INFO - Wallets synced.
2025-08-06 07:25:41,510 - freqtrade - ERROR - No Pairlist Handlers defined
2025-08-06 07:26:44,179 - freqtrade.loggers - INFO - Enabling colorized output.
2025-08-06 07:26:44,179 - freqtrade.loggers - INFO - Logfile configured
2025-08-06 07:26:44,180 - freqtrade.loggers - INFO - Verbosity set to 0
2025-08-06 07:26:44,180 - freqtrade.configuration.configuration - INFO - Runmode set to dry_run.
2025-08-06 07:26:44,180 - freqtrade.configuration.configuration - INFO - Parameter --db-url detected ...
2025-08-06 07:26:44,180 - freqtrade.configuration.configuration - INFO - Dry run is enabled
2025-08-06 07:26:44,181 - freqtrade.configuration.configuration - INFO - Using DB: "sqlite:////freqtrade/user_data/tradesv3.sqlite"
2025-08-06 07:26:44,181 - freqtrade.configuration.configuration - INFO - Using max_open_trades: 3 ...
2025-08-06 07:26:44,192 - freqtrade.configuration.configuration - INFO - Using user-data directory: /freqtrade/user_data ...
2025-08-06 07:26:44,192 - freqtrade.configuration.configuration - INFO - Using data directory: /freqtrade/user_data/data/binance ...
2025-08-06 07:26:44,193 - freqtrade.exchange.check_exchange - INFO - Checking exchange...
2025-08-06 07:26:44,201 - freqtrade.exchange.check_exchange - INFO - Exchange "binance" is officially supported by the Freqtrade development team.
2025-08-06 07:26:44,201 - freqtrade.configuration.configuration - INFO - Using pairlist from configuration.
2025-08-06 07:26:44,201 - freqtrade.exchange.exchange - INFO - Instance is running with dry_run enabled
2025-08-06 07:26:44,202 - freqtrade.exchange.exchange - INFO - Using CCXT 4.4.96
2025-08-06 07:26:44,202 - freqtrade.exchange.exchange - INFO - Applying additional ccxt config: {'options': {'defaultType': 'swap'}}
2025-08-06 07:26:44,208 - freqtrade.exchange.exchange - INFO - Applying additional ccxt config: {'options': {'defaultType': 'swap'}}
2025-08-06 07:26:44,215 - freqtrade.exchange.exchange - INFO - Using Exchange "Binance"
2025-08-06 07:26:45,678 - freqtrade.resolvers.exchange_resolver - INFO - Using resolved exchange 'Binance'...
2025-08-06 07:26:45,685 - freqtrade.resolvers.iresolver - INFO - Using resolved strategy SampleStrategy from '/freqtrade/user_data/strategies/sample_strategy.py'...
2025-08-06 07:26:45,689 - freqtrade.strategy.hyper - INFO - Found no parameter file.
2025-08-06 07:26:45,690 - freqtrade.resolvers.strategy_resolver - INFO - Override strategy 'stake_currency' with value in config file: USDT.
2025-08-06 07:26:45,690 - freqtrade.resolvers.strategy_resolver - INFO - Override strategy 'stake_amount' with value in config file: unlimited.
2025-08-06 07:26:45,690 - freqtrade.resolvers.strategy_resolver - INFO - Override strategy 'unfilledtimeout' with value in config file: {'entry': 10, 'exit': 10, 'exit_timeout_count': 0, 'unit': 'minutes'}.
2025-08-06 07:26:45,691 - freqtrade.resolvers.strategy_resolver - INFO - Override strategy 'max_open_trades' with value in config file: 3.
2025-08-06 07:26:45,691 - freqtrade.resolvers.strategy_resolver - INFO - Strategy using minimal_roi: {'60': 0.01, '30': 0.02, '0': 0.04}
2025-08-06 07:26:45,691 - freqtrade.resolvers.strategy_resolver - INFO - Strategy using timeframe: 5m
2025-08-06 07:26:45,691 - freqtrade.resolvers.strategy_resolver - INFO - Strategy using stoploss: -0.1
2025-08-06 07:26:45,691 - freqtrade.resolvers.strategy_resolver - INFO - Strategy using trailing_stop: False
2025-08-06 07:26:45,692 - freqtrade.resolvers.strategy_resolver - INFO - Strategy using trailing_stop_positive_offset: 0.0
2025-08-06 07:26:45,692 - freqtrade.resolvers.strategy_resolver - INFO - Strategy using trailing_only_offset_is_reached: False
2025-08-06 07:26:45,692 - freqtrade.resolvers.strategy_resolver - INFO - Strategy using use_custom_stoploss: False
2025-08-06 07:26:45,692 - freqtrade.resolvers.strategy_resolver - INFO - Strategy using process_only_new_candles: True
2025-08-06 07:26:45,693 - freqtrade.resolvers.strategy_resolver - INFO - Strategy using order_types: {'entry': 'limit', 'exit': 'limit', 'stoploss': 'market', 'stoploss_on_exchange': False}
2025-08-06 07:26:45,693 - freqtrade.resolvers.strategy_resolver - INFO - Strategy using order_time_in_force: {'entry': 'GTC', 'exit': 'GTC'}
2025-08-06 07:26:45,693 - freqtrade.resolvers.strategy_resolver - INFO - Strategy using stake_currency: USDT
2025-08-06 07:26:45,693 - freqtrade.resolvers.strategy_resolver - INFO - Strategy using stake_amount: unlimited
2025-08-06 07:26:45,693 - freqtrade.resolvers.strategy_resolver - INFO - Strategy using startup_candle_count: 200
2025-08-06 07:26:45,694 - freqtrade.resolvers.strategy_resolver - INFO - Strategy using unfilledtimeout: {'entry': 10, 'exit': 10, 'exit_timeout_count': 0, 'unit': 'minutes'}
2025-08-06 07:26:45,694 - freqtrade.resolvers.strategy_resolver - INFO - Strategy using use_exit_signal: True
2025-08-06 07:26:45,694 - freqtrade.resolvers.strategy_resolver - INFO - Strategy using exit_profit_only: False
2025-08-06 07:26:45,694 - freqtrade.resolvers.strategy_resolver - INFO - Strategy using ignore_roi_if_entry_signal: False
2025-08-06 07:26:45,695 - freqtrade.resolvers.strategy_resolver - INFO - Strategy using exit_profit_offset: 0.0
2025-08-06 07:26:45,695 - freqtrade.resolvers.strategy_resolver - INFO - Strategy using disable_dataframe_checks: False
2025-08-06 07:26:45,695 - freqtrade.resolvers.strategy_resolver - INFO - Strategy using ignore_buying_expired_candle_after: 0
2025-08-06 07:26:45,695 - freqtrade.resolvers.strategy_resolver - INFO - Strategy using position_adjustment_enable: False
2025-08-06 07:26:45,695 - freqtrade.resolvers.strategy_resolver - INFO - Strategy using max_entry_position_adjustment: -1
2025-08-06 07:26:45,696 - freqtrade.resolvers.strategy_resolver - INFO - Strategy using max_open_trades: 3
2025-08-06 07:26:45,696 - freqtrade.configuration.config_validation - INFO - Validating configuration ...
2025-08-06 07:26:45,714 - freqtrade.wallets - INFO - Wallets synced.
2025-08-06 07:26:46,523 - freqtrade - ERROR - No Pairlist Handlers defined
2025-08-06 07:27:48,791 - freqtrade.loggers - INFO - Enabling colorized output.
2025-08-06 07:27:48,791 - freqtrade.loggers - INFO - Logfile configured
2025-08-06 07:27:48,791 - freqtrade.loggers - INFO - Verbosity set to 0
2025-08-06 07:27:48,792 - freqtrade.configuration.configuration - INFO - Runmode set to dry_run.
2025-08-06 07:27:48,792 - freqtrade.configuration.configuration - INFO - Parameter --db-url detected ...
2025-08-06 07:27:48,792 - freqtrade.configuration.configuration - INFO - Dry run is enabled
2025-08-06 07:27:48,792 - freqtrade.configuration.configuration - INFO - Using DB: "sqlite:////freqtrade/user_data/tradesv3.sqlite"
2025-08-06 07:27:48,793 - freqtrade.configuration.configuration - INFO - Using max_open_trades: 3 ...
2025-08-06 07:27:48,802 - freqtrade.configuration.configuration - INFO - Using user-data directory: /freqtrade/user_data ...
2025-08-06 07:27:48,802 - freqtrade.configuration.configuration - INFO - Using data directory: /freqtrade/user_data/data/binance ...
2025-08-06 07:27:48,803 - freqtrade.exchange.check_exchange - INFO - Checking exchange...
2025-08-06 07:27:48,811 - freqtrade.exchange.check_exchange - INFO - Exchange "binance" is officially supported by the Freqtrade development team.
2025-08-06 07:27:48,811 - freqtrade.configuration.configuration - INFO - Using pairlist from configuration.
2025-08-06 07:27:48,812 - freqtrade.exchange.exchange - INFO - Instance is running with dry_run enabled
2025-08-06 07:27:48,812 - freqtrade.exchange.exchange - INFO - Using CCXT 4.4.96
2025-08-06 07:27:48,812 - freqtrade.exchange.exchange - INFO - Applying additional ccxt config: {'options': {'defaultType': 'swap'}}
2025-08-06 07:27:48,819 - freqtrade.exchange.exchange - INFO - Applying additional ccxt config: {'options': {'defaultType': 'swap'}}
2025-08-06 07:27:48,826 - freqtrade.exchange.exchange - INFO - Using Exchange "Binance"
2025-08-06 07:27:50,312 - freqtrade.resolvers.exchange_resolver - INFO - Using resolved exchange 'Binance'...
2025-08-06 07:27:50,319 - freqtrade.resolvers.iresolver - INFO - Using resolved strategy SampleStrategy from '/freqtrade/user_data/strategies/sample_strategy.py'...
2025-08-06 07:27:50,320 - freqtrade.strategy.hyper - INFO - Found no parameter file.
2025-08-06 07:27:50,320 - freqtrade.resolvers.strategy_resolver - INFO - Override strategy 'stake_currency' with value in config file: USDT.
2025-08-06 07:27:50,320 - freqtrade.resolvers.strategy_resolver - INFO - Override strategy 'stake_amount' with value in config file: unlimited.
2025-08-06 07:27:50,320 - freqtrade.resolvers.strategy_resolver - INFO - Override strategy 'unfilledtimeout' with value in config file: {'entry': 10, 'exit': 10, 'exit_timeout_count': 0, 'unit': 'minutes'}.
2025-08-06 07:27:50,321 - freqtrade.resolvers.strategy_resolver - INFO - Override strategy 'max_open_trades' with value in config file: 3.
2025-08-06 07:27:50,321 - freqtrade.resolvers.strategy_resolver - INFO - Strategy using minimal_roi: {'60': 0.01, '30': 0.02, '0': 0.04}
2025-08-06 07:27:50,321 - freqtrade.resolvers.strategy_resolver - INFO - Strategy using timeframe: 5m
2025-08-06 07:27:50,321 - freqtrade.resolvers.strategy_resolver - INFO - Strategy using stoploss: -0.1
2025-08-06 07:27:50,322 - freqtrade.resolvers.strategy_resolver - INFO - Strategy using trailing_stop: False
2025-08-06 07:27:50,322 - freqtrade.resolvers.strategy_resolver - INFO - Strategy using trailing_stop_positive_offset: 0.0
2025-08-06 07:27:50,322 - freqtrade.resolvers.strategy_resolver - INFO - Strategy using trailing_only_offset_is_reached: False
2025-08-06 07:27:50,322 - freqtrade.resolvers.strategy_resolver - INFO - Strategy using use_custom_stoploss: False
2025-08-06 07:27:50,322 - freqtrade.resolvers.strategy_resolver - INFO - Strategy using process_only_new_candles: True
2025-08-06 07:27:50,323 - freqtrade.resolvers.strategy_resolver - INFO - Strategy using order_types: {'entry': 'limit', 'exit': 'limit', 'stoploss': 'market', 'stoploss_on_exchange': False}
2025-08-06 07:27:50,323 - freqtrade.resolvers.strategy_resolver - INFO - Strategy using order_time_in_force: {'entry': 'GTC', 'exit': 'GTC'}
2025-08-06 07:27:50,323 - freqtrade.resolvers.strategy_resolver - INFO - Strategy using stake_currency: USDT
2025-08-06 07:27:50,323 - freqtrade.resolvers.strategy_resolver - INFO - Strategy using stake_amount: unlimited
2025-08-06 07:27:50,323 - freqtrade.resolvers.strategy_resolver - INFO - Strategy using startup_candle_count: 200
2025-08-06 07:27:50,324 - freqtrade.resolvers.strategy_resolver - INFO - Strategy using unfilledtimeout: {'entry': 10, 'exit': 10, 'exit_timeout_count': 0, 'unit': 'minutes'}
2025-08-06 07:27:50,324 - freqtrade.resolvers.strategy_resolver - INFO - Strategy using use_exit_signal: True
2025-08-06 07:27:50,324 - freqtrade.resolvers.strategy_resolver - INFO - Strategy using exit_profit_only: False
2025-08-06 07:27:50,324 - freqtrade.resolvers.strategy_resolver - INFO - Strategy using ignore_roi_if_entry_signal: False
2025-08-06 07:27:50,325 - freqtrade.resolvers.strategy_resolver - INFO - Strategy using exit_profit_offset: 0.0
2025-08-06 07:27:50,325 - freqtrade.resolvers.strategy_resolver - INFO - Strategy using disable_dataframe_checks: False
2025-08-06 07:27:50,325 - freqtrade.resolvers.strategy_resolver - INFO - Strategy using ignore_buying_expired_candle_after: 0
2025-08-06 07:27:50,325 - freqtrade.resolvers.strategy_resolver - INFO - Strategy using position_adjustment_enable: False
2025-08-06 07:27:50,326 - freqtrade.resolvers.strategy_resolver - INFO - Strategy using max_entry_position_adjustment: -1
2025-08-06 07:27:50,326 - freqtrade.resolvers.strategy_resolver - INFO - Strategy using max_open_trades: 3
2025-08-06 07:27:50,326 - freqtrade.configuration.config_validation - INFO - Validating configuration ...
2025-08-06 07:27:50,345 - freqtrade.wallets - INFO - Wallets synced.
2025-08-06 07:27:51,115 - freqtrade - ERROR - No Pairlist Handlers defined
2025-08-06 07:28:53,605 - freqtrade.loggers - INFO - Enabling colorized output.
2025-08-06 07:28:53,606 - freqtrade.loggers - INFO - Logfile configured
2025-08-06 07:28:53,606 - freqtrade.loggers - INFO - Verbosity set to 0
2025-08-06 07:28:53,606 - freqtrade.configuration.configuration - INFO - Runmode set to dry_run.
2025-08-06 07:28:53,606 - freqtrade.configuration.configuration - INFO - Parameter --db-url detected ...
2025-08-06 07:28:53,607 - freqtrade.configuration.configuration - INFO - Dry run is enabled
2025-08-06 07:28:53,607 - freqtrade.configuration.configuration - INFO - Using DB: "sqlite:////freqtrade/user_data/tradesv3.sqlite"
2025-08-06 07:28:53,607 - freqtrade.configuration.configuration - INFO - Using max_open_trades: 3 ...
2025-08-06 07:28:53,615 - freqtrade.configuration.configuration - INFO - Using user-data directory: /freqtrade/user_data ...
2025-08-06 07:28:53,616 - freqtrade.configuration.configuration - INFO - Using data directory: /freqtrade/user_data/data/binance ...
2025-08-06 07:28:53,617 - freqtrade.exchange.check_exchange - INFO - Checking exchange...
2025-08-06 07:28:53,624 - freqtrade.exchange.check_exchange - INFO - Exchange "binance" is officially supported by the Freqtrade development team.
2025-08-06 07:28:53,624 - freqtrade.configuration.configuration - INFO - Using pairlist from configuration.
2025-08-06 07:28:53,625 - freqtrade.exchange.exchange - INFO - Instance is running with dry_run enabled
2025-08-06 07:28:53,625 - freqtrade.exchange.exchange - INFO - Using CCXT 4.4.96
2025-08-06 07:28:53,625 - freqtrade.exchange.exchange - INFO - Applying additional ccxt config: {'options': {'defaultType': 'swap'}}
2025-08-06 07:28:53,631 - freqtrade.exchange.exchange - INFO - Applying additional ccxt config: {'options': {'defaultType': 'swap'}}
2025-08-06 07:28:53,638 - freqtrade.exchange.exchange - INFO - Using Exchange "Binance"
2025-08-06 07:28:55,064 - freqtrade.resolvers.exchange_resolver - INFO - Using resolved exchange 'Binance'...
2025-08-06 07:28:55,072 - freqtrade.resolvers.iresolver - INFO - Using resolved strategy SampleStrategy from '/freqtrade/user_data/strategies/sample_strategy.py'...
2025-08-06 07:28:55,072 - freqtrade.strategy.hyper - INFO - Found no parameter file.
2025-08-06 07:28:55,073 - freqtrade.resolvers.strategy_resolver - INFO - Override strategy 'stake_currency' with value in config file: USDT.
2025-08-06 07:28:55,073 - freqtrade.resolvers.strategy_resolver - INFO - Override strategy 'stake_amount' with value in config file: unlimited.
2025-08-06 07:28:55,073 - freqtrade.resolvers.strategy_resolver - INFO - Override strategy 'unfilledtimeout' with value in config file: {'entry': 10, 'exit': 10, 'exit_timeout_count': 0, 'unit': 'minutes'}.
2025-08-06 07:28:55,073 - freqtrade.resolvers.strategy_resolver - INFO - Override strategy 'max_open_trades' with value in config file: 3.
2025-08-06 07:28:55,074 - freqtrade.resolvers.strategy_resolver - INFO - Strategy using minimal_roi: {'60': 0.01, '30': 0.02, '0': 0.04}
2025-08-06 07:28:55,074 - freqtrade.resolvers.strategy_resolver - INFO - Strategy using timeframe: 5m
2025-08-06 07:28:55,074 - freqtrade.resolvers.strategy_resolver - INFO - Strategy using stoploss: -0.1
2025-08-06 07:28:55,074 - freqtrade.resolvers.strategy_resolver - INFO - Strategy using trailing_stop: False
2025-08-06 07:28:55,075 - freqtrade.resolvers.strategy_resolver - INFO - Strategy using trailing_stop_positive_offset: 0.0
2025-08-06 07:28:55,075 - freqtrade.resolvers.strategy_resolver - INFO - Strategy using trailing_only_offset_is_reached: False
2025-08-06 07:28:55,075 - freqtrade.resolvers.strategy_resolver - INFO - Strategy using use_custom_stoploss: False
2025-08-06 07:28:55,075 - freqtrade.resolvers.strategy_resolver - INFO - Strategy using process_only_new_candles: True
2025-08-06 07:28:55,075 - freqtrade.resolvers.strategy_resolver - INFO - Strategy using order_types: {'entry': 'limit', 'exit': 'limit', 'stoploss': 'market', 'stoploss_on_exchange': False}
2025-08-06 07:28:55,076 - freqtrade.resolvers.strategy_resolver - INFO - Strategy using order_time_in_force: {'entry': 'GTC', 'exit': 'GTC'}
2025-08-06 07:28:55,076 - freqtrade.resolvers.strategy_resolver - INFO - Strategy using stake_currency: USDT
2025-08-06 07:28:55,076 - freqtrade.resolvers.strategy_resolver - INFO - Strategy using stake_amount: unlimited
2025-08-06 07:28:55,076 - freqtrade.resolvers.strategy_resolver - INFO - Strategy using startup_candle_count: 200
2025-08-06 07:28:55,076 - freqtrade.resolvers.strategy_resolver - INFO - Strategy using unfilledtimeout: {'entry': 10, 'exit': 10, 'exit_timeout_count': 0, 'unit': 'minutes'}
2025-08-06 07:28:55,077 - freqtrade.resolvers.strategy_resolver - INFO - Strategy using use_exit_signal: True
2025-08-06 07:28:55,077 - freqtrade.resolvers.strategy_resolver - INFO - Strategy using exit_profit_only: False
2025-08-06 07:28:55,077 - freqtrade.resolvers.strategy_resolver - INFO - Strategy using ignore_roi_if_entry_signal: False
2025-08-06 07:28:55,077 - freqtrade.resolvers.strategy_resolver - INFO - Strategy using exit_profit_offset: 0.0
2025-08-06 07:28:55,077 - freqtrade.resolvers.strategy_resolver - INFO - Strategy using disable_dataframe_checks: False
2025-08-06 07:28:55,078 - freqtrade.resolvers.strategy_resolver - INFO - Strategy using ignore_buying_expired_candle_after: 0
2025-08-06 07:28:55,078 - freqtrade.resolvers.strategy_resolver - INFO - Strategy using position_adjustment_enable: False
2025-08-06 07:28:55,078 - freqtrade.resolvers.strategy_resolver - INFO - Strategy using max_entry_position_adjustment: -1
2025-08-06 07:28:55,078 - freqtrade.resolvers.strategy_resolver - INFO - Strategy using max_open_trades: 3
2025-08-06 07:28:55,079 - freqtrade.configuration.config_validation - INFO - Validating configuration ...
2025-08-06 07:28:55,098 - freqtrade.wallets - INFO - Wallets synced.
2025-08-06 07:28:55,835 - freqtrade - ERROR - No Pairlist Handlers defined
2025-08-06 07:29:58,286 - freqtrade.loggers - INFO - Enabling colorized output.
2025-08-06 07:29:58,286 - freqtrade.loggers - INFO - Logfile configured
2025-08-06 07:29:58,286 - freqtrade.loggers - INFO - Verbosity set to 0
2025-08-06 07:29:58,287 - freqtrade.configuration.configuration - INFO - Runmode set to dry_run.
2025-08-06 07:29:58,287 - freqtrade.configuration.configuration - INFO - Parameter --db-url detected ...
2025-08-06 07:29:58,287 - freqtrade.configuration.configuration - INFO - Dry run is enabled
2025-08-06 07:29:58,288 - freqtrade.configuration.configuration - INFO - Using DB: "sqlite:////freqtrade/user_data/tradesv3.sqlite"
2025-08-06 07:29:58,288 - freqtrade.configuration.configuration - INFO - Using max_open_trades: 3 ...
2025-08-06 07:29:58,299 - freqtrade.configuration.configuration - INFO - Using user-data directory: /freqtrade/user_data ...
2025-08-06 07:29:58,300 - freqtrade.configuration.configuration - INFO - Using data directory: /freqtrade/user_data/data/binance ...
2025-08-06 07:29:58,300 - freqtrade.exchange.check_exchange - INFO - Checking exchange...
2025-08-06 07:29:58,308 - freqtrade.exchange.check_exchange - INFO - Exchange "binance" is officially supported by the Freqtrade development team.
2025-08-06 07:29:58,308 - freqtrade.configuration.configuration - INFO - Using pairlist from configuration.
2025-08-06 07:29:58,309 - freqtrade.exchange.exchange - INFO - Instance is running with dry_run enabled
2025-08-06 07:29:58,309 - freqtrade.exchange.exchange - INFO - Using CCXT 4.4.96
2025-08-06 07:29:58,309 - freqtrade.exchange.exchange - INFO - Applying additional ccxt config: {'options': {'defaultType': 'swap'}}
2025-08-06 07:29:58,315 - freqtrade.exchange.exchange - INFO - Applying additional ccxt config: {'options': {'defaultType': 'swap'}}
2025-08-06 07:29:58,322 - freqtrade.exchange.exchange - INFO - Using Exchange "Binance"
2025-08-06 07:29:59,814 - freqtrade.resolvers.exchange_resolver - INFO - Using resolved exchange 'Binance'...
2025-08-06 07:29:59,821 - freqtrade.resolvers.iresolver - INFO - Using resolved strategy SampleStrategy from '/freqtrade/user_data/strategies/sample_strategy.py'...
2025-08-06 07:29:59,822 - freqtrade.strategy.hyper - INFO - Found no parameter file.
2025-08-06 07:29:59,822 - freqtrade.resolvers.strategy_resolver - INFO - Override strategy 'stake_currency' with value in config file: USDT.
2025-08-06 07:29:59,822 - freqtrade.resolvers.strategy_resolver - INFO - Override strategy 'stake_amount' with value in config file: unlimited.
2025-08-06 07:29:59,823 - freqtrade.resolvers.strategy_resolver - INFO - Override strategy 'unfilledtimeout' with value in config file: {'entry': 10, 'exit': 10, 'exit_timeout_count': 0, 'unit': 'minutes'}.
2025-08-06 07:29:59,823 - freqtrade.resolvers.strategy_resolver - INFO - Override strategy 'max_open_trades' with value in config file: 3.
2025-08-06 07:29:59,823 - freqtrade.resolvers.strategy_resolver - INFO - Strategy using minimal_roi: {'60': 0.01, '30': 0.02, '0': 0.04}
2025-08-06 07:29:59,823 - freqtrade.resolvers.strategy_resolver - INFO - Strategy using timeframe: 5m
2025-08-06 07:29:59,824 - freqtrade.resolvers.strategy_resolver - INFO - Strategy using stoploss: -0.1
2025-08-06 07:29:59,824 - freqtrade.resolvers.strategy_resolver - INFO - Strategy using trailing_stop: False
2025-08-06 07:29:59,824 - freqtrade.resolvers.strategy_resolver - INFO - Strategy using trailing_stop_positive_offset: 0.0
2025-08-06 07:29:59,825 - freqtrade.resolvers.strategy_resolver - INFO - Strategy using trailing_only_offset_is_reached: False
2025-08-06 07:29:59,825 - freqtrade.resolvers.strategy_resolver - INFO - Strategy using use_custom_stoploss: False
2025-08-06 07:29:59,825 - freqtrade.resolvers.strategy_resolver - INFO - Strategy using process_only_new_candles: True
2025-08-06 07:29:59,825 - freqtrade.resolvers.strategy_resolver - INFO - Strategy using order_types: {'entry': 'limit', 'exit': 'limit', 'stoploss': 'market', 'stoploss_on_exchange': False}
2025-08-06 07:29:59,825 - freqtrade.resolvers.strategy_resolver - INFO - Strategy using order_time_in_force: {'entry': 'GTC', 'exit': 'GTC'}
2025-08-06 07:29:59,826 - freqtrade.resolvers.strategy_resolver - INFO - Strategy using stake_currency: USDT
2025-08-06 07:29:59,826 - freqtrade.resolvers.strategy_resolver - INFO - Strategy using stake_amount: unlimited
2025-08-06 07:29:59,826 - freqtrade.resolvers.strategy_resolver - INFO - Strategy using startup_candle_count: 200
2025-08-06 07:29:59,826 - freqtrade.resolvers.strategy_resolver - INFO - Strategy using unfilledtimeout: {'entry': 10, 'exit': 10, 'exit_timeout_count': 0, 'unit': 'minutes'}
2025-08-06 07:29:59,826 - freqtrade.resolvers.strategy_resolver - INFO - Strategy using use_exit_signal: True
2025-08-06 07:29:59,826 - freqtrade.resolvers.strategy_resolver - INFO - Strategy using exit_profit_only: False
2025-08-06 07:29:59,827 - freqtrade.resolvers.strategy_resolver - INFO - Strategy using ignore_roi_if_entry_signal: False
2025-08-06 07:29:59,827 - freqtrade.resolvers.strategy_resolver - INFO - Strategy using exit_profit_offset: 0.0
2025-08-06 07:29:59,827 - freqtrade.resolvers.strategy_resolver - INFO - Strategy using disable_dataframe_checks: False
2025-08-06 07:29:59,827 - freqtrade.resolvers.strategy_resolver - INFO - Strategy using ignore_buying_expired_candle_after: 0
2025-08-06 07:29:59,828 - freqtrade.resolvers.strategy_resolver - INFO - Strategy using position_adjustment_enable: False
2025-08-06 07:29:59,828 - freqtrade.resolvers.strategy_resolver - INFO - Strategy using max_entry_position_adjustment: -1
2025-08-06 07:29:59,828 - freqtrade.resolvers.strategy_resolver - INFO - Strategy using max_open_trades: 3
2025-08-06 07:29:59,828 - freqtrade.configuration.config_validation - INFO - Validating configuration ...
2025-08-06 07:29:59,847 - freqtrade.wallets - INFO - Wallets synced.
2025-08-06 07:30:00,597 - freqtrade - ERROR - No Pairlist Handlers defined
2025-08-06 07:31:02,935 - freqtrade.loggers - INFO - Enabling colorized output.
2025-08-06 07:31:02,935 - freqtrade.loggers - INFO - Logfile configured
2025-08-06 07:31:02,935 - freqtrade.loggers - INFO - Verbosity set to 0
2025-08-06 07:31:02,936 - freqtrade.configuration.configuration - INFO - Runmode set to dry_run.
2025-08-06 07:31:02,936 - freqtrade.configuration.configuration - INFO - Parameter --db-url detected ...
2025-08-06 07:31:02,936 - freqtrade.configuration.configuration - INFO - Dry run is enabled
2025-08-06 07:31:02,936 - freqtrade.configuration.configuration - INFO - Using DB: "sqlite:////freqtrade/user_data/tradesv3.sqlite"
2025-08-06 07:31:02,937 - freqtrade.configuration.configuration - INFO - Using max_open_trades: 3 ...
2025-08-06 07:31:02,947 - freqtrade.configuration.configuration - INFO - Using user-data directory: /freqtrade/user_data ...
2025-08-06 07:31:02,947 - freqtrade.configuration.configuration - INFO - Using data directory: /freqtrade/user_data/data/binance ...
2025-08-06 07:31:02,948 - freqtrade.exchange.check_exchange - INFO - Checking exchange...
2025-08-06 07:31:02,956 - freqtrade.exchange.check_exchange - INFO - Exchange "binance" is officially supported by the Freqtrade development team.
2025-08-06 07:31:02,956 - freqtrade.configuration.configuration - INFO - Using pairlist from configuration.
2025-08-06 07:31:02,956 - freqtrade.exchange.exchange - INFO - Instance is running with dry_run enabled
2025-08-06 07:31:02,957 - freqtrade.exchange.exchange - INFO - Using CCXT 4.4.96
2025-08-06 07:31:02,957 - freqtrade.exchange.exchange - INFO - Applying additional ccxt config: {'options': {'defaultType': 'swap'}}
2025-08-06 07:31:02,963 - freqtrade.exchange.exchange - INFO - Applying additional ccxt config: {'options': {'defaultType': 'swap'}}
2025-08-06 07:31:02,970 - freqtrade.exchange.exchange - INFO - Using Exchange "Binance"
2025-08-06 07:31:04,597 - freqtrade.resolvers.exchange_resolver - INFO - Using resolved exchange 'Binance'...
2025-08-06 07:31:04,606 - freqtrade.resolvers.iresolver - INFO - Using resolved strategy SampleStrategy from '/freqtrade/user_data/strategies/sample_strategy.py'...
2025-08-06 07:31:04,606 - freqtrade.strategy.hyper - INFO - Found no parameter file.
2025-08-06 07:31:04,607 - freqtrade.resolvers.strategy_resolver - INFO - Override strategy 'stake_currency' with value in config file: USDT.
2025-08-06 07:31:04,607 - freqtrade.resolvers.strategy_resolver - INFO - Override strategy 'stake_amount' with value in config file: unlimited.
2025-08-06 07:31:04,607 - freqtrade.resolvers.strategy_resolver - INFO - Override strategy 'unfilledtimeout' with value in config file: {'entry': 10, 'exit': 10, 'exit_timeout_count': 0, 'unit': 'minutes'}.
2025-08-06 07:31:04,608 - freqtrade.resolvers.strategy_resolver - INFO - Override strategy 'max_open_trades' with value in config file: 3.
2025-08-06 07:31:04,608 - freqtrade.resolvers.strategy_resolver - INFO - Strategy using minimal_roi: {'60': 0.01, '30': 0.02, '0': 0.04}
2025-08-06 07:31:04,609 - freqtrade.resolvers.strategy_resolver - INFO - Strategy using timeframe: 5m
2025-08-06 07:31:04,609 - freqtrade.resolvers.strategy_resolver - INFO - Strategy using stoploss: -0.1
2025-08-06 07:31:04,609 - freqtrade.resolvers.strategy_resolver - INFO - Strategy using trailing_stop: False
2025-08-06 07:31:04,609 - freqtrade.resolvers.strategy_resolver - INFO - Strategy using trailing_stop_positive_offset: 0.0
2025-08-06 07:31:04,609 - freqtrade.resolvers.strategy_resolver - INFO - Strategy using trailing_only_offset_is_reached: False
2025-08-06 07:31:04,610 - freqtrade.resolvers.strategy_resolver - INFO - Strategy using use_custom_stoploss: False
2025-08-06 07:31:04,610 - freqtrade.resolvers.strategy_resolver - INFO - Strategy using process_only_new_candles: True
2025-08-06 07:31:04,610 - freqtrade.resolvers.strategy_resolver - INFO - Strategy using order_types: {'entry': 'limit', 'exit': 'limit', 'stoploss': 'market', 'stoploss_on_exchange': False}
2025-08-06 07:31:04,610 - freqtrade.resolvers.strategy_resolver - INFO - Strategy using order_time_in_force: {'entry': 'GTC', 'exit': 'GTC'}
2025-08-06 07:31:04,611 - freqtrade.resolvers.strategy_resolver - INFO - Strategy using stake_currency: USDT
2025-08-06 07:31:04,611 - freqtrade.resolvers.strategy_resolver - INFO - Strategy using stake_amount: unlimited
2025-08-06 07:31:04,611 - freqtrade.resolvers.strategy_resolver - INFO - Strategy using startup_candle_count: 200
2025-08-06 07:31:04,611 - freqtrade.resolvers.strategy_resolver - INFO - Strategy using unfilledtimeout: {'entry': 10, 'exit': 10, 'exit_timeout_count': 0, 'unit': 'minutes'}
2025-08-06 07:31:04,611 - freqtrade.resolvers.strategy_resolver - INFO - Strategy using use_exit_signal: True
2025-08-06 07:31:04,612 - freqtrade.resolvers.strategy_resolver - INFO - Strategy using exit_profit_only: False
2025-08-06 07:31:04,612 - freqtrade.resolvers.strategy_resolver - INFO - Strategy using ignore_roi_if_entry_signal: False
2025-08-06 07:31:04,612 - freqtrade.resolvers.strategy_resolver - INFO - Strategy using exit_profit_offset: 0.0
2025-08-06 07:31:04,612 - freqtrade.resolvers.strategy_resolver - INFO - Strategy using disable_dataframe_checks: False
2025-08-06 07:31:04,612 - freqtrade.resolvers.strategy_resolver - INFO - Strategy using ignore_buying_expired_candle_after: 0
2025-08-06 07:31:04,613 - freqtrade.resolvers.strategy_resolver - INFO - Strategy using position_adjustment_enable: False
2025-08-06 07:31:04,613 - freqtrade.resolvers.strategy_resolver - INFO - Strategy using max_entry_position_adjustment: -1
2025-08-06 07:31:04,613 - freqtrade.resolvers.strategy_resolver - INFO - Strategy using max_open_trades: 3
2025-08-06 07:31:04,613 - freqtrade.configuration.config_validation - INFO - Validating configuration ...
2025-08-06 07:31:04,637 - freqtrade.wallets - INFO - Wallets synced.
2025-08-06 07:31:05,392 - freqtrade - ERROR - No Pairlist Handlers defined
2025-08-06 07:32:08,126 - freqtrade.loggers - INFO - Enabling colorized output.
2025-08-06 07:32:08,127 - freqtrade.loggers - INFO - Logfile configured
2025-08-06 07:32:08,128 - freqtrade.loggers - INFO - Verbosity set to 0
2025-08-06 07:32:08,128 - freqtrade.configuration.configuration - INFO - Runmode set to dry_run.
2025-08-06 07:32:08,129 - freqtrade.configuration.configuration - INFO - Parameter --db-url detected ...
2025-08-06 07:32:08,129 - freqtrade.configuration.configuration - INFO - Dry run is enabled
2025-08-06 07:32:08,130 - freqtrade.configuration.configuration - INFO - Using DB: "sqlite:////freqtrade/user_data/tradesv3.sqlite"
2025-08-06 07:32:08,130 - freqtrade.configuration.configuration - INFO - Using max_open_trades: 3 ...
2025-08-06 07:32:08,148 - freqtrade.configuration.configuration - INFO - Using user-data directory: /freqtrade/user_data ...
2025-08-06 07:32:08,149 - freqtrade.configuration.configuration - INFO - Using data directory: /freqtrade/user_data/data/binance ...
2025-08-06 07:32:08,149 - freqtrade.exchange.check_exchange - INFO - Checking exchange...
2025-08-06 07:32:08,157 - freqtrade.exchange.check_exchange - INFO - Exchange "binance" is officially supported by the Freqtrade development team.
2025-08-06 07:32:08,157 - freqtrade.configuration.configuration - INFO - Using pairlist from configuration.
2025-08-06 07:32:08,158 - freqtrade.exchange.exchange - INFO - Instance is running with dry_run enabled
2025-08-06 07:32:08,158 - freqtrade.exchange.exchange - INFO - Using CCXT 4.4.96
2025-08-06 07:32:08,158 - freqtrade.exchange.exchange - INFO - Applying additional ccxt config: {'options': {'defaultType': 'swap'}}
2025-08-06 07:32:08,165 - freqtrade.exchange.exchange - INFO - Applying additional ccxt config: {'options': {'defaultType': 'swap'}}
2025-08-06 07:32:08,176 - freqtrade.exchange.exchange - INFO - Using Exchange "Binance"
2025-08-06 07:32:08,290 - freqtrade.exchange.common - WARNING - _load_async_markets() returned exception: "Error in reload_markets due to ExchangeNotAvailable. Message: binance GET https://api.binance.com/api/v3/exchangeInfo". Retrying still for 3 times.
2025-08-06 07:32:08,554 - freqtrade.exchange.common - WARNING - _load_async_markets() returned exception: "Error in reload_markets due to ExchangeNotAvailable. Message: binance GET https://api.binance.com/api/v3/exchangeInfo". Retrying still for 2 times.
2025-08-06 07:32:08,858 - freqtrade.exchange.common - WARNING - _load_async_markets() returned exception: "Error in reload_markets due to ExchangeNotAvailable. Message: binance GET https://api.binance.com/api/v3/exchangeInfo". Retrying still for 1 times.
2025-08-06 07:32:09,155 - freqtrade.exchange.common - WARNING - _load_async_markets() returned exception: "Error in reload_markets due to ExchangeNotAvailable. Message: binance GET https://api.binance.com/api/v3/exchangeInfo". Giving up.
2025-08-06 07:32:09,156 - freqtrade.exchange.exchange - ERROR - Could not load markets.
Traceback (most recent call last):
  File "/home/ftuser/.local/lib/python3.13/site-packages/aiohttp/connector.py", line 1283, in _wrap_create_connection
    return await self._loop.create_connection(*args, **kwargs, sock=sock)
           ^^^^^^^^^^^^^^^^^^^^^^^^^^^^^^^^^^^^^^^^^^^^^^^^^^^^^^^^^^^^^^
  File "/usr/local/lib/python3.13/asyncio/base_events.py", line 1193, in create_connection
    transport, protocol = await self._create_connection_transport(
                          ^^^^^^^^^^^^^^^^^^^^^^^^^^^^^^^^^^^^^^^^
    ...<2 lines>...
        ssl_shutdown_timeout=ssl_shutdown_timeout)
        ^^^^^^^^^^^^^^^^^^^^^^^^^^^^^^^^^^^^^^^^^^
  File "/usr/local/lib/python3.13/asyncio/base_events.py", line 1226, in _create_connection_transport
    await waiter
  File "/usr/local/lib/python3.13/asyncio/sslproto.py", line 581, in _on_handshake_complete
    raise handshake_exc
ConnectionResetError

The above exception was the direct cause of the following exception:

Traceback (most recent call last):
  File "/home/ftuser/.local/lib/python3.13/site-packages/ccxt/async_support/base/exchange.py", line 208, in fetch
    async with session_method(yarl.URL(url, encoded=True),
               ~~~~~~~~~~~~~~^^^^^^^^^^^^^^^^^^^^^^^^^^^^^
                              data=encoded_body,
                              ^^^^^^^^^^^^^^^^^^
                              headers=request_headers,
                              ^^^^^^^^^^^^^^^^^^^^^^^^
                              timeout=(self.timeout / 1000),
                              ^^^^^^^^^^^^^^^^^^^^^^^^^^^^^^
                              proxy=final_proxy) as response:
                              ^^^^^^^^^^^^^^^^^^
  File "/home/ftuser/.local/lib/python3.13/site-packages/aiohttp/client.py", line 1488, in __aenter__
    self._resp: _RetType = await self._coro
                           ^^^^^^^^^^^^^^^^
  File "/home/ftuser/.local/lib/python3.13/site-packages/aiohttp/client.py", line 770, in _request
    resp = await handler(req)
           ^^^^^^^^^^^^^^^^^^
  File "/home/ftuser/.local/lib/python3.13/site-packages/aiohttp/client.py", line 725, in _connect_and_send_request
    conn = await self._connector.connect(
           ^^^^^^^^^^^^^^^^^^^^^^^^^^^^^^
        req, traces=traces, timeout=real_timeout
        ^^^^^^^^^^^^^^^^^^^^^^^^^^^^^^^^^^^^^^^^
    )
    ^
  File "/home/ftuser/.local/lib/python3.13/site-packages/aiohttp/connector.py", line 642, in connect
    proto = await self._create_connection(req, traces, timeout)
            ^^^^^^^^^^^^^^^^^^^^^^^^^^^^^^^^^^^^^^^^^^^^^^^^^^^
  File "/home/ftuser/.local/lib/python3.13/site-packages/aiohttp/connector.py", line 1209, in _create_connection
    _, proto = await self._create_direct_connection(req, traces, timeout)
               ^^^^^^^^^^^^^^^^^^^^^^^^^^^^^^^^^^^^^^^^^^^^^^^^^^^^^^^^^^
  File "/home/ftuser/.local/lib/python3.13/site-packages/aiohttp/connector.py", line 1581, in _create_direct_connection
    raise last_exc
  File "/home/ftuser/.local/lib/python3.13/site-packages/aiohttp/connector.py", line 1550, in _create_direct_connection
    transp, proto = await self._wrap_create_connection(
                    ^^^^^^^^^^^^^^^^^^^^^^^^^^^^^^^^^^^
    ...<7 lines>...
    )
    ^
  File "/home/ftuser/.local/lib/python3.13/site-packages/aiohttp/connector.py", line 1291, in _wrap_create_connection
    raise client_error(req.connection_key, exc) from exc
aiohttp.client_exceptions.ClientConnectorError: Cannot connect to host api.binance.com:443 ssl:default [None]

The above exception was the direct cause of the following exception:

Traceback (most recent call last):
  File "/freqtrade/freqtrade/exchange/exchange.py", line 651, in _api_reload_markets
    await self._api_async.load_markets(reload=reload, params={})
  File "/home/ftuser/.local/lib/python3.13/site-packages/ccxt/async_support/base/exchange.py", line 329, in load_markets
    raise e
  File "/home/ftuser/.local/lib/python3.13/site-packages/ccxt/async_support/base/exchange.py", line 321, in load_markets
    result = await self.markets_loading
             ^^^^^^^^^^^^^^^^^^^^^^^^^^
  File "/home/ftuser/.local/lib/python3.13/site-packages/ccxt/async_support/base/exchange.py", line 288, in load_markets_helper
    markets = await self.fetch_markets(params)
              ^^^^^^^^^^^^^^^^^^^^^^^^^^^^^^^^
  File "/home/ftuser/.local/lib/python3.13/site-packages/ccxt/async_support/binance.py", line 3054, in fetch_markets
    results = await asyncio.gather(*promisesRaw)
              ^^^^^^^^^^^^^^^^^^^^^^^^^^^^^^^^^^
  File "/home/ftuser/.local/lib/python3.13/site-packages/ccxt/async_support/binance.py", line 11339, in request
    response = await self.fetch2(path, api, method, params, headers, body, config)
               ^^^^^^^^^^^^^^^^^^^^^^^^^^^^^^^^^^^^^^^^^^^^^^^^^^^^^^^^^^^^^^^^^^^
  File "/home/ftuser/.local/lib/python3.13/site-packages/ccxt/async_support/base/exchange.py", line 934, in fetch2
    raise e
  File "/home/ftuser/.local/lib/python3.13/site-packages/ccxt/async_support/base/exchange.py", line 925, in fetch2
    return await self.fetch(request['url'], request['method'], request['headers'], request['body'])
           ^^^^^^^^^^^^^^^^^^^^^^^^^^^^^^^^^^^^^^^^^^^^^^^^^^^^^^^^^^^^^^^^^^^^^^^^^^^^^^^^^^^^^^^^
  File "/home/ftuser/.local/lib/python3.13/site-packages/ccxt/async_support/base/exchange.py", line 248, in fetch
    raise ExchangeNotAvailable(details) from e
ccxt.base.errors.ExchangeNotAvailable: binance GET https://api.binance.com/api/v3/exchangeInfo

The above exception was the direct cause of the following exception:

Traceback (most recent call last):
  File "/freqtrade/freqtrade/exchange/common.py", line 172, in wrapper
    return f(*args, **kwargs)
  File "/freqtrade/freqtrade/exchange/exchange.py", line 664, in _load_async_markets
    markets = self.loop.run_until_complete(self._api_reload_markets(reload=reload))
  File "/usr/local/lib/python3.13/asyncio/base_events.py", line 725, in run_until_complete
    return future.result()
           ~~~~~~~~~~~~~^^
  File "/freqtrade/freqtrade/exchange/exchange.py", line 655, in _api_reload_markets
    raise TemporaryError(
        f"Error in reload_markets due to {e.__class__.__name__}. Message: {e}"
    ) from e
freqtrade.exceptions.TemporaryError: Error in reload_markets due to ExchangeNotAvailable. Message: binance GET https://api.binance.com/api/v3/exchangeInfo

During handling of the above exception, another exception occurred:

Traceback (most recent call last):
  File "/home/ftuser/.local/lib/python3.13/site-packages/aiohttp/connector.py", line 1283, in _wrap_create_connection
    return await self._loop.create_connection(*args, **kwargs, sock=sock)
           ^^^^^^^^^^^^^^^^^^^^^^^^^^^^^^^^^^^^^^^^^^^^^^^^^^^^^^^^^^^^^^
  File "/usr/local/lib/python3.13/asyncio/base_events.py", line 1193, in create_connection
    transport, protocol = await self._create_connection_transport(
                          ^^^^^^^^^^^^^^^^^^^^^^^^^^^^^^^^^^^^^^^^
    ...<2 lines>...
        ssl_shutdown_timeout=ssl_shutdown_timeout)
        ^^^^^^^^^^^^^^^^^^^^^^^^^^^^^^^^^^^^^^^^^^
  File "/usr/local/lib/python3.13/asyncio/base_events.py", line 1226, in _create_connection_transport
    await waiter
  File "/usr/local/lib/python3.13/asyncio/sslproto.py", line 581, in _on_handshake_complete
    raise handshake_exc
ConnectionResetError

The above exception was the direct cause of the following exception:

Traceback (most recent call last):
  File "/home/ftuser/.local/lib/python3.13/site-packages/ccxt/async_support/base/exchange.py", line 208, in fetch
    async with session_method(yarl.URL(url, encoded=True),
               ~~~~~~~~~~~~~~^^^^^^^^^^^^^^^^^^^^^^^^^^^^^
                              data=encoded_body,
                              ^^^^^^^^^^^^^^^^^^
                              headers=request_headers,
                              ^^^^^^^^^^^^^^^^^^^^^^^^
                              timeout=(self.timeout / 1000),
                              ^^^^^^^^^^^^^^^^^^^^^^^^^^^^^^
                              proxy=final_proxy) as response:
                              ^^^^^^^^^^^^^^^^^^
  File "/home/ftuser/.local/lib/python3.13/site-packages/aiohttp/client.py", line 1488, in __aenter__
    self._resp: _RetType = await self._coro
                           ^^^^^^^^^^^^^^^^
  File "/home/ftuser/.local/lib/python3.13/site-packages/aiohttp/client.py", line 770, in _request
    resp = await handler(req)
           ^^^^^^^^^^^^^^^^^^
  File "/home/ftuser/.local/lib/python3.13/site-packages/aiohttp/client.py", line 725, in _connect_and_send_request
    conn = await self._connector.connect(
           ^^^^^^^^^^^^^^^^^^^^^^^^^^^^^^
        req, traces=traces, timeout=real_timeout
        ^^^^^^^^^^^^^^^^^^^^^^^^^^^^^^^^^^^^^^^^
    )
    ^
  File "/home/ftuser/.local/lib/python3.13/site-packages/aiohttp/connector.py", line 642, in connect
    proto = await self._create_connection(req, traces, timeout)
            ^^^^^^^^^^^^^^^^^^^^^^^^^^^^^^^^^^^^^^^^^^^^^^^^^^^
  File "/home/ftuser/.local/lib/python3.13/site-packages/aiohttp/connector.py", line 1209, in _create_connection
    _, proto = await self._create_direct_connection(req, traces, timeout)
               ^^^^^^^^^^^^^^^^^^^^^^^^^^^^^^^^^^^^^^^^^^^^^^^^^^^^^^^^^^
  File "/home/ftuser/.local/lib/python3.13/site-packages/aiohttp/connector.py", line 1581, in _create_direct_connection
    raise last_exc
  File "/home/ftuser/.local/lib/python3.13/site-packages/aiohttp/connector.py", line 1550, in _create_direct_connection
    transp, proto = await self._wrap_create_connection(
                    ^^^^^^^^^^^^^^^^^^^^^^^^^^^^^^^^^^^
    ...<7 lines>...
    )
    ^
  File "/home/ftuser/.local/lib/python3.13/site-packages/aiohttp/connector.py", line 1291, in _wrap_create_connection
    raise client_error(req.connection_key, exc) from exc
aiohttp.client_exceptions.ClientConnectorError: Cannot connect to host api.binance.com:443 ssl:default [None]

The above exception was the direct cause of the following exception:

Traceback (most recent call last):
  File "/freqtrade/freqtrade/exchange/exchange.py", line 651, in _api_reload_markets
    await self._api_async.load_markets(reload=reload, params={})
  File "/home/ftuser/.local/lib/python3.13/site-packages/ccxt/async_support/base/exchange.py", line 329, in load_markets
    raise e
  File "/home/ftuser/.local/lib/python3.13/site-packages/ccxt/async_support/base/exchange.py", line 321, in load_markets
    result = await self.markets_loading
             ^^^^^^^^^^^^^^^^^^^^^^^^^^
  File "/home/ftuser/.local/lib/python3.13/site-packages/ccxt/async_support/base/exchange.py", line 288, in load_markets_helper
    markets = await self.fetch_markets(params)
              ^^^^^^^^^^^^^^^^^^^^^^^^^^^^^^^^
  File "/home/ftuser/.local/lib/python3.13/site-packages/ccxt/async_support/binance.py", line 3054, in fetch_markets
    results = await asyncio.gather(*promisesRaw)
              ^^^^^^^^^^^^^^^^^^^^^^^^^^^^^^^^^^
  File "/home/ftuser/.local/lib/python3.13/site-packages/ccxt/async_support/binance.py", line 11339, in request
    response = await self.fetch2(path, api, method, params, headers, body, config)
               ^^^^^^^^^^^^^^^^^^^^^^^^^^^^^^^^^^^^^^^^^^^^^^^^^^^^^^^^^^^^^^^^^^^
  File "/home/ftuser/.local/lib/python3.13/site-packages/ccxt/async_support/base/exchange.py", line 934, in fetch2
    raise e
  File "/home/ftuser/.local/lib/python3.13/site-packages/ccxt/async_support/base/exchange.py", line 925, in fetch2
    return await self.fetch(request['url'], request['method'], request['headers'], request['body'])
           ^^^^^^^^^^^^^^^^^^^^^^^^^^^^^^^^^^^^^^^^^^^^^^^^^^^^^^^^^^^^^^^^^^^^^^^^^^^^^^^^^^^^^^^^
  File "/home/ftuser/.local/lib/python3.13/site-packages/ccxt/async_support/base/exchange.py", line 248, in fetch
    raise ExchangeNotAvailable(details) from e
ccxt.base.errors.ExchangeNotAvailable: binance GET https://api.binance.com/api/v3/exchangeInfo

The above exception was the direct cause of the following exception:

Traceback (most recent call last):
  File "/freqtrade/freqtrade/exchange/common.py", line 172, in wrapper
    return f(*args, **kwargs)
  File "/freqtrade/freqtrade/exchange/exchange.py", line 664, in _load_async_markets
    markets = self.loop.run_until_complete(self._api_reload_markets(reload=reload))
  File "/usr/local/lib/python3.13/asyncio/base_events.py", line 725, in run_until_complete
    return future.result()
           ~~~~~~~~~~~~~^^
  File "/freqtrade/freqtrade/exchange/exchange.py", line 655, in _api_reload_markets
    raise TemporaryError(
        f"Error in reload_markets due to {e.__class__.__name__}. Message: {e}"
    ) from e
freqtrade.exceptions.TemporaryError: Error in reload_markets due to ExchangeNotAvailable. Message: binance GET https://api.binance.com/api/v3/exchangeInfo

During handling of the above exception, another exception occurred:

Traceback (most recent call last):
  File "/home/ftuser/.local/lib/python3.13/site-packages/aiohttp/connector.py", line 1283, in _wrap_create_connection
    return await self._loop.create_connection(*args, **kwargs, sock=sock)
           ^^^^^^^^^^^^^^^^^^^^^^^^^^^^^^^^^^^^^^^^^^^^^^^^^^^^^^^^^^^^^^
  File "/usr/local/lib/python3.13/asyncio/base_events.py", line 1193, in create_connection
    transport, protocol = await self._create_connection_transport(
                          ^^^^^^^^^^^^^^^^^^^^^^^^^^^^^^^^^^^^^^^^
    ...<2 lines>...
        ssl_shutdown_timeout=ssl_shutdown_timeout)
        ^^^^^^^^^^^^^^^^^^^^^^^^^^^^^^^^^^^^^^^^^^
  File "/usr/local/lib/python3.13/asyncio/base_events.py", line 1226, in _create_connection_transport
    await waiter
  File "/usr/local/lib/python3.13/asyncio/sslproto.py", line 581, in _on_handshake_complete
    raise handshake_exc
ConnectionResetError

The above exception was the direct cause of the following exception:

Traceback (most recent call last):
  File "/home/ftuser/.local/lib/python3.13/site-packages/ccxt/async_support/base/exchange.py", line 208, in fetch
    async with session_method(yarl.URL(url, encoded=True),
               ~~~~~~~~~~~~~~^^^^^^^^^^^^^^^^^^^^^^^^^^^^^
                              data=encoded_body,
                              ^^^^^^^^^^^^^^^^^^
                              headers=request_headers,
                              ^^^^^^^^^^^^^^^^^^^^^^^^
                              timeout=(self.timeout / 1000),
                              ^^^^^^^^^^^^^^^^^^^^^^^^^^^^^^
                              proxy=final_proxy) as response:
                              ^^^^^^^^^^^^^^^^^^
  File "/home/ftuser/.local/lib/python3.13/site-packages/aiohttp/client.py", line 1488, in __aenter__
    self._resp: _RetType = await self._coro
                           ^^^^^^^^^^^^^^^^
  File "/home/ftuser/.local/lib/python3.13/site-packages/aiohttp/client.py", line 770, in _request
    resp = await handler(req)
           ^^^^^^^^^^^^^^^^^^
  File "/home/ftuser/.local/lib/python3.13/site-packages/aiohttp/client.py", line 725, in _connect_and_send_request
    conn = await self._connector.connect(
           ^^^^^^^^^^^^^^^^^^^^^^^^^^^^^^
        req, traces=traces, timeout=real_timeout
        ^^^^^^^^^^^^^^^^^^^^^^^^^^^^^^^^^^^^^^^^
    )
    ^
  File "/home/ftuser/.local/lib/python3.13/site-packages/aiohttp/connector.py", line 642, in connect
    proto = await self._create_connection(req, traces, timeout)
            ^^^^^^^^^^^^^^^^^^^^^^^^^^^^^^^^^^^^^^^^^^^^^^^^^^^
  File "/home/ftuser/.local/lib/python3.13/site-packages/aiohttp/connector.py", line 1209, in _create_connection
    _, proto = await self._create_direct_connection(req, traces, timeout)
               ^^^^^^^^^^^^^^^^^^^^^^^^^^^^^^^^^^^^^^^^^^^^^^^^^^^^^^^^^^
  File "/home/ftuser/.local/lib/python3.13/site-packages/aiohttp/connector.py", line 1581, in _create_direct_connection
    raise last_exc
  File "/home/ftuser/.local/lib/python3.13/site-packages/aiohttp/connector.py", line 1550, in _create_direct_connection
    transp, proto = await self._wrap_create_connection(
                    ^^^^^^^^^^^^^^^^^^^^^^^^^^^^^^^^^^^
    ...<7 lines>...
    )
    ^
  File "/home/ftuser/.local/lib/python3.13/site-packages/aiohttp/connector.py", line 1291, in _wrap_create_connection
    raise client_error(req.connection_key, exc) from exc
aiohttp.client_exceptions.ClientConnectorError: Cannot connect to host api.binance.com:443 ssl:default [None]

The above exception was the direct cause of the following exception:

Traceback (most recent call last):
  File "/freqtrade/freqtrade/exchange/exchange.py", line 651, in _api_reload_markets
    await self._api_async.load_markets(reload=reload, params={})
  File "/home/ftuser/.local/lib/python3.13/site-packages/ccxt/async_support/base/exchange.py", line 329, in load_markets
    raise e
  File "/home/ftuser/.local/lib/python3.13/site-packages/ccxt/async_support/base/exchange.py", line 321, in load_markets
    result = await self.markets_loading
             ^^^^^^^^^^^^^^^^^^^^^^^^^^
  File "/home/ftuser/.local/lib/python3.13/site-packages/ccxt/async_support/base/exchange.py", line 288, in load_markets_helper
    markets = await self.fetch_markets(params)
              ^^^^^^^^^^^^^^^^^^^^^^^^^^^^^^^^
  File "/home/ftuser/.local/lib/python3.13/site-packages/ccxt/async_support/binance.py", line 3054, in fetch_markets
    results = await asyncio.gather(*promisesRaw)
              ^^^^^^^^^^^^^^^^^^^^^^^^^^^^^^^^^^
  File "/home/ftuser/.local/lib/python3.13/site-packages/ccxt/async_support/binance.py", line 11339, in request
    response = await self.fetch2(path, api, method, params, headers, body, config)
               ^^^^^^^^^^^^^^^^^^^^^^^^^^^^^^^^^^^^^^^^^^^^^^^^^^^^^^^^^^^^^^^^^^^
  File "/home/ftuser/.local/lib/python3.13/site-packages/ccxt/async_support/base/exchange.py", line 934, in fetch2
    raise e
  File "/home/ftuser/.local/lib/python3.13/site-packages/ccxt/async_support/base/exchange.py", line 925, in fetch2
    return await self.fetch(request['url'], request['method'], request['headers'], request['body'])
           ^^^^^^^^^^^^^^^^^^^^^^^^^^^^^^^^^^^^^^^^^^^^^^^^^^^^^^^^^^^^^^^^^^^^^^^^^^^^^^^^^^^^^^^^
  File "/home/ftuser/.local/lib/python3.13/site-packages/ccxt/async_support/base/exchange.py", line 248, in fetch
    raise ExchangeNotAvailable(details) from e
ccxt.base.errors.ExchangeNotAvailable: binance GET https://api.binance.com/api/v3/exchangeInfo

The above exception was the direct cause of the following exception:

Traceback (most recent call last):
  File "/freqtrade/freqtrade/exchange/common.py", line 172, in wrapper
    return f(*args, **kwargs)
  File "/freqtrade/freqtrade/exchange/exchange.py", line 664, in _load_async_markets
    markets = self.loop.run_until_complete(self._api_reload_markets(reload=reload))
  File "/usr/local/lib/python3.13/asyncio/base_events.py", line 725, in run_until_complete
    return future.result()
           ~~~~~~~~~~~~~^^
  File "/freqtrade/freqtrade/exchange/exchange.py", line 655, in _api_reload_markets
    raise TemporaryError(
        f"Error in reload_markets due to {e.__class__.__name__}. Message: {e}"
    ) from e
freqtrade.exceptions.TemporaryError: Error in reload_markets due to ExchangeNotAvailable. Message: binance GET https://api.binance.com/api/v3/exchangeInfo

During handling of the above exception, another exception occurred:

Traceback (most recent call last):
  File "/home/ftuser/.local/lib/python3.13/site-packages/aiohttp/connector.py", line 1283, in _wrap_create_connection
    return await self._loop.create_connection(*args, **kwargs, sock=sock)
           ^^^^^^^^^^^^^^^^^^^^^^^^^^^^^^^^^^^^^^^^^^^^^^^^^^^^^^^^^^^^^^
  File "/usr/local/lib/python3.13/asyncio/base_events.py", line 1193, in create_connection
    transport, protocol = await self._create_connection_transport(
                          ^^^^^^^^^^^^^^^^^^^^^^^^^^^^^^^^^^^^^^^^
    ...<2 lines>...
        ssl_shutdown_timeout=ssl_shutdown_timeout)
        ^^^^^^^^^^^^^^^^^^^^^^^^^^^^^^^^^^^^^^^^^^
  File "/usr/local/lib/python3.13/asyncio/base_events.py", line 1226, in _create_connection_transport
    await waiter
  File "/usr/local/lib/python3.13/asyncio/sslproto.py", line 581, in _on_handshake_complete
    raise handshake_exc
ConnectionResetError

The above exception was the direct cause of the following exception:

Traceback (most recent call last):
  File "/home/ftuser/.local/lib/python3.13/site-packages/ccxt/async_support/base/exchange.py", line 208, in fetch
    async with session_method(yarl.URL(url, encoded=True),
               ~~~~~~~~~~~~~~^^^^^^^^^^^^^^^^^^^^^^^^^^^^^
                              data=encoded_body,
                              ^^^^^^^^^^^^^^^^^^
                              headers=request_headers,
                              ^^^^^^^^^^^^^^^^^^^^^^^^
                              timeout=(self.timeout / 1000),
                              ^^^^^^^^^^^^^^^^^^^^^^^^^^^^^^
                              proxy=final_proxy) as response:
                              ^^^^^^^^^^^^^^^^^^
  File "/home/ftuser/.local/lib/python3.13/site-packages/aiohttp/client.py", line 1488, in __aenter__
    self._resp: _RetType = await self._coro
                           ^^^^^^^^^^^^^^^^
  File "/home/ftuser/.local/lib/python3.13/site-packages/aiohttp/client.py", line 770, in _request
    resp = await handler(req)
           ^^^^^^^^^^^^^^^^^^
  File "/home/ftuser/.local/lib/python3.13/site-packages/aiohttp/client.py", line 725, in _connect_and_send_request
    conn = await self._connector.connect(
           ^^^^^^^^^^^^^^^^^^^^^^^^^^^^^^
        req, traces=traces, timeout=real_timeout
        ^^^^^^^^^^^^^^^^^^^^^^^^^^^^^^^^^^^^^^^^
    )
    ^
  File "/home/ftuser/.local/lib/python3.13/site-packages/aiohttp/connector.py", line 642, in connect
    proto = await self._create_connection(req, traces, timeout)
            ^^^^^^^^^^^^^^^^^^^^^^^^^^^^^^^^^^^^^^^^^^^^^^^^^^^
  File "/home/ftuser/.local/lib/python3.13/site-packages/aiohttp/connector.py", line 1209, in _create_connection
    _, proto = await self._create_direct_connection(req, traces, timeout)
               ^^^^^^^^^^^^^^^^^^^^^^^^^^^^^^^^^^^^^^^^^^^^^^^^^^^^^^^^^^
  File "/home/ftuser/.local/lib/python3.13/site-packages/aiohttp/connector.py", line 1581, in _create_direct_connection
    raise last_exc
  File "/home/ftuser/.local/lib/python3.13/site-packages/aiohttp/connector.py", line 1550, in _create_direct_connection
    transp, proto = await self._wrap_create_connection(
                    ^^^^^^^^^^^^^^^^^^^^^^^^^^^^^^^^^^^
    ...<7 lines>...
    )
    ^
  File "/home/ftuser/.local/lib/python3.13/site-packages/aiohttp/connector.py", line 1291, in _wrap_create_connection
    raise client_error(req.connection_key, exc) from exc
aiohttp.client_exceptions.ClientConnectorError: Cannot connect to host api.binance.com:443 ssl:default [None]

The above exception was the direct cause of the following exception:

Traceback (most recent call last):
  File "/freqtrade/freqtrade/exchange/exchange.py", line 651, in _api_reload_markets
    await self._api_async.load_markets(reload=reload, params={})
  File "/home/ftuser/.local/lib/python3.13/site-packages/ccxt/async_support/base/exchange.py", line 329, in load_markets
    raise e
  File "/home/ftuser/.local/lib/python3.13/site-packages/ccxt/async_support/base/exchange.py", line 321, in load_markets
    result = await self.markets_loading
             ^^^^^^^^^^^^^^^^^^^^^^^^^^
  File "/home/ftuser/.local/lib/python3.13/site-packages/ccxt/async_support/base/exchange.py", line 288, in load_markets_helper
    markets = await self.fetch_markets(params)
              ^^^^^^^^^^^^^^^^^^^^^^^^^^^^^^^^
  File "/home/ftuser/.local/lib/python3.13/site-packages/ccxt/async_support/binance.py", line 3054, in fetch_markets
    results = await asyncio.gather(*promisesRaw)
              ^^^^^^^^^^^^^^^^^^^^^^^^^^^^^^^^^^
  File "/home/ftuser/.local/lib/python3.13/site-packages/ccxt/async_support/binance.py", line 11339, in request
    response = await self.fetch2(path, api, method, params, headers, body, config)
               ^^^^^^^^^^^^^^^^^^^^^^^^^^^^^^^^^^^^^^^^^^^^^^^^^^^^^^^^^^^^^^^^^^^
  File "/home/ftuser/.local/lib/python3.13/site-packages/ccxt/async_support/base/exchange.py", line 934, in fetch2
    raise e
  File "/home/ftuser/.local/lib/python3.13/site-packages/ccxt/async_support/base/exchange.py", line 925, in fetch2
    return await self.fetch(request['url'], request['method'], request['headers'], request['body'])
           ^^^^^^^^^^^^^^^^^^^^^^^^^^^^^^^^^^^^^^^^^^^^^^^^^^^^^^^^^^^^^^^^^^^^^^^^^^^^^^^^^^^^^^^^
  File "/home/ftuser/.local/lib/python3.13/site-packages/ccxt/async_support/base/exchange.py", line 248, in fetch
    raise ExchangeNotAvailable(details) from e
ccxt.base.errors.ExchangeNotAvailable: binance GET https://api.binance.com/api/v3/exchangeInfo

The above exception was the direct cause of the following exception:

Traceback (most recent call last):
  File "/freqtrade/freqtrade/exchange/exchange.py", line 691, in reload_markets
    retrier(self._load_async_markets, retries=retries)(reload=True)
    ~~~~~~~~~~~~~~~~~~~~~~~~~~~~~~~~~~~~~~~~~~~~~~~~~~^^^^^^^^^^^^^
  File "/freqtrade/freqtrade/exchange/common.py", line 184, in wrapper
    return wrapper(*args, **kwargs)
  File "/freqtrade/freqtrade/exchange/common.py", line 184, in wrapper
    return wrapper(*args, **kwargs)
  File "/freqtrade/freqtrade/exchange/common.py", line 184, in wrapper
    return wrapper(*args, **kwargs)
  File "/freqtrade/freqtrade/exchange/common.py", line 187, in wrapper
    raise ex
  File "/freqtrade/freqtrade/exchange/common.py", line 172, in wrapper
    return f(*args, **kwargs)
  File "/freqtrade/freqtrade/exchange/exchange.py", line 664, in _load_async_markets
    markets = self.loop.run_until_complete(self._api_reload_markets(reload=reload))
  File "/usr/local/lib/python3.13/asyncio/base_events.py", line 725, in run_until_complete
    return future.result()
           ~~~~~~~~~~~~~^^
  File "/freqtrade/freqtrade/exchange/exchange.py", line 655, in _api_reload_markets
    raise TemporaryError(
        f"Error in reload_markets due to {e.__class__.__name__}. Message: {e}"
    ) from e
freqtrade.exceptions.TemporaryError: Error in reload_markets due to ExchangeNotAvailable. Message: binance GET https://api.binance.com/api/v3/exchangeInfo
2025-08-06 07:32:09,180 - freqtrade - ERROR - Could not load markets, therefore cannot start. Please investigate the above error for more details.
2025-08-06 07:33:11,298 - freqtrade.loggers - INFO - Enabling colorized output.
2025-08-06 07:33:11,298 - freqtrade.loggers - INFO - Logfile configured
2025-08-06 07:33:11,299 - freqtrade.loggers - INFO - Verbosity set to 0
2025-08-06 07:33:11,299 - freqtrade.configuration.configuration - INFO - Runmode set to dry_run.
2025-08-06 07:33:11,299 - freqtrade.configuration.configuration - INFO - Parameter --db-url detected ...
2025-08-06 07:33:11,299 - freqtrade.configuration.configuration - INFO - Dry run is enabled
2025-08-06 07:33:11,300 - freqtrade.configuration.configuration - INFO - Using DB: "sqlite:////freqtrade/user_data/tradesv3.sqlite"
2025-08-06 07:33:11,300 - freqtrade.configuration.configuration - INFO - Using max_open_trades: 3 ...
2025-08-06 07:33:11,312 - freqtrade.configuration.configuration - INFO - Using user-data directory: /freqtrade/user_data ...
2025-08-06 07:33:11,313 - freqtrade.configuration.configuration - INFO - Using data directory: /freqtrade/user_data/data/binance ...
2025-08-06 07:33:11,314 - freqtrade.exchange.check_exchange - INFO - Checking exchange...
2025-08-06 07:33:11,321 - freqtrade.exchange.check_exchange - INFO - Exchange "binance" is officially supported by the Freqtrade development team.
2025-08-06 07:33:11,321 - freqtrade.configuration.configuration - INFO - Using pairlist from configuration.
2025-08-06 07:33:11,322 - freqtrade.exchange.exchange - INFO - Instance is running with dry_run enabled
2025-08-06 07:33:11,322 - freqtrade.exchange.exchange - INFO - Using CCXT 4.4.96
2025-08-06 07:33:11,322 - freqtrade.exchange.exchange - INFO - Applying additional ccxt config: {'options': {'defaultType': 'swap'}}
2025-08-06 07:33:11,328 - freqtrade.exchange.exchange - INFO - Applying additional ccxt config: {'options': {'defaultType': 'swap'}}
2025-08-06 07:33:11,336 - freqtrade.exchange.exchange - INFO - Using Exchange "Binance"
2025-08-06 07:33:13,305 - freqtrade.resolvers.exchange_resolver - INFO - Using resolved exchange 'Binance'...
2025-08-06 07:33:13,312 - freqtrade.resolvers.iresolver - INFO - Using resolved strategy SampleStrategy from '/freqtrade/user_data/strategies/sample_strategy.py'...
2025-08-06 07:33:13,312 - freqtrade.strategy.hyper - INFO - Found no parameter file.
2025-08-06 07:33:13,312 - freqtrade.resolvers.strategy_resolver - INFO - Override strategy 'stake_currency' with value in config file: USDT.
2025-08-06 07:33:13,313 - freqtrade.resolvers.strategy_resolver - INFO - Override strategy 'stake_amount' with value in config file: unlimited.
2025-08-06 07:33:13,313 - freqtrade.resolvers.strategy_resolver - INFO - Override strategy 'unfilledtimeout' with value in config file: {'entry': 10, 'exit': 10, 'exit_timeout_count': 0, 'unit': 'minutes'}.
2025-08-06 07:33:13,313 - freqtrade.resolvers.strategy_resolver - INFO - Override strategy 'max_open_trades' with value in config file: 3.
2025-08-06 07:33:13,313 - freqtrade.resolvers.strategy_resolver - INFO - Strategy using minimal_roi: {'60': 0.01, '30': 0.02, '0': 0.04}
2025-08-06 07:33:13,314 - freqtrade.resolvers.strategy_resolver - INFO - Strategy using timeframe: 5m
2025-08-06 07:33:13,314 - freqtrade.resolvers.strategy_resolver - INFO - Strategy using stoploss: -0.1
2025-08-06 07:33:13,314 - freqtrade.resolvers.strategy_resolver - INFO - Strategy using trailing_stop: False
2025-08-06 07:33:13,314 - freqtrade.resolvers.strategy_resolver - INFO - Strategy using trailing_stop_positive_offset: 0.0
2025-08-06 07:33:13,314 - freqtrade.resolvers.strategy_resolver - INFO - Strategy using trailing_only_offset_is_reached: False
2025-08-06 07:33:13,315 - freqtrade.resolvers.strategy_resolver - INFO - Strategy using use_custom_stoploss: False
2025-08-06 07:33:13,315 - freqtrade.resolvers.strategy_resolver - INFO - Strategy using process_only_new_candles: True
2025-08-06 07:33:13,315 - freqtrade.resolvers.strategy_resolver - INFO - Strategy using order_types: {'entry': 'limit', 'exit': 'limit', 'stoploss': 'market', 'stoploss_on_exchange': False}
2025-08-06 07:33:13,315 - freqtrade.resolvers.strategy_resolver - INFO - Strategy using order_time_in_force: {'entry': 'GTC', 'exit': 'GTC'}
2025-08-06 07:33:13,315 - freqtrade.resolvers.strategy_resolver - INFO - Strategy using stake_currency: USDT
2025-08-06 07:33:13,316 - freqtrade.resolvers.strategy_resolver - INFO - Strategy using stake_amount: unlimited
2025-08-06 07:33:13,316 - freqtrade.resolvers.strategy_resolver - INFO - Strategy using startup_candle_count: 200
2025-08-06 07:33:13,316 - freqtrade.resolvers.strategy_resolver - INFO - Strategy using unfilledtimeout: {'entry': 10, 'exit': 10, 'exit_timeout_count': 0, 'unit': 'minutes'}
2025-08-06 07:33:13,316 - freqtrade.resolvers.strategy_resolver - INFO - Strategy using use_exit_signal: True
2025-08-06 07:33:13,316 - freqtrade.resolvers.strategy_resolver - INFO - Strategy using exit_profit_only: False
2025-08-06 07:33:13,317 - freqtrade.resolvers.strategy_resolver - INFO - Strategy using ignore_roi_if_entry_signal: False
2025-08-06 07:33:13,317 - freqtrade.resolvers.strategy_resolver - INFO - Strategy using exit_profit_offset: 0.0
2025-08-06 07:33:13,317 - freqtrade.resolvers.strategy_resolver - INFO - Strategy using disable_dataframe_checks: False
2025-08-06 07:33:13,317 - freqtrade.resolvers.strategy_resolver - INFO - Strategy using ignore_buying_expired_candle_after: 0
2025-08-06 07:33:13,318 - freqtrade.resolvers.strategy_resolver - INFO - Strategy using position_adjustment_enable: False
2025-08-06 07:33:13,318 - freqtrade.resolvers.strategy_resolver - INFO - Strategy using max_entry_position_adjustment: -1
2025-08-06 07:33:13,318 - freqtrade.resolvers.strategy_resolver - INFO - Strategy using max_open_trades: 3
2025-08-06 07:33:13,318 - freqtrade.configuration.config_validation - INFO - Validating configuration ...
2025-08-06 07:33:13,337 - freqtrade.wallets - INFO - Wallets synced.
2025-08-06 07:33:14,763 - freqtrade - ERROR - No Pairlist Handlers defined
2025-08-06 07:34:17,631 - freqtrade.loggers - INFO - Enabling colorized output.
2025-08-06 07:34:17,632 - freqtrade.loggers - INFO - Logfile configured
2025-08-06 07:34:17,632 - freqtrade.loggers - INFO - Verbosity set to 0
2025-08-06 07:34:17,632 - freqtrade.configuration.configuration - INFO - Runmode set to dry_run.
2025-08-06 07:34:17,633 - freqtrade.configuration.configuration - INFO - Parameter --db-url detected ...
2025-08-06 07:34:17,633 - freqtrade.configuration.configuration - INFO - Dry run is enabled
2025-08-06 07:34:17,633 - freqtrade.configuration.configuration - INFO - Using DB: "sqlite:////freqtrade/user_data/tradesv3.sqlite"
2025-08-06 07:34:17,633 - freqtrade.configuration.configuration - INFO - Using max_open_trades: 3 ...
2025-08-06 07:34:17,649 - freqtrade.configuration.configuration - INFO - Using user-data directory: /freqtrade/user_data ...
2025-08-06 07:34:17,650 - freqtrade.configuration.configuration - INFO - Using data directory: /freqtrade/user_data/data/binance ...
2025-08-06 07:34:17,651 - freqtrade.exchange.check_exchange - INFO - Checking exchange...
2025-08-06 07:34:17,659 - freqtrade.exchange.check_exchange - INFO - Exchange "binance" is officially supported by the Freqtrade development team.
2025-08-06 07:34:17,661 - freqtrade.configuration.configuration - INFO - Using pairlist from configuration.
2025-08-06 07:34:17,661 - freqtrade.exchange.exchange - INFO - Instance is running with dry_run enabled
2025-08-06 07:34:17,662 - freqtrade.exchange.exchange - INFO - Using CCXT 4.4.96
2025-08-06 07:34:17,662 - freqtrade.exchange.exchange - INFO - Applying additional ccxt config: {'options': {'defaultType': 'swap'}}
2025-08-06 07:34:17,669 - freqtrade.exchange.exchange - INFO - Applying additional ccxt config: {'options': {'defaultType': 'swap'}}
2025-08-06 07:34:17,677 - freqtrade.exchange.exchange - INFO - Using Exchange "Binance"
2025-08-06 07:34:19,716 - freqtrade.resolvers.exchange_resolver - INFO - Using resolved exchange 'Binance'...
2025-08-06 07:34:19,724 - freqtrade.resolvers.iresolver - INFO - Using resolved strategy SampleStrategy from '/freqtrade/user_data/strategies/sample_strategy.py'...
2025-08-06 07:34:19,724 - freqtrade.strategy.hyper - INFO - Found no parameter file.
2025-08-06 07:34:19,725 - freqtrade.resolvers.strategy_resolver - INFO - Override strategy 'stake_currency' with value in config file: USDT.
2025-08-06 07:34:19,725 - freqtrade.resolvers.strategy_resolver - INFO - Override strategy 'stake_amount' with value in config file: unlimited.
2025-08-06 07:34:19,725 - freqtrade.resolvers.strategy_resolver - INFO - Override strategy 'unfilledtimeout' with value in config file: {'entry': 10, 'exit': 10, 'exit_timeout_count': 0, 'unit': 'minutes'}.
2025-08-06 07:34:19,726 - freqtrade.resolvers.strategy_resolver - INFO - Override strategy 'max_open_trades' with value in config file: 3.
2025-08-06 07:34:19,726 - freqtrade.resolvers.strategy_resolver - INFO - Strategy using minimal_roi: {'60': 0.01, '30': 0.02, '0': 0.04}
2025-08-06 07:34:19,726 - freqtrade.resolvers.strategy_resolver - INFO - Strategy using timeframe: 5m
2025-08-06 07:34:19,726 - freqtrade.resolvers.strategy_resolver - INFO - Strategy using stoploss: -0.1
2025-08-06 07:34:19,726 - freqtrade.resolvers.strategy_resolver - INFO - Strategy using trailing_stop: False
2025-08-06 07:34:19,727 - freqtrade.resolvers.strategy_resolver - INFO - Strategy using trailing_stop_positive_offset: 0.0
2025-08-06 07:34:19,727 - freqtrade.resolvers.strategy_resolver - INFO - Strategy using trailing_only_offset_is_reached: False
2025-08-06 07:34:19,727 - freqtrade.resolvers.strategy_resolver - INFO - Strategy using use_custom_stoploss: False
2025-08-06 07:34:19,727 - freqtrade.resolvers.strategy_resolver - INFO - Strategy using process_only_new_candles: True
2025-08-06 07:34:19,727 - freqtrade.resolvers.strategy_resolver - INFO - Strategy using order_types: {'entry': 'limit', 'exit': 'limit', 'stoploss': 'market', 'stoploss_on_exchange': False}
2025-08-06 07:34:19,728 - freqtrade.resolvers.strategy_resolver - INFO - Strategy using order_time_in_force: {'entry': 'GTC', 'exit': 'GTC'}
2025-08-06 07:34:19,728 - freqtrade.resolvers.strategy_resolver - INFO - Strategy using stake_currency: USDT
2025-08-06 07:34:19,728 - freqtrade.resolvers.strategy_resolver - INFO - Strategy using stake_amount: unlimited
2025-08-06 07:34:19,728 - freqtrade.resolvers.strategy_resolver - INFO - Strategy using startup_candle_count: 200
2025-08-06 07:34:19,728 - freqtrade.resolvers.strategy_resolver - INFO - Strategy using unfilledtimeout: {'entry': 10, 'exit': 10, 'exit_timeout_count': 0, 'unit': 'minutes'}
2025-08-06 07:34:19,729 - freqtrade.resolvers.strategy_resolver - INFO - Strategy using use_exit_signal: True
2025-08-06 07:34:19,729 - freqtrade.resolvers.strategy_resolver - INFO - Strategy using exit_profit_only: False
2025-08-06 07:34:19,729 - freqtrade.resolvers.strategy_resolver - INFO - Strategy using ignore_roi_if_entry_signal: False
2025-08-06 07:34:19,729 - freqtrade.resolvers.strategy_resolver - INFO - Strategy using exit_profit_offset: 0.0
2025-08-06 07:34:19,729 - freqtrade.resolvers.strategy_resolver - INFO - Strategy using disable_dataframe_checks: False
2025-08-06 07:34:19,730 - freqtrade.resolvers.strategy_resolver - INFO - Strategy using ignore_buying_expired_candle_after: 0
2025-08-06 07:34:19,730 - freqtrade.resolvers.strategy_resolver - INFO - Strategy using position_adjustment_enable: False
2025-08-06 07:34:19,730 - freqtrade.resolvers.strategy_resolver - INFO - Strategy using max_entry_position_adjustment: -1
2025-08-06 07:34:19,730 - freqtrade.resolvers.strategy_resolver - INFO - Strategy using max_open_trades: 3
2025-08-06 07:34:19,730 - freqtrade.configuration.config_validation - INFO - Validating configuration ...
2025-08-06 07:34:19,750 - freqtrade.wallets - INFO - Wallets synced.
2025-08-06 07:34:20,721 - freqtrade - ERROR - No Pairlist Handlers defined
2025-08-06 07:35:23,220 - freqtrade.loggers - INFO - Enabling colorized output.
2025-08-06 07:35:23,221 - freqtrade.loggers - INFO - Logfile configured
2025-08-06 07:35:23,222 - freqtrade.loggers - INFO - Verbosity set to 0
2025-08-06 07:35:23,222 - freqtrade.configuration.configuration - INFO - Runmode set to dry_run.
2025-08-06 07:35:23,223 - freqtrade.configuration.configuration - INFO - Parameter --db-url detected ...
2025-08-06 07:35:23,223 - freqtrade.configuration.configuration - INFO - Dry run is enabled
2025-08-06 07:35:23,223 - freqtrade.configuration.configuration - INFO - Using DB: "sqlite:////freqtrade/user_data/tradesv3.sqlite"
2025-08-06 07:35:23,223 - freqtrade.configuration.configuration - INFO - Using max_open_trades: 3 ...
2025-08-06 07:35:23,239 - freqtrade.configuration.configuration - INFO - Using user-data directory: /freqtrade/user_data ...
2025-08-06 07:35:23,242 - freqtrade.configuration.configuration - INFO - Using data directory: /freqtrade/user_data/data/binance ...
2025-08-06 07:35:23,243 - freqtrade.exchange.check_exchange - INFO - Checking exchange...
2025-08-06 07:35:23,251 - freqtrade.exchange.check_exchange - INFO - Exchange "binance" is officially supported by the Freqtrade development team.
2025-08-06 07:35:23,252 - freqtrade.configuration.configuration - INFO - Using pairlist from configuration.
2025-08-06 07:35:23,254 - freqtrade.exchange.exchange - INFO - Instance is running with dry_run enabled
2025-08-06 07:35:23,254 - freqtrade.exchange.exchange - INFO - Using CCXT 4.4.96
2025-08-06 07:35:23,255 - freqtrade.exchange.exchange - INFO - Applying additional ccxt config: {'options': {'defaultType': 'swap'}}
2025-08-06 07:35:23,262 - freqtrade.exchange.exchange - INFO - Applying additional ccxt config: {'options': {'defaultType': 'swap'}}
2025-08-06 07:35:23,269 - freqtrade.exchange.exchange - INFO - Using Exchange "Binance"
2025-08-06 07:35:25,021 - freqtrade.resolvers.exchange_resolver - INFO - Using resolved exchange 'Binance'...
2025-08-06 07:35:25,028 - freqtrade.resolvers.iresolver - INFO - Using resolved strategy SampleStrategy from '/freqtrade/user_data/strategies/sample_strategy.py'...
2025-08-06 07:35:25,028 - freqtrade.strategy.hyper - INFO - Found no parameter file.
2025-08-06 07:35:25,029 - freqtrade.resolvers.strategy_resolver - INFO - Override strategy 'stake_currency' with value in config file: USDT.
2025-08-06 07:35:25,029 - freqtrade.resolvers.strategy_resolver - INFO - Override strategy 'stake_amount' with value in config file: unlimited.
2025-08-06 07:35:25,029 - freqtrade.resolvers.strategy_resolver - INFO - Override strategy 'unfilledtimeout' with value in config file: {'entry': 10, 'exit': 10, 'exit_timeout_count': 0, 'unit': 'minutes'}.
2025-08-06 07:35:25,029 - freqtrade.resolvers.strategy_resolver - INFO - Override strategy 'max_open_trades' with value in config file: 3.
2025-08-06 07:35:25,030 - freqtrade.resolvers.strategy_resolver - INFO - Strategy using minimal_roi: {'60': 0.01, '30': 0.02, '0': 0.04}
2025-08-06 07:35:25,030 - freqtrade.resolvers.strategy_resolver - INFO - Strategy using timeframe: 5m
2025-08-06 07:35:25,030 - freqtrade.resolvers.strategy_resolver - INFO - Strategy using stoploss: -0.1
2025-08-06 07:35:25,030 - freqtrade.resolvers.strategy_resolver - INFO - Strategy using trailing_stop: False
2025-08-06 07:35:25,031 - freqtrade.resolvers.strategy_resolver - INFO - Strategy using trailing_stop_positive_offset: 0.0
2025-08-06 07:35:25,031 - freqtrade.resolvers.strategy_resolver - INFO - Strategy using trailing_only_offset_is_reached: False
2025-08-06 07:35:25,031 - freqtrade.resolvers.strategy_resolver - INFO - Strategy using use_custom_stoploss: False
2025-08-06 07:35:25,031 - freqtrade.resolvers.strategy_resolver - INFO - Strategy using process_only_new_candles: True
2025-08-06 07:35:25,031 - freqtrade.resolvers.strategy_resolver - INFO - Strategy using order_types: {'entry': 'limit', 'exit': 'limit', 'stoploss': 'market', 'stoploss_on_exchange': False}
2025-08-06 07:35:25,032 - freqtrade.resolvers.strategy_resolver - INFO - Strategy using order_time_in_force: {'entry': 'GTC', 'exit': 'GTC'}
2025-08-06 07:35:25,032 - freqtrade.resolvers.strategy_resolver - INFO - Strategy using stake_currency: USDT
2025-08-06 07:35:25,032 - freqtrade.resolvers.strategy_resolver - INFO - Strategy using stake_amount: unlimited
2025-08-06 07:35:25,032 - freqtrade.resolvers.strategy_resolver - INFO - Strategy using startup_candle_count: 200
2025-08-06 07:35:25,032 - freqtrade.resolvers.strategy_resolver - INFO - Strategy using unfilledtimeout: {'entry': 10, 'exit': 10, 'exit_timeout_count': 0, 'unit': 'minutes'}
2025-08-06 07:35:25,033 - freqtrade.resolvers.strategy_resolver - INFO - Strategy using use_exit_signal: True
2025-08-06 07:35:25,033 - freqtrade.resolvers.strategy_resolver - INFO - Strategy using exit_profit_only: False
2025-08-06 07:35:25,033 - freqtrade.resolvers.strategy_resolver - INFO - Strategy using ignore_roi_if_entry_signal: False
2025-08-06 07:35:25,033 - freqtrade.resolvers.strategy_resolver - INFO - Strategy using exit_profit_offset: 0.0
2025-08-06 07:35:25,033 - freqtrade.resolvers.strategy_resolver - INFO - Strategy using disable_dataframe_checks: False
2025-08-06 07:35:25,034 - freqtrade.resolvers.strategy_resolver - INFO - Strategy using ignore_buying_expired_candle_after: 0
2025-08-06 07:35:25,034 - freqtrade.resolvers.strategy_resolver - INFO - Strategy using position_adjustment_enable: False
2025-08-06 07:35:25,034 - freqtrade.resolvers.strategy_resolver - INFO - Strategy using max_entry_position_adjustment: -1
2025-08-06 07:35:25,034 - freqtrade.resolvers.strategy_resolver - INFO - Strategy using max_open_trades: 3
2025-08-06 07:35:25,034 - freqtrade.configuration.config_validation - INFO - Validating configuration ...
2025-08-06 07:35:25,055 - freqtrade.wallets - INFO - Wallets synced.
2025-08-06 07:35:25,837 - freqtrade.rpc.rpc_manager - INFO - Enabling rpc.api_server
2025-08-06 07:35:25,950 - freqtrade.rpc.api_server.webserver - INFO - Starting HTTP Server at 127.0.0.1:8080
2025-08-06 07:35:25,951 - freqtrade.rpc.api_server.webserver - WARNING - SECURITY WARNING - No password for local REST Server defined. Please make sure that this is intentional!
2025-08-06 07:35:25,951 - freqtrade.rpc.api_server.webserver - INFO - Starting Local Rest Server.
2025-08-06 07:35:25,966 - uvicorn.error - INFO - Started server process [1]
2025-08-06 07:35:25,967 - uvicorn.error - INFO - Waiting for application startup.
2025-08-06 07:35:25,967 - uvicorn.error - INFO - Application startup complete.
2025-08-06 07:35:25,967 - uvicorn.error - INFO - Uvicorn running on http://127.0.0.1:8080 (Press CTRL+C to quit)
2025-08-06 07:35:25,983 - freqtrade.resolvers.iresolver - INFO - Using resolved pairlist StaticPairList from '/freqtrade/freqtrade/plugins/pairlist/StaticPairList.py'...
2025-08-06 07:35:25,983 - freqtrade.freqtradebot - INFO - Starting initial pairlist refresh
2025-08-06 07:35:25,989 - freqtrade.plugins.pairlistmanager - INFO - Whitelist with 2 pairs: ['BTC/USDT:USDT', 'ETH/USDT:USDT']
2025-08-06 07:35:25,989 - freqtrade.freqtradebot - INFO - Initial Pairlist refresh took 0.01s
2025-08-06 07:35:25,990 - freqtrade.strategy.hyper - INFO - No params for buy found, using default values.
2025-08-06 07:35:25,990 - freqtrade.strategy.hyper - INFO - Strategy Parameter(default): buy_rsi = 30
2025-08-06 07:35:25,990 - freqtrade.strategy.hyper - INFO - Strategy Parameter(default): exit_short_rsi = 30
2025-08-06 07:35:25,990 - freqtrade.strategy.hyper - INFO - No params for sell found, using default values.
2025-08-06 07:35:25,991 - freqtrade.strategy.hyper - INFO - Strategy Parameter(default): sell_rsi = 70
2025-08-06 07:35:25,991 - freqtrade.strategy.hyper - INFO - Strategy Parameter(default): short_rsi = 70
2025-08-06 07:35:25,991 - freqtrade.strategy.hyper - INFO - No params for protection found, using default values.
2025-08-06 07:35:25,991 - freqtrade.plugins.protectionmanager - INFO - No protection Handlers defined.
2025-08-06 07:35:25,992 - freqtrade.rpc.rpc_manager - INFO - Sending rpc message: {'type': status, 'status': 'running'}
2025-08-06 07:35:25,992 - freqtrade.worker - INFO - Changing state to: RUNNING
2025-08-06 07:35:25,993 - freqtrade.util.migrations.binance_mig - INFO - Migrating binance futures pairs in database.
2025-08-06 07:35:25,995 - freqtrade.util.migrations.binance_mig - INFO - Done migrating binance futures pairs in database.
2025-08-06 07:35:26,002 - freqtrade.rpc.rpc_manager - INFO - Sending rpc message: {'type': warning, 'status': 'Dry run is enabled. All trades are simulated.'}
2025-08-06 07:35:26,002 - freqtrade.rpc.rpc_manager - INFO - Sending rpc message: {'type': startup, 'status': "*Exchange:* `binance`\n*Stake per trade:* `unlimited USDT`\n*Minimum ROI:* `{'60': 0.01, '30': 0.02, '0': 0.04}`\n*Stoploss:* `-0.1`\n*Position adjustment:* `Off`\n*Timeframe:* `5m`\n*Strategy:* `SampleStrategy`"}
2025-08-06 07:35:26,003 - freqtrade.rpc.rpc_manager - INFO - Sending rpc message: {'type': startup, 'status': "Searching for USDT pairs to buy and sell based on [{'StaticPairList': 'StaticPairList'}]"}
2025-08-06 07:35:31,008 - freqtrade.worker - INFO - Bot heartbeat. PID=1, version='2025.7', state='RUNNING'
2025-08-06 07:36:31,056 - freqtrade.worker - INFO - Bot heartbeat. PID=1, version='2025.7', state='RUNNING'
2025-08-06 07:37:31,105 - freqtrade.worker - INFO - Bot heartbeat. PID=1, version='2025.7', state='RUNNING'
2025-08-06 07:38:31,153 - freqtrade.worker - INFO - Bot heartbeat. PID=1, version='2025.7', state='RUNNING'
2025-08-06 07:39:31,210 - freqtrade.worker - INFO - Bot heartbeat. PID=1, version='2025.7', state='RUNNING'
2025-08-06 07:40:36,035 - freqtrade.worker - INFO - Bot heartbeat. PID=1, version='2025.7', state='RUNNING'
2025-08-06 07:41:36,088 - freqtrade.worker - INFO - Bot heartbeat. PID=1, version='2025.7', state='RUNNING'
2025-08-06 07:42:36,139 - freqtrade.worker - INFO - Bot heartbeat. PID=1, version='2025.7', state='RUNNING'
2025-08-06 07:43:36,181 - freqtrade.worker - INFO - Bot heartbeat. PID=1, version='2025.7', state='RUNNING'
2025-08-06 07:43:49,773 - freqtrade.commands.trade_commands - INFO - worker found ... calling exit
2025-08-06 07:43:49,775 - freqtrade.rpc.rpc_manager - INFO - Sending rpc message: {'type': status, 'status': 'process died'}
2025-08-06 07:43:49,778 - freqtrade.freqtradebot - INFO - Cleaning up modules ...
2025-08-06 07:43:49,781 - freqtrade.rpc.rpc_manager - INFO - Cleaning up rpc modules ...
2025-08-06 07:43:49,781 - freqtrade.rpc.rpc_manager - INFO - Cleaning up rpc.apiserver ...
2025-08-06 07:43:49,781 - freqtrade.rpc.api_server.webserver - INFO - Stopping API Server
2025-08-06 07:43:49,884 - uvicorn.error - INFO - Shutting down
2025-08-06 07:43:49,990 - uvicorn.error - INFO - Waiting for application shutdown.
2025-08-06 07:43:49,992 - uvicorn.error - INFO - Application shutdown complete.
2025-08-06 07:43:49,993 - uvicorn.error - INFO - Finished server process [1]
2025-08-06 07:43:50,256 - freqtrade - INFO - SIGINT received, aborting ...
2025-08-06 07:43:53,356 - freqtrade.loggers - INFO - Enabling colorized output.
2025-08-06 07:43:53,356 - freqtrade.loggers - INFO - Logfile configured
2025-08-06 07:43:53,356 - freqtrade.loggers - INFO - Verbosity set to 0
2025-08-06 07:43:53,356 - freqtrade.configuration.configuration - INFO - Runmode set to dry_run.
2025-08-06 07:43:53,357 - freqtrade.configuration.configuration - INFO - Parameter --db-url detected ...
2025-08-06 07:43:53,357 - freqtrade.configuration.configuration - INFO - Dry run is enabled
2025-08-06 07:43:53,357 - freqtrade.configuration.configuration - INFO - Using DB: "sqlite:////freqtrade/user_data/tradesv3.sqlite"
2025-08-06 07:43:53,357 - freqtrade.configuration.configuration - INFO - Using max_open_trades: 3 ...
2025-08-06 07:43:53,372 - freqtrade.configuration.configuration - INFO - Using user-data directory: /freqtrade/user_data ...
2025-08-06 07:43:53,373 - freqtrade.configuration.configuration - INFO - Using data directory: /freqtrade/user_data/data/binance ...
2025-08-06 07:43:53,374 - freqtrade.exchange.check_exchange - INFO - Checking exchange...
2025-08-06 07:43:53,382 - freqtrade.exchange.check_exchange - INFO - Exchange "binance" is officially supported by the Freqtrade development team.
2025-08-06 07:43:53,382 - freqtrade.configuration.configuration - INFO - Using pairlist from configuration.
2025-08-06 07:43:53,383 - freqtrade.exchange.exchange - INFO - Instance is running with dry_run enabled
2025-08-06 07:43:53,383 - freqtrade.exchange.exchange - INFO - Using CCXT 4.4.96
2025-08-06 07:43:53,383 - freqtrade.exchange.exchange - INFO - Applying additional ccxt config: {'options': {'defaultType': 'swap'}}
2025-08-06 07:43:53,389 - freqtrade.exchange.exchange - INFO - Applying additional ccxt config: {'options': {'defaultType': 'swap'}}
2025-08-06 07:43:53,397 - freqtrade.exchange.exchange - INFO - Using Exchange "Binance"
2025-08-06 07:43:54,900 - freqtrade.resolvers.exchange_resolver - INFO - Using resolved exchange 'Binance'...
2025-08-06 07:43:54,908 - freqtrade.resolvers.iresolver - INFO - Using resolved strategy SampleStrategy from '/freqtrade/user_data/strategies/sample_strategy.py'...
2025-08-06 07:43:54,909 - freqtrade.strategy.hyper - INFO - Found no parameter file.
2025-08-06 07:43:54,909 - freqtrade.resolvers.strategy_resolver - INFO - Override strategy 'stake_currency' with value in config file: USDT.
2025-08-06 07:43:54,909 - freqtrade.resolvers.strategy_resolver - INFO - Override strategy 'stake_amount' with value in config file: unlimited.
2025-08-06 07:43:54,910 - freqtrade.resolvers.strategy_resolver - INFO - Override strategy 'unfilledtimeout' with value in config file: {'entry': 10, 'exit': 10, 'exit_timeout_count': 0, 'unit': 'minutes'}.
2025-08-06 07:43:54,910 - freqtrade.resolvers.strategy_resolver - INFO - Override strategy 'max_open_trades' with value in config file: 3.
2025-08-06 07:43:54,910 - freqtrade.resolvers.strategy_resolver - INFO - Strategy using minimal_roi: {'60': 0.01, '30': 0.02, '0': 0.04}
2025-08-06 07:43:54,910 - freqtrade.resolvers.strategy_resolver - INFO - Strategy using timeframe: 5m
2025-08-06 07:43:54,911 - freqtrade.resolvers.strategy_resolver - INFO - Strategy using stoploss: -0.1
2025-08-06 07:43:54,911 - freqtrade.resolvers.strategy_resolver - INFO - Strategy using trailing_stop: False
2025-08-06 07:43:54,911 - freqtrade.resolvers.strategy_resolver - INFO - Strategy using trailing_stop_positive_offset: 0.0
2025-08-06 07:43:54,911 - freqtrade.resolvers.strategy_resolver - INFO - Strategy using trailing_only_offset_is_reached: False
2025-08-06 07:43:54,911 - freqtrade.resolvers.strategy_resolver - INFO - Strategy using use_custom_stoploss: False
2025-08-06 07:43:54,912 - freqtrade.resolvers.strategy_resolver - INFO - Strategy using process_only_new_candles: True
2025-08-06 07:43:54,912 - freqtrade.resolvers.strategy_resolver - INFO - Strategy using order_types: {'entry': 'limit', 'exit': 'limit', 'stoploss': 'market', 'stoploss_on_exchange': False}
2025-08-06 07:43:54,912 - freqtrade.resolvers.strategy_resolver - INFO - Strategy using order_time_in_force: {'entry': 'GTC', 'exit': 'GTC'}
2025-08-06 07:43:54,912 - freqtrade.resolvers.strategy_resolver - INFO - Strategy using stake_currency: USDT
2025-08-06 07:43:54,912 - freqtrade.resolvers.strategy_resolver - INFO - Strategy using stake_amount: unlimited
2025-08-06 07:43:54,913 - freqtrade.resolvers.strategy_resolver - INFO - Strategy using startup_candle_count: 200
2025-08-06 07:43:54,913 - freqtrade.resolvers.strategy_resolver - INFO - Strategy using unfilledtimeout: {'entry': 10, 'exit': 10, 'exit_timeout_count': 0, 'unit': 'minutes'}
2025-08-06 07:43:54,913 - freqtrade.resolvers.strategy_resolver - INFO - Strategy using use_exit_signal: True
2025-08-06 07:43:54,913 - freqtrade.resolvers.strategy_resolver - INFO - Strategy using exit_profit_only: False
2025-08-06 07:43:54,914 - freqtrade.resolvers.strategy_resolver - INFO - Strategy using ignore_roi_if_entry_signal: False
2025-08-06 07:43:54,914 - freqtrade.resolvers.strategy_resolver - INFO - Strategy using exit_profit_offset: 0.0
2025-08-06 07:43:54,914 - freqtrade.resolvers.strategy_resolver - INFO - Strategy using disable_dataframe_checks: False
2025-08-06 07:43:54,914 - freqtrade.resolvers.strategy_resolver - INFO - Strategy using ignore_buying_expired_candle_after: 0
2025-08-06 07:43:54,914 - freqtrade.resolvers.strategy_resolver - INFO - Strategy using position_adjustment_enable: False
2025-08-06 07:43:54,915 - freqtrade.resolvers.strategy_resolver - INFO - Strategy using max_entry_position_adjustment: -1
2025-08-06 07:43:54,915 - freqtrade.resolvers.strategy_resolver - INFO - Strategy using max_open_trades: 3
2025-08-06 07:43:54,915 - freqtrade.configuration.config_validation - INFO - Validating configuration ...
2025-08-06 07:43:54,936 - freqtrade.wallets - INFO - Wallets synced.
2025-08-06 07:43:56,073 - freqtrade.rpc.rpc_manager - INFO - Enabling rpc.api_server
2025-08-06 07:43:56,201 - freqtrade.rpc.api_server.webserver - INFO - Starting HTTP Server at 127.0.0.1:8081
2025-08-06 07:43:56,210 - freqtrade.rpc.api_server.webserver - INFO - Starting Local Rest Server.
2025-08-06 07:43:56,236 - uvicorn.error - INFO - Started server process [1]
2025-08-06 07:43:56,237 - uvicorn.error - INFO - Waiting for application startup.
2025-08-06 07:43:56,237 - uvicorn.error - INFO - Application startup complete.
2025-08-06 07:43:56,238 - uvicorn.error - INFO - Uvicorn running on http://127.0.0.1:8081 (Press CTRL+C to quit)
2025-08-06 07:43:56,281 - freqtrade.resolvers.iresolver - INFO - Using resolved pairlist StaticPairList from '/freqtrade/freqtrade/plugins/pairlist/StaticPairList.py'...
2025-08-06 07:43:56,286 - freqtrade.freqtradebot - INFO - Starting initial pairlist refresh
2025-08-06 07:43:56,305 - freqtrade.plugins.pairlistmanager - INFO - Whitelist with 2 pairs: ['BTC/USDT:USDT', 'ETH/USDT:USDT']
2025-08-06 07:43:56,306 - freqtrade.freqtradebot - INFO - Initial Pairlist refresh took 0.02s
2025-08-06 07:43:56,307 - freqtrade.strategy.hyper - INFO - No params for buy found, using default values.
2025-08-06 07:43:56,307 - freqtrade.strategy.hyper - INFO - Strategy Parameter(default): buy_rsi = 30
2025-08-06 07:43:56,307 - freqtrade.strategy.hyper - INFO - Strategy Parameter(default): exit_short_rsi = 30
2025-08-06 07:43:56,308 - freqtrade.strategy.hyper - INFO - No params for sell found, using default values.
2025-08-06 07:43:56,310 - freqtrade.strategy.hyper - INFO - Strategy Parameter(default): sell_rsi = 70
2025-08-06 07:43:56,330 - freqtrade.strategy.hyper - INFO - Strategy Parameter(default): short_rsi = 70
2025-08-06 07:43:56,333 - freqtrade.strategy.hyper - INFO - No params for protection found, using default values.
2025-08-06 07:43:56,336 - freqtrade.plugins.protectionmanager - INFO - No protection Handlers defined.
2025-08-06 07:43:56,337 - freqtrade.rpc.rpc_manager - INFO - Sending rpc message: {'type': status, 'status': 'running'}
2025-08-06 07:43:56,339 - freqtrade.worker - INFO - Changing state to: RUNNING
2025-08-06 07:43:56,367 - freqtrade.rpc.rpc_manager - INFO - Sending rpc message: {'type': warning, 'status': 'Dry run is enabled. All trades are simulated.'}
2025-08-06 07:43:56,374 - freqtrade.rpc.rpc_manager - INFO - Sending rpc message: {'type': startup, 'status': "*Exchange:* `binance`\n*Stake per trade:* `unlimited USDT`\n*Minimum ROI:* `{'60': 0.01, '30': 0.02, '0': 0.04}`\n*Stoploss:* `-0.1`\n*Position adjustment:* `Off`\n*Timeframe:* `5m`\n*Strategy:* `SampleStrategy`"}
2025-08-06 07:43:56,378 - freqtrade.rpc.rpc_manager - INFO - Sending rpc message: {'type': startup, 'status': "Searching for USDT pairs to buy and sell based on [{'StaticPairList': 'StaticPairList'}]"}
2025-08-06 07:44:01,384 - freqtrade.worker - INFO - Bot heartbeat. PID=1, version='2025.7', state='RUNNING'
2025-08-06 07:45:06,005 - freqtrade.worker - INFO - Bot heartbeat. PID=1, version='2025.7', state='RUNNING'
2025-08-06 07:46:06,065 - freqtrade.worker - INFO - Bot heartbeat. PID=1, version='2025.7', state='RUNNING'
2025-08-06 07:46:22,349 - freqtrade.commands.trade_commands - INFO - worker found ... calling exit
2025-08-06 07:46:22,351 - freqtrade.rpc.rpc_manager - INFO - Sending rpc message: {'type': status, 'status': 'process died'}
2025-08-06 07:46:22,352 - freqtrade.freqtradebot - INFO - Cleaning up modules ...
2025-08-06 07:46:22,353 - freqtrade.rpc.rpc_manager - INFO - Cleaning up rpc modules ...
2025-08-06 07:46:22,353 - freqtrade.rpc.rpc_manager - INFO - Cleaning up rpc.apiserver ...
2025-08-06 07:46:22,353 - freqtrade.rpc.api_server.webserver - INFO - Stopping API Server
2025-08-06 07:46:22,374 - uvicorn.error - INFO - Shutting down
2025-08-06 07:46:22,476 - uvicorn.error - INFO - Waiting for application shutdown.
2025-08-06 07:46:22,478 - uvicorn.error - INFO - Application shutdown complete.
2025-08-06 07:46:22,480 - uvicorn.error - INFO - Finished server process [1]
2025-08-06 07:46:22,738 - freqtrade - INFO - SIGINT received, aborting ...
2025-08-06 07:46:26,259 - freqtrade.loggers - INFO - Enabling colorized output.
2025-08-06 07:46:26,260 - freqtrade.loggers - INFO - Logfile configured
2025-08-06 07:46:26,260 - freqtrade.loggers - INFO - Verbosity set to 0
2025-08-06 07:46:26,262 - freqtrade.configuration.configuration - INFO - Runmode set to dry_run.
2025-08-06 07:46:26,262 - freqtrade.configuration.configuration - INFO - Parameter --db-url detected ...
2025-08-06 07:46:26,262 - freqtrade.configuration.configuration - INFO - Dry run is enabled
2025-08-06 07:46:26,262 - freqtrade.configuration.configuration - INFO - Using DB: "sqlite:////freqtrade/user_data/tradesv3.sqlite"
2025-08-06 07:46:26,263 - freqtrade.configuration.configuration - INFO - Using max_open_trades: 3 ...
2025-08-06 07:46:26,278 - freqtrade.configuration.configuration - INFO - Using user-data directory: /freqtrade/user_data ...
2025-08-06 07:46:26,278 - freqtrade.configuration.configuration - INFO - Using data directory: /freqtrade/user_data/data/binance ...
2025-08-06 07:46:26,279 - freqtrade.exchange.check_exchange - INFO - Checking exchange...
2025-08-06 07:46:26,288 - freqtrade.exchange.check_exchange - INFO - Exchange "binance" is officially supported by the Freqtrade development team.
2025-08-06 07:46:26,288 - freqtrade.configuration.configuration - INFO - Using pairlist from configuration.
2025-08-06 07:46:26,289 - freqtrade.exchange.exchange - INFO - Instance is running with dry_run enabled
2025-08-06 07:46:26,289 - freqtrade.exchange.exchange - INFO - Using CCXT 4.4.96
2025-08-06 07:46:26,289 - freqtrade.exchange.exchange - INFO - Applying additional ccxt config: {'options': {'defaultType': 'swap'}}
2025-08-06 07:46:26,296 - freqtrade.exchange.exchange - INFO - Applying additional ccxt config: {'options': {'defaultType': 'swap'}}
2025-08-06 07:46:26,304 - freqtrade.exchange.exchange - INFO - Using Exchange "Binance"
2025-08-06 07:46:27,827 - freqtrade.resolvers.exchange_resolver - INFO - Using resolved exchange 'Binance'...
2025-08-06 07:46:27,836 - freqtrade.resolvers.iresolver - INFO - Using resolved strategy SampleStrategy from '/freqtrade/user_data/strategies/sample_strategy.py'...
2025-08-06 07:46:27,837 - freqtrade.strategy.hyper - INFO - Found no parameter file.
2025-08-06 07:46:27,837 - freqtrade.resolvers.strategy_resolver - INFO - Override strategy 'stake_currency' with value in config file: USDT.
2025-08-06 07:46:27,838 - freqtrade.resolvers.strategy_resolver - INFO - Override strategy 'stake_amount' with value in config file: unlimited.
2025-08-06 07:46:27,838 - freqtrade.resolvers.strategy_resolver - INFO - Override strategy 'unfilledtimeout' with value in config file: {'entry': 10, 'exit': 10, 'exit_timeout_count': 0, 'unit': 'minutes'}.
2025-08-06 07:46:27,838 - freqtrade.resolvers.strategy_resolver - INFO - Override strategy 'max_open_trades' with value in config file: 3.
2025-08-06 07:46:27,838 - freqtrade.resolvers.strategy_resolver - INFO - Strategy using minimal_roi: {'60': 0.01, '30': 0.02, '0': 0.04}
2025-08-06 07:46:27,839 - freqtrade.resolvers.strategy_resolver - INFO - Strategy using timeframe: 5m
2025-08-06 07:46:27,839 - freqtrade.resolvers.strategy_resolver - INFO - Strategy using stoploss: -0.1
2025-08-06 07:46:27,839 - freqtrade.resolvers.strategy_resolver - INFO - Strategy using trailing_stop: False
2025-08-06 07:46:27,839 - freqtrade.resolvers.strategy_resolver - INFO - Strategy using trailing_stop_positive_offset: 0.0
2025-08-06 07:46:27,840 - freqtrade.resolvers.strategy_resolver - INFO - Strategy using trailing_only_offset_is_reached: False
2025-08-06 07:46:27,840 - freqtrade.resolvers.strategy_resolver - INFO - Strategy using use_custom_stoploss: False
2025-08-06 07:46:27,840 - freqtrade.resolvers.strategy_resolver - INFO - Strategy using process_only_new_candles: True
2025-08-06 07:46:27,840 - freqtrade.resolvers.strategy_resolver - INFO - Strategy using order_types: {'entry': 'limit', 'exit': 'limit', 'stoploss': 'market', 'stoploss_on_exchange': False}
2025-08-06 07:46:27,840 - freqtrade.resolvers.strategy_resolver - INFO - Strategy using order_time_in_force: {'entry': 'GTC', 'exit': 'GTC'}
2025-08-06 07:46:27,841 - freqtrade.resolvers.strategy_resolver - INFO - Strategy using stake_currency: USDT
2025-08-06 07:46:27,841 - freqtrade.resolvers.strategy_resolver - INFO - Strategy using stake_amount: unlimited
2025-08-06 07:46:27,842 - freqtrade.resolvers.strategy_resolver - INFO - Strategy using startup_candle_count: 200
2025-08-06 07:46:27,842 - freqtrade.resolvers.strategy_resolver - INFO - Strategy using unfilledtimeout: {'entry': 10, 'exit': 10, 'exit_timeout_count': 0, 'unit': 'minutes'}
2025-08-06 07:46:27,844 - freqtrade.resolvers.strategy_resolver - INFO - Strategy using use_exit_signal: True
2025-08-06 07:46:27,844 - freqtrade.resolvers.strategy_resolver - INFO - Strategy using exit_profit_only: False
2025-08-06 07:46:27,845 - freqtrade.resolvers.strategy_resolver - INFO - Strategy using ignore_roi_if_entry_signal: False
2025-08-06 07:46:27,845 - freqtrade.resolvers.strategy_resolver - INFO - Strategy using exit_profit_offset: 0.0
2025-08-06 07:46:27,845 - freqtrade.resolvers.strategy_resolver - INFO - Strategy using disable_dataframe_checks: False
2025-08-06 07:46:27,845 - freqtrade.resolvers.strategy_resolver - INFO - Strategy using ignore_buying_expired_candle_after: 0
2025-08-06 07:46:27,846 - freqtrade.resolvers.strategy_resolver - INFO - Strategy using position_adjustment_enable: False
2025-08-06 07:46:27,846 - freqtrade.resolvers.strategy_resolver - INFO - Strategy using max_entry_position_adjustment: -1
2025-08-06 07:46:27,846 - freqtrade.resolvers.strategy_resolver - INFO - Strategy using max_open_trades: 3
2025-08-06 07:46:27,846 - freqtrade.configuration.config_validation - INFO - Validating configuration ...
2025-08-06 07:46:27,888 - freqtrade.wallets - INFO - Wallets synced.
2025-08-06 07:46:28,672 - freqtrade.rpc.rpc_manager - INFO - Enabling rpc.api_server
2025-08-06 07:46:28,797 - freqtrade.rpc.api_server.webserver - INFO - Starting HTTP Server at 127.0.0.1:8081
2025-08-06 07:46:28,797 - freqtrade.rpc.api_server.webserver - INFO - Starting Local Rest Server.
2025-08-06 07:46:28,807 - uvicorn.error - INFO - Started server process [1]
2025-08-06 07:46:28,807 - uvicorn.error - INFO - Waiting for application startup.
2025-08-06 07:46:28,808 - uvicorn.error - INFO - Application startup complete.
2025-08-06 07:46:28,808 - uvicorn.error - INFO - Uvicorn running on http://127.0.0.1:8081 (Press CTRL+C to quit)
2025-08-06 07:46:28,825 - freqtrade.resolvers.iresolver - INFO - Using resolved pairlist StaticPairList from '/freqtrade/freqtrade/plugins/pairlist/StaticPairList.py'...
2025-08-06 07:46:28,826 - freqtrade.freqtradebot - INFO - Starting initial pairlist refresh
2025-08-06 07:46:28,832 - freqtrade.plugins.pairlistmanager - INFO - Whitelist with 2 pairs: ['BTC/USDT:USDT', 'ETH/USDT:USDT']
2025-08-06 07:46:28,833 - freqtrade.freqtradebot - INFO - Initial Pairlist refresh took 0.01s
2025-08-06 07:46:28,833 - freqtrade.strategy.hyper - INFO - No params for buy found, using default values.
2025-08-06 07:46:28,834 - freqtrade.strategy.hyper - INFO - Strategy Parameter(default): buy_rsi = 30
2025-08-06 07:46:28,834 - freqtrade.strategy.hyper - INFO - Strategy Parameter(default): exit_short_rsi = 30
2025-08-06 07:46:28,834 - freqtrade.strategy.hyper - INFO - No params for sell found, using default values.
2025-08-06 07:46:28,834 - freqtrade.strategy.hyper - INFO - Strategy Parameter(default): sell_rsi = 70
2025-08-06 07:46:28,835 - freqtrade.strategy.hyper - INFO - Strategy Parameter(default): short_rsi = 70
2025-08-06 07:46:28,835 - freqtrade.strategy.hyper - INFO - No params for protection found, using default values.
2025-08-06 07:46:28,835 - freqtrade.plugins.protectionmanager - INFO - No protection Handlers defined.
2025-08-06 07:46:28,835 - freqtrade.rpc.rpc_manager - INFO - Sending rpc message: {'type': status, 'status': 'running'}
2025-08-06 07:46:28,836 - freqtrade.worker - INFO - Changing state to: RUNNING
2025-08-06 07:46:28,840 - freqtrade.rpc.rpc_manager - INFO - Sending rpc message: {'type': warning, 'status': 'Dry run is enabled. All trades are simulated.'}
2025-08-06 07:46:28,841 - freqtrade.rpc.rpc_manager - INFO - Sending rpc message: {'type': startup, 'status': "*Exchange:* `binance`\n*Stake per trade:* `unlimited USDT`\n*Minimum ROI:* `{'60': 0.01, '30': 0.02, '0': 0.04}`\n*Stoploss:* `-0.1`\n*Position adjustment:* `Off`\n*Timeframe:* `5m`\n*Strategy:* `SampleStrategy`"}
2025-08-06 07:46:28,841 - freqtrade.rpc.rpc_manager - INFO - Sending rpc message: {'type': startup, 'status': "Searching for USDT pairs to buy and sell based on [{'StaticPairList': 'StaticPairList'}]"}
2025-08-06 07:46:33,844 - freqtrade.worker - INFO - Bot heartbeat. PID=1, version='2025.7', state='RUNNING'
2025-08-06 07:47:33,886 - freqtrade.worker - INFO - Bot heartbeat. PID=1, version='2025.7', state='RUNNING'
2025-08-06 07:47:42,376 - freqtrade.commands.trade_commands - INFO - worker found ... calling exit
2025-08-06 07:47:42,379 - freqtrade.rpc.rpc_manager - INFO - Sending rpc message: {'type': status, 'status': 'process died'}
2025-08-06 07:47:42,381 - freqtrade.freqtradebot - INFO - Cleaning up modules ...
2025-08-06 07:47:42,382 - freqtrade.rpc.rpc_manager - INFO - Cleaning up rpc modules ...
2025-08-06 07:47:42,382 - freqtrade.rpc.rpc_manager - INFO - Cleaning up rpc.apiserver ...
2025-08-06 07:47:42,383 - freqtrade.rpc.api_server.webserver - INFO - Stopping API Server
2025-08-06 07:47:42,447 - uvicorn.error - INFO - Shutting down
2025-08-06 07:47:42,555 - uvicorn.error - INFO - Waiting for application shutdown.
2025-08-06 07:47:42,559 - uvicorn.error - INFO - Application shutdown complete.
2025-08-06 07:47:42,560 - uvicorn.error - INFO - Finished server process [1]
2025-08-06 07:47:42,825 - freqtrade - INFO - SIGINT received, aborting ...
2025-08-06 07:47:46,300 - freqtrade.loggers - INFO - Enabling colorized output.
2025-08-06 07:47:46,300 - freqtrade.loggers - INFO - Logfile configured
2025-08-06 07:47:46,301 - freqtrade.loggers - INFO - Verbosity set to 0
2025-08-06 07:47:46,301 - freqtrade.configuration.configuration - INFO - Runmode set to dry_run.
2025-08-06 07:47:46,301 - freqtrade.configuration.configuration - INFO - Parameter --db-url detected ...
2025-08-06 07:47:46,301 - freqtrade.configuration.configuration - INFO - Dry run is enabled
2025-08-06 07:47:46,302 - freqtrade.configuration.configuration - INFO - Using DB: "sqlite:////freqtrade/user_data/tradesv3.sqlite"
2025-08-06 07:47:46,302 - freqtrade.configuration.configuration - INFO - Using max_open_trades: 3 ...
2025-08-06 07:47:46,318 - freqtrade.configuration.configuration - INFO - Using user-data directory: /freqtrade/user_data ...
2025-08-06 07:47:46,319 - freqtrade.configuration.configuration - INFO - Using data directory: /freqtrade/user_data/data/binance ...
2025-08-06 07:47:46,320 - freqtrade.exchange.check_exchange - INFO - Checking exchange...
2025-08-06 07:47:46,328 - freqtrade.exchange.check_exchange - INFO - Exchange "binance" is officially supported by the Freqtrade development team.
2025-08-06 07:47:46,328 - freqtrade.configuration.configuration - INFO - Using pairlist from configuration.
2025-08-06 07:47:46,329 - freqtrade.exchange.exchange - INFO - Instance is running with dry_run enabled
2025-08-06 07:47:46,329 - freqtrade.exchange.exchange - INFO - Using CCXT 4.4.96
2025-08-06 07:47:46,329 - freqtrade.exchange.exchange - INFO - Applying additional ccxt config: {'options': {'defaultType': 'swap'}}
2025-08-06 07:47:46,335 - freqtrade.exchange.exchange - INFO - Applying additional ccxt config: {'options': {'defaultType': 'swap'}}
2025-08-06 07:47:46,343 - freqtrade.exchange.exchange - INFO - Using Exchange "Binance"
2025-08-06 07:47:47,818 - freqtrade.resolvers.exchange_resolver - INFO - Using resolved exchange 'Binance'...
2025-08-06 07:47:47,825 - freqtrade.resolvers.iresolver - INFO - Using resolved strategy SampleStrategy from '/freqtrade/user_data/strategies/sample_strategy.py'...
2025-08-06 07:47:47,826 - freqtrade.strategy.hyper - INFO - Found no parameter file.
2025-08-06 07:47:47,826 - freqtrade.resolvers.strategy_resolver - INFO - Override strategy 'stake_currency' with value in config file: USDT.
2025-08-06 07:47:47,826 - freqtrade.resolvers.strategy_resolver - INFO - Override strategy 'stake_amount' with value in config file: unlimited.
2025-08-06 07:47:47,827 - freqtrade.resolvers.strategy_resolver - INFO - Override strategy 'unfilledtimeout' with value in config file: {'entry': 10, 'exit': 10, 'exit_timeout_count': 0, 'unit': 'minutes'}.
2025-08-06 07:47:47,827 - freqtrade.resolvers.strategy_resolver - INFO - Override strategy 'max_open_trades' with value in config file: 3.
2025-08-06 07:47:47,827 - freqtrade.resolvers.strategy_resolver - INFO - Strategy using minimal_roi: {'60': 0.01, '30': 0.02, '0': 0.04}
2025-08-06 07:47:47,827 - freqtrade.resolvers.strategy_resolver - INFO - Strategy using timeframe: 5m
2025-08-06 07:47:47,828 - freqtrade.resolvers.strategy_resolver - INFO - Strategy using stoploss: -0.1
2025-08-06 07:47:47,828 - freqtrade.resolvers.strategy_resolver - INFO - Strategy using trailing_stop: False
2025-08-06 07:47:47,828 - freqtrade.resolvers.strategy_resolver - INFO - Strategy using trailing_stop_positive_offset: 0.0
2025-08-06 07:47:47,828 - freqtrade.resolvers.strategy_resolver - INFO - Strategy using trailing_only_offset_is_reached: False
2025-08-06 07:47:47,829 - freqtrade.resolvers.strategy_resolver - INFO - Strategy using use_custom_stoploss: False
2025-08-06 07:47:47,829 - freqtrade.resolvers.strategy_resolver - INFO - Strategy using process_only_new_candles: True
2025-08-06 07:47:47,829 - freqtrade.resolvers.strategy_resolver - INFO - Strategy using order_types: {'entry': 'limit', 'exit': 'limit', 'stoploss': 'market', 'stoploss_on_exchange': False}
2025-08-06 07:47:47,829 - freqtrade.resolvers.strategy_resolver - INFO - Strategy using order_time_in_force: {'entry': 'GTC', 'exit': 'GTC'}
2025-08-06 07:47:47,829 - freqtrade.resolvers.strategy_resolver - INFO - Strategy using stake_currency: USDT
2025-08-06 07:47:47,830 - freqtrade.resolvers.strategy_resolver - INFO - Strategy using stake_amount: unlimited
2025-08-06 07:47:47,830 - freqtrade.resolvers.strategy_resolver - INFO - Strategy using startup_candle_count: 200
2025-08-06 07:47:47,830 - freqtrade.resolvers.strategy_resolver - INFO - Strategy using unfilledtimeout: {'entry': 10, 'exit': 10, 'exit_timeout_count': 0, 'unit': 'minutes'}
2025-08-06 07:47:47,830 - freqtrade.resolvers.strategy_resolver - INFO - Strategy using use_exit_signal: True
2025-08-06 07:47:47,830 - freqtrade.resolvers.strategy_resolver - INFO - Strategy using exit_profit_only: False
2025-08-06 07:47:47,831 - freqtrade.resolvers.strategy_resolver - INFO - Strategy using ignore_roi_if_entry_signal: False
2025-08-06 07:47:47,831 - freqtrade.resolvers.strategy_resolver - INFO - Strategy using exit_profit_offset: 0.0
2025-08-06 07:47:47,831 - freqtrade.resolvers.strategy_resolver - INFO - Strategy using disable_dataframe_checks: False
2025-08-06 07:47:47,831 - freqtrade.resolvers.strategy_resolver - INFO - Strategy using ignore_buying_expired_candle_after: 0
2025-08-06 07:47:47,831 - freqtrade.resolvers.strategy_resolver - INFO - Strategy using position_adjustment_enable: False
2025-08-06 07:47:47,832 - freqtrade.resolvers.strategy_resolver - INFO - Strategy using max_entry_position_adjustment: -1
2025-08-06 07:47:47,832 - freqtrade.resolvers.strategy_resolver - INFO - Strategy using max_open_trades: 3
2025-08-06 07:47:47,832 - freqtrade.configuration.config_validation - INFO - Validating configuration ...
2025-08-06 07:47:47,860 - freqtrade.wallets - INFO - Wallets synced.
2025-08-06 07:47:48,694 - freqtrade.rpc.rpc_manager - INFO - Enabling rpc.api_server
2025-08-06 07:47:48,837 - freqtrade.rpc.api_server.webserver - INFO - Starting HTTP Server at 0.0.0.0:8081
2025-08-06 07:47:48,838 - freqtrade.rpc.api_server.webserver - INFO - Starting Local Rest Server.
2025-08-06 07:47:48,850 - uvicorn.error - INFO - Started server process [1]
2025-08-06 07:47:48,851 - uvicorn.error - INFO - Waiting for application startup.
2025-08-06 07:47:48,851 - uvicorn.error - INFO - Application startup complete.
2025-08-06 07:47:48,852 - uvicorn.error - INFO - Uvicorn running on http://0.0.0.0:8081 (Press CTRL+C to quit)
2025-08-06 07:47:48,869 - freqtrade.resolvers.iresolver - INFO - Using resolved pairlist StaticPairList from '/freqtrade/freqtrade/plugins/pairlist/StaticPairList.py'...
2025-08-06 07:47:48,869 - freqtrade.freqtradebot - INFO - Starting initial pairlist refresh
2025-08-06 07:47:48,880 - freqtrade.plugins.pairlistmanager - INFO - Whitelist with 2 pairs: ['BTC/USDT:USDT', 'ETH/USDT:USDT']
2025-08-06 07:47:48,880 - freqtrade.freqtradebot - INFO - Initial Pairlist refresh took 0.01s
2025-08-06 07:47:48,881 - freqtrade.strategy.hyper - INFO - No params for buy found, using default values.
2025-08-06 07:47:48,882 - freqtrade.strategy.hyper - INFO - Strategy Parameter(default): buy_rsi = 30
2025-08-06 07:47:48,882 - freqtrade.strategy.hyper - INFO - Strategy Parameter(default): exit_short_rsi = 30
2025-08-06 07:47:48,883 - freqtrade.strategy.hyper - INFO - No params for sell found, using default values.
2025-08-06 07:47:48,884 - freqtrade.strategy.hyper - INFO - Strategy Parameter(default): sell_rsi = 70
2025-08-06 07:47:48,884 - freqtrade.strategy.hyper - INFO - Strategy Parameter(default): short_rsi = 70
2025-08-06 07:47:48,884 - freqtrade.strategy.hyper - INFO - No params for protection found, using default values.
2025-08-06 07:47:48,885 - freqtrade.plugins.protectionmanager - INFO - No protection Handlers defined.
2025-08-06 07:47:48,885 - freqtrade.rpc.rpc_manager - INFO - Sending rpc message: {'type': status, 'status': 'running'}
2025-08-06 07:47:48,885 - freqtrade.worker - INFO - Changing state to: RUNNING
2025-08-06 07:47:48,890 - freqtrade.rpc.rpc_manager - INFO - Sending rpc message: {'type': warning, 'status': 'Dry run is enabled. All trades are simulated.'}
2025-08-06 07:47:48,890 - freqtrade.rpc.rpc_manager - INFO - Sending rpc message: {'type': startup, 'status': "*Exchange:* `binance`\n*Stake per trade:* `unlimited USDT`\n*Minimum ROI:* `{'60': 0.01, '30': 0.02, '0': 0.04}`\n*Stoploss:* `-0.1`\n*Position adjustment:* `Off`\n*Timeframe:* `5m`\n*Strategy:* `SampleStrategy`"}
2025-08-06 07:47:48,891 - freqtrade.rpc.rpc_manager - INFO - Sending rpc message: {'type': startup, 'status': "Searching for USDT pairs to buy and sell based on [{'StaticPairList': 'StaticPairList'}]"}
2025-08-06 07:47:53,894 - freqtrade.worker - INFO - Bot heartbeat. PID=1, version='2025.7', state='RUNNING'
2025-08-06 07:48:53,934 - freqtrade.worker - INFO - Bot heartbeat. PID=1, version='2025.7', state='RUNNING'
2025-08-06 07:49:53,986 - freqtrade.worker - INFO - Bot heartbeat. PID=1, version='2025.7', state='RUNNING'
2025-08-06 07:50:23,644 - uvicorn.error - INFO - 172.18.0.1:55724 - "WebSocket /api/v1/message/ws?token=eyJhbGciOiJIUzI1NiIsInR5cCI6IkpXVCJ9.eyJpZGVudGl0eSI6eyJ1IjoiZnJlcXRyYWRlciJ9LCJleHAiOjE3NTQ0Njc1MjMsImlhdCI6MTc1NDQ2NjYyMywidHlwZSI6ImFjY2VzcyJ9.f3mdKLz9Pk2_faZB_WX2jFiUVbQPhxpWVGikCsYP3I0" [accepted]
2025-08-06 07:50:23,647 - freqtrade.rpc.api_server.ws.channel - INFO - Connected to channel - WebSocketChannel(03475ff1, ('172.18.0.1', 55724))
2025-08-06 07:50:23,648 - uvicorn.error - INFO - connection open
2025-08-06 07:50:56,055 - freqtrade.worker - INFO - Bot heartbeat. PID=1, version='2025.7', state='RUNNING'
2025-08-06 07:51:56,114 - freqtrade.worker - INFO - Bot heartbeat. PID=1, version='2025.7', state='RUNNING'
2025-08-06 07:52:56,144 - freqtrade.worker - INFO - Bot heartbeat. PID=1, version='2025.7', state='RUNNING'
2025-08-06 07:53:56,191 - freqtrade.worker - INFO - Bot heartbeat. PID=1, version='2025.7', state='RUNNING'
2025-08-06 07:54:56,234 - freqtrade.worker - INFO - Bot heartbeat. PID=1, version='2025.7', state='RUNNING'
2025-08-06 07:56:01,047 - freqtrade.worker - INFO - Bot heartbeat. PID=1, version='2025.7', state='RUNNING'
2025-08-06 07:56:58,546 - uvicorn.error - INFO - connection closed
2025-08-06 07:56:58,596 - freqtrade.rpc.api_server.ws.channel - INFO - Disconnected from channel - WebSocketChannel(03475ff1, ('172.18.0.1', 55724))
2025-08-06 07:57:01,085 - freqtrade.worker - INFO - Bot heartbeat. PID=1, version='2025.7', state='RUNNING'
2025-08-06 07:57:08,691 - uvicorn.error - INFO - 172.18.0.1:63736 - "WebSocket /api/v1/message/ws?token=eyJhbGciOiJIUzI1NiIsInR5cCI6IkpXVCJ9.eyJpZGVudGl0eSI6eyJ1IjoiZnJlcXRyYWRlciJ9LCJleHAiOjE3NTQ0Njc1MjMsImlhdCI6MTc1NDQ2NjYyMywidHlwZSI6ImFjY2VzcyJ9.f3mdKLz9Pk2_faZB_WX2jFiUVbQPhxpWVGikCsYP3I0" [accepted]
2025-08-06 07:57:08,693 - freqtrade.rpc.api_server.ws.channel - INFO - Connected to channel - WebSocketChannel(8fb3a82f, ('172.18.0.1', 63736))
2025-08-06 07:57:08,695 - uvicorn.error - INFO - connection open
2025-08-06 08:12:49,987 - freqtrade.worker - INFO - Bot heartbeat. PID=1, version='2025.7', state='RUNNING'
2025-08-06 08:12:52,393 - freqtrade.wallets - INFO - Wallets synced.
2025-08-06 08:24:48,298 - freqtrade.worker - INFO - Bot heartbeat. PID=1, version='2025.7', state='RUNNING'
2025-08-06 08:25:51,033 - freqtrade.worker - INFO - Bot heartbeat. PID=1, version='2025.7', state='RUNNING'
2025-08-06 08:26:51,085 - freqtrade.worker - INFO - Bot heartbeat. PID=1, version='2025.7', state='RUNNING'
2025-08-06 08:27:51,129 - freqtrade.worker - INFO - Bot heartbeat. PID=1, version='2025.7', state='RUNNING'
2025-08-06 08:28:51,179 - freqtrade.worker - INFO - Bot heartbeat. PID=1, version='2025.7', state='RUNNING'
2025-08-06 08:29:51,232 - freqtrade.worker - INFO - Bot heartbeat. PID=1, version='2025.7', state='RUNNING'
2025-08-06 08:30:56,039 - freqtrade.worker - INFO - Bot heartbeat. PID=1, version='2025.7', state='RUNNING'
2025-08-06 08:31:06,079 - freqtrade.wallets - INFO - Wallets synced.
2025-08-06 08:31:56,080 - freqtrade.worker - INFO - Bot heartbeat. PID=1, version='2025.7', state='RUNNING'
2025-08-06 08:32:56,135 - freqtrade.worker - INFO - Bot heartbeat. PID=1, version='2025.7', state='RUNNING'
2025-08-06 08:33:56,186 - freqtrade.worker - INFO - Bot heartbeat. PID=1, version='2025.7', state='RUNNING'
2025-08-06 08:34:56,229 - freqtrade.worker - INFO - Bot heartbeat. PID=1, version='2025.7', state='RUNNING'
2025-08-06 08:36:01,043 - freqtrade.worker - INFO - Bot heartbeat. PID=1, version='2025.7', state='RUNNING'
2025-08-06 08:37:01,079 - freqtrade.worker - INFO - Bot heartbeat. PID=1, version='2025.7', state='RUNNING'
2025-08-06 08:38:01,114 - freqtrade.worker - INFO - Bot heartbeat. PID=1, version='2025.7', state='RUNNING'
2025-08-06 08:39:01,153 - freqtrade.worker - INFO - Bot heartbeat. PID=1, version='2025.7', state='RUNNING'
2025-08-06 08:40:06,009 - freqtrade.worker - INFO - Bot heartbeat. PID=1, version='2025.7', state='RUNNING'
2025-08-06 08:41:06,053 - freqtrade.worker - INFO - Bot heartbeat. PID=1, version='2025.7', state='RUNNING'
2025-08-06 08:42:06,107 - freqtrade.worker - INFO - Bot heartbeat. PID=1, version='2025.7', state='RUNNING'
2025-08-06 08:43:06,155 - freqtrade.worker - INFO - Bot heartbeat. PID=1, version='2025.7', state='RUNNING'
2025-08-06 08:44:06,203 - freqtrade.worker - INFO - Bot heartbeat. PID=1, version='2025.7', state='RUNNING'
2025-08-06 08:45:11,014 - freqtrade.worker - INFO - Bot heartbeat. PID=1, version='2025.7', state='RUNNING'
2025-08-06 08:46:11,048 - freqtrade.worker - INFO - Bot heartbeat. PID=1, version='2025.7', state='RUNNING'
2025-08-06 08:47:11,086 - freqtrade.worker - INFO - Bot heartbeat. PID=1, version='2025.7', state='RUNNING'
2025-08-06 08:48:11,122 - freqtrade.worker - INFO - Bot heartbeat. PID=1, version='2025.7', state='RUNNING'
2025-08-06 08:49:11,157 - freqtrade.worker - INFO - Bot heartbeat. PID=1, version='2025.7', state='RUNNING'
2025-08-06 08:50:16,011 - freqtrade.worker - INFO - Bot heartbeat. PID=1, version='2025.7', state='RUNNING'
2025-08-06 08:51:16,061 - freqtrade.worker - INFO - Bot heartbeat. PID=1, version='2025.7', state='RUNNING'
2025-08-06 08:52:16,108 - freqtrade.worker - INFO - Bot heartbeat. PID=1, version='2025.7', state='RUNNING'
2025-08-06 08:53:16,153 - freqtrade.worker - INFO - Bot heartbeat. PID=1, version='2025.7', state='RUNNING'
2025-08-06 08:54:16,198 - freqtrade.worker - INFO - Bot heartbeat. PID=1, version='2025.7', state='RUNNING'
2025-08-06 08:55:21,021 - freqtrade.worker - INFO - Bot heartbeat. PID=1, version='2025.7', state='RUNNING'
2025-08-06 08:56:21,066 - freqtrade.worker - INFO - Bot heartbeat. PID=1, version='2025.7', state='RUNNING'
2025-08-06 08:57:21,109 - freqtrade.worker - INFO - Bot heartbeat. PID=1, version='2025.7', state='RUNNING'
2025-08-06 08:58:21,142 - freqtrade.worker - INFO - Bot heartbeat. PID=1, version='2025.7', state='RUNNING'
2025-08-06 08:59:21,183 - freqtrade.worker - INFO - Bot heartbeat. PID=1, version='2025.7', state='RUNNING'
2025-08-06 09:00:26,025 - freqtrade.worker - INFO - Bot heartbeat. PID=1, version='2025.7', state='RUNNING'
2025-08-06 09:01:06,085 - freqtrade.wallets - INFO - Wallets synced.
2025-08-06 09:01:26,062 - freqtrade.worker - INFO - Bot heartbeat. PID=1, version='2025.7', state='RUNNING'
2025-08-06 09:02:26,108 - freqtrade.worker - INFO - Bot heartbeat. PID=1, version='2025.7', state='RUNNING'
2025-08-06 09:03:26,159 - freqtrade.worker - INFO - Bot heartbeat. PID=1, version='2025.7', state='RUNNING'
2025-08-06 09:04:26,208 - freqtrade.worker - INFO - Bot heartbeat. PID=1, version='2025.7', state='RUNNING'
2025-08-06 09:05:31,021 - freqtrade.worker - INFO - Bot heartbeat. PID=1, version='2025.7', state='RUNNING'
2025-08-06 09:06:31,065 - freqtrade.worker - INFO - Bot heartbeat. PID=1, version='2025.7', state='RUNNING'
2025-08-06 09:07:31,127 - freqtrade.worker - INFO - Bot heartbeat. PID=1, version='2025.7', state='RUNNING'
2025-08-06 09:08:31,178 - freqtrade.worker - INFO - Bot heartbeat. PID=1, version='2025.7', state='RUNNING'
2025-08-06 09:09:31,217 - freqtrade.worker - INFO - Bot heartbeat. PID=1, version='2025.7', state='RUNNING'
2025-08-06 09:10:36,019 - freqtrade.worker - INFO - Bot heartbeat. PID=1, version='2025.7', state='RUNNING'
2025-08-06 09:11:36,049 - freqtrade.worker - INFO - Bot heartbeat. PID=1, version='2025.7', state='RUNNING'
2025-08-06 09:12:36,091 - freqtrade.worker - INFO - Bot heartbeat. PID=1, version='2025.7', state='RUNNING'
2025-08-06 09:13:36,137 - freqtrade.worker - INFO - Bot heartbeat. PID=1, version='2025.7', state='RUNNING'
2025-08-06 09:14:36,179 - freqtrade.worker - INFO - Bot heartbeat. PID=1, version='2025.7', state='RUNNING'
2025-08-06 09:14:41,211 - freqtrade.plugins.pairlistmanager - INFO - Whitelist with 2 pairs: ['BTC/USDT:USDT', 'ETH/USDT:USDT']
2025-08-06 09:15:41,027 - freqtrade.worker - INFO - Bot heartbeat. PID=1, version='2025.7', state='RUNNING'
2025-08-06 09:16:41,072 - freqtrade.worker - INFO - Bot heartbeat. PID=1, version='2025.7', state='RUNNING'
2025-08-06 09:17:41,116 - freqtrade.worker - INFO - Bot heartbeat. PID=1, version='2025.7', state='RUNNING'
2025-08-06 09:18:41,162 - freqtrade.worker - INFO - Bot heartbeat. PID=1, version='2025.7', state='RUNNING'
2025-08-06 09:19:41,218 - freqtrade.worker - INFO - Bot heartbeat. PID=1, version='2025.7', state='RUNNING'
2025-08-06 09:20:46,020 - freqtrade.worker - INFO - Bot heartbeat. PID=1, version='2025.7', state='RUNNING'
2025-08-06 09:21:46,073 - freqtrade.worker - INFO - Bot heartbeat. PID=1, version='2025.7', state='RUNNING'
2025-08-06 09:22:46,122 - freqtrade.worker - INFO - Bot heartbeat. PID=1, version='2025.7', state='RUNNING'
2025-08-06 09:23:46,169 - freqtrade.worker - INFO - Bot heartbeat. PID=1, version='2025.7', state='RUNNING'
2025-08-06 09:24:46,211 - freqtrade.worker - INFO - Bot heartbeat. PID=1, version='2025.7', state='RUNNING'
2025-08-06 09:25:51,041 - freqtrade.worker - INFO - Bot heartbeat. PID=1, version='2025.7', state='RUNNING'
2025-08-06 09:26:51,090 - freqtrade.worker - INFO - Bot heartbeat. PID=1, version='2025.7', state='RUNNING'
2025-08-06 09:27:51,134 - freqtrade.worker - INFO - Bot heartbeat. PID=1, version='2025.7', state='RUNNING'
2025-08-06 09:28:51,172 - freqtrade.worker - INFO - Bot heartbeat. PID=1, version='2025.7', state='RUNNING'
2025-08-06 09:29:51,222 - freqtrade.worker - INFO - Bot heartbeat. PID=1, version='2025.7', state='RUNNING'
2025-08-06 09:30:55,896 - freqtrade.worker - INFO - Bot heartbeat. PID=1, version='2025.7', state='RUNNING'
2025-08-06 09:31:05,944 - freqtrade.wallets - INFO - Wallets synced.
2025-08-06 09:31:39,880 - uvicorn.error - INFO - connection closed
2025-08-06 09:31:39,922 - freqtrade.rpc.api_server.ws.channel - INFO - Disconnected from channel - WebSocketChannel(8fb3a82f, ('172.18.0.1', 63736))
2025-08-06 09:47:11,812 - freqtrade.freqtradebot - WARNING - Strategy analysis took 925.50s, more than 25% of the timeframe (75.00s). This can lead to delayed orders and missed signals.Consider either reducing the amount of work your strategy performs or reduce the amount of pairs in the Pairlist.
2025-08-06 09:47:11,910 - freqtrade.strategy.interface - WARNING - Outdated history for pair BTC/USDT:USDT. Last tick is 22 minutes old
2025-08-06 09:47:11,927 - freqtrade.strategy.interface - WARNING - Outdated history for pair ETH/USDT:USDT. Last tick is 22 minutes old
2025-08-06 09:47:11,932 - freqtrade.worker - INFO - Bot heartbeat. PID=1, version='2025.7', state='RUNNING'
2025-08-06 09:47:15,159 - uvicorn.error - INFO - 172.18.0.1:58542 - "WebSocket /api/v1/message/ws?token=eyJhbGciOiJIUzI1NiIsInR5cCI6IkpXVCJ9.eyJpZGVudGl0eSI6eyJ1IjoiZnJlcXRyYWRlciJ9LCJleHAiOjE3NTQ0Njc1MjMsImlhdCI6MTc1NDQ2NjYyMywidHlwZSI6ImFjY2VzcyJ9.f3mdKLz9Pk2_faZB_WX2jFiUVbQPhxpWVGikCsYP3I0" 403
2025-08-06 09:47:15,161 - uvicorn.error - INFO - connection rejected (403 Forbidden)
2025-08-06 09:47:15,163 - uvicorn.error - INFO - connection closed
2025-08-06 10:03:36,826 - freqtrade.worker - INFO - Bot heartbeat. PID=1, version='2025.7', state='RUNNING'
2025-08-06 10:03:46,960 - freqtrade.exchange.common - WARNING - _async_get_candle_history() returned exception: "Could not fetch historical candle (OHLCV) data for BTC/USDT:USDT, 5m, futures due to RequestTimeout. Message: binance GET https://fapi.binance.com/fapi/v1/klines?interval=5m&limit=1500&symbol=BTCUSDT". Retrying still for 4 times.
2025-08-06 10:03:47,707 - freqtrade.wallets - INFO - Wallets synced.
2025-08-06 10:19:48,551 - freqtrade.worker - INFO - Bot heartbeat. PID=1, version='2025.7', state='RUNNING'
2025-08-06 10:35:46,651 - freqtrade.worker - INFO - Bot heartbeat. PID=1, version='2025.7', state='RUNNING'
2025-08-06 10:35:48,445 - freqtrade.wallets - INFO - Wallets synced.
2025-08-06 10:52:14,439 - freqtrade.worker - INFO - Bot heartbeat. PID=1, version='2025.7', state='RUNNING'
2025-08-06 11:08:40,139 - freqtrade.worker - INFO - Bot heartbeat. PID=1, version='2025.7', state='RUNNING'
2025-08-06 11:08:41,890 - freqtrade.wallets - INFO - Wallets synced.
2025-08-06 11:24:08,317 - freqtrade.worker - INFO - Bot heartbeat. PID=1, version='2025.7', state='RUNNING'
2025-08-06 11:32:45,159 - freqtrade.worker - INFO - Bot heartbeat. PID=1, version='2025.7', state='RUNNING'
2025-08-06 11:32:46,918 - freqtrade.wallets - INFO - Wallets synced.
2025-08-06 11:49:10,612 - freqtrade.worker - INFO - Bot heartbeat. PID=1, version='2025.7', state='RUNNING'
2025-08-06 12:05:36,564 - freqtrade.worker - INFO - Bot heartbeat. PID=1, version='2025.7', state='RUNNING'
2025-08-06 12:05:38,696 - freqtrade.wallets - INFO - Wallets synced.
2025-08-06 12:21:31,426 - freqtrade.worker - INFO - Bot heartbeat. PID=1, version='2025.7', state='RUNNING'
2025-08-06 12:33:46,745 - freqtrade.worker - INFO - Bot heartbeat. PID=1, version='2025.7', state='RUNNING'
2025-08-06 12:33:48,517 - freqtrade.wallets - INFO - Wallets synced.
2025-08-06 12:50:12,269 - freqtrade.worker - INFO - Bot heartbeat. PID=1, version='2025.7', state='RUNNING'
2025-08-06 12:59:34,412 - freqtrade.worker - INFO - Bot heartbeat. PID=1, version='2025.7', state='RUNNING'
2025-08-06 13:00:10,498 - uvicorn.error - INFO - 172.18.0.1:55476 - "WebSocket /api/v1/message/ws?token=eyJhbGciOiJIUzI1NiIsInR5cCI6IkpXVCJ9.eyJpZGVudGl0eSI6eyJ1IjoiZnJlcXRyYWRlciJ9LCJleHAiOjE3NTQ0ODU1NDMsImlhdCI6MTc1NDQ4NDY0MywidHlwZSI6ImFjY2VzcyJ9.F6oJStHyF9x7Z9e72mJwcbJKYHYN3IhJct8iIgDqxF0" [accepted]
2025-08-06 13:00:10,505 - freqtrade.rpc.api_server.ws.channel - INFO - Connected to channel - WebSocketChannel(e7b95aef, ('172.18.0.1', 55476))
2025-08-06 13:00:10,507 - uvicorn.error - INFO - connection open
2025-08-06 13:00:15,645 - uvicorn.error - INFO - connection closed
2025-08-06 13:00:15,648 - freqtrade.rpc.api_server.ws.channel - INFO - Disconnected from channel - WebSocketChannel(e7b95aef, ('172.18.0.1', 55476))
2025-08-06 13:00:36,021 - freqtrade.worker - INFO - Bot heartbeat. PID=1, version='2025.7', state='RUNNING'
2025-08-06 13:01:06,084 - freqtrade.wallets - INFO - Wallets synced.
2025-08-06 13:01:36,053 - freqtrade.worker - INFO - Bot heartbeat. PID=1, version='2025.7', state='RUNNING'
2025-08-06 13:02:36,072 - freqtrade.worker - INFO - Bot heartbeat. PID=1, version='2025.7', state='RUNNING'
2025-08-06 13:03:36,107 - freqtrade.worker - INFO - Bot heartbeat. PID=1, version='2025.7', state='RUNNING'
2025-08-06 13:04:36,152 - freqtrade.worker - INFO - Bot heartbeat. PID=1, version='2025.7', state='RUNNING'
2025-08-06 13:05:41,022 - freqtrade.worker - INFO - Bot heartbeat. PID=1, version='2025.7', state='RUNNING'
2025-08-06 13:06:41,146 - freqtrade.worker - INFO - Bot heartbeat. PID=1, version='2025.7', state='RUNNING'
2025-08-06 13:07:41,207 - freqtrade.worker - INFO - Bot heartbeat. PID=1, version='2025.7', state='RUNNING'
2025-08-06 13:08:41,273 - freqtrade.worker - INFO - Bot heartbeat. PID=1, version='2025.7', state='RUNNING'
2025-08-06 13:09:41,331 - freqtrade.worker - INFO - Bot heartbeat. PID=1, version='2025.7', state='RUNNING'
2025-08-06 13:10:46,040 - freqtrade.worker - INFO - Bot heartbeat. PID=1, version='2025.7', state='RUNNING'
2025-08-06 13:11:46,083 - freqtrade.worker - INFO - Bot heartbeat. PID=1, version='2025.7', state='RUNNING'
2025-08-06 13:12:46,134 - freqtrade.worker - INFO - Bot heartbeat. PID=1, version='2025.7', state='RUNNING'
2025-08-06 13:13:46,183 - freqtrade.worker - INFO - Bot heartbeat. PID=1, version='2025.7', state='RUNNING'
2025-08-06 13:14:46,240 - freqtrade.worker - INFO - Bot heartbeat. PID=1, version='2025.7', state='RUNNING'
2025-08-06 13:15:51,046 - freqtrade.worker - INFO - Bot heartbeat. PID=1, version='2025.7', state='RUNNING'
2025-08-06 13:16:51,100 - freqtrade.worker - INFO - Bot heartbeat. PID=1, version='2025.7', state='RUNNING'
2025-08-06 13:17:51,153 - freqtrade.worker - INFO - Bot heartbeat. PID=1, version='2025.7', state='RUNNING'
2025-08-06 13:18:51,192 - freqtrade.worker - INFO - Bot heartbeat. PID=1, version='2025.7', state='RUNNING'
2025-08-06 13:19:51,232 - freqtrade.worker - INFO - Bot heartbeat. PID=1, version='2025.7', state='RUNNING'
2025-08-06 13:20:56,029 - freqtrade.worker - INFO - Bot heartbeat. PID=1, version='2025.7', state='RUNNING'
2025-08-06 13:21:56,082 - freqtrade.worker - INFO - Bot heartbeat. PID=1, version='2025.7', state='RUNNING'
2025-08-06 13:22:56,119 - freqtrade.worker - INFO - Bot heartbeat. PID=1, version='2025.7', state='RUNNING'
2025-08-06 13:23:56,149 - freqtrade.worker - INFO - Bot heartbeat. PID=1, version='2025.7', state='RUNNING'
2025-08-06 13:24:56,192 - freqtrade.worker - INFO - Bot heartbeat. PID=1, version='2025.7', state='RUNNING'
2025-08-06 13:26:01,169 - freqtrade.worker - INFO - Bot heartbeat. PID=1, version='2025.7', state='RUNNING'
2025-08-06 13:27:01,213 - freqtrade.worker - INFO - Bot heartbeat. PID=1, version='2025.7', state='RUNNING'
2025-08-06 13:28:01,265 - freqtrade.worker - INFO - Bot heartbeat. PID=1, version='2025.7', state='RUNNING'
2025-08-06 13:29:01,322 - freqtrade.worker - INFO - Bot heartbeat. PID=1, version='2025.7', state='RUNNING'
2025-08-06 13:30:06,010 - freqtrade.worker - INFO - Bot heartbeat. PID=1, version='2025.7', state='RUNNING'
2025-08-06 13:31:06,052 - freqtrade.worker - INFO - Bot heartbeat. PID=1, version='2025.7', state='RUNNING'
2025-08-06 13:31:06,107 - freqtrade.wallets - INFO - Wallets synced.
2025-08-06 13:31:56,118 - freqtrade.plugins.pairlistmanager - INFO - Whitelist with 2 pairs: ['BTC/USDT:USDT', 'ETH/USDT:USDT']
2025-08-06 13:32:06,112 - freqtrade.worker - INFO - Bot heartbeat. PID=1, version='2025.7', state='RUNNING'
2025-08-06 13:33:06,151 - freqtrade.worker - INFO - Bot heartbeat. PID=1, version='2025.7', state='RUNNING'
2025-08-06 13:34:06,214 - freqtrade.worker - INFO - Bot heartbeat. PID=1, version='2025.7', state='RUNNING'
2025-08-06 13:35:11,004 - freqtrade.worker - INFO - Bot heartbeat. PID=1, version='2025.7', state='RUNNING'
2025-08-06 13:36:11,056 - freqtrade.worker - INFO - Bot heartbeat. PID=1, version='2025.7', state='RUNNING'
2025-08-06 13:37:11,110 - freqtrade.worker - INFO - Bot heartbeat. PID=1, version='2025.7', state='RUNNING'
2025-08-06 13:38:11,145 - freqtrade.worker - INFO - Bot heartbeat. PID=1, version='2025.7', state='RUNNING'
2025-08-06 13:39:11,191 - freqtrade.worker - INFO - Bot heartbeat. PID=1, version='2025.7', state='RUNNING'
2025-08-06 13:40:16,015 - freqtrade.worker - INFO - Bot heartbeat. PID=1, version='2025.7', state='RUNNING'
2025-08-06 13:41:16,079 - freqtrade.worker - INFO - Bot heartbeat. PID=1, version='2025.7', state='RUNNING'
2025-08-06 13:42:16,167 - freqtrade.worker - INFO - Bot heartbeat. PID=1, version='2025.7', state='RUNNING'
2025-08-06 13:43:16,226 - freqtrade.worker - INFO - Bot heartbeat. PID=1, version='2025.7', state='RUNNING'
2025-08-06 13:44:16,269 - freqtrade.worker - INFO - Bot heartbeat. PID=1, version='2025.7', state='RUNNING'
2025-08-06 13:45:01,664 - freqtrade.exchange.common - WARNING - _async_get_candle_history() returned exception: "Could not fetch historical candle (OHLCV) data for BTC/USDT:USDT, 5m, futures due to ExchangeNotAvailable. Message: binance GET https://fapi.binance.com/fapi/v1/klines?interval=5m&limit=1500&symbol=BTCUSDT". Retrying still for 4 times.
2025-08-06 13:45:02,697 - freqtrade.exchange.common - WARNING - _async_get_candle_history() returned exception: "Could not fetch historical candle (OHLCV) data for BTC/USDT:USDT, 5m, futures due to ExchangeNotAvailable. Message: binance GET https://fapi.binance.com/fapi/v1/klines?interval=5m&limit=1500&symbol=BTCUSDT". Retrying still for 3 times.
2025-08-06 13:45:21,016 - freqtrade.worker - INFO - Bot heartbeat. PID=1, version='2025.7', state='RUNNING'
2025-08-06 13:46:21,053 - freqtrade.worker - INFO - Bot heartbeat. PID=1, version='2025.7', state='RUNNING'
2025-08-06 13:47:21,109 - freqtrade.worker - INFO - Bot heartbeat. PID=1, version='2025.7', state='RUNNING'
2025-08-06 13:48:21,163 - freqtrade.worker - INFO - Bot heartbeat. PID=1, version='2025.7', state='RUNNING'
2025-08-06 13:49:21,224 - freqtrade.worker - INFO - Bot heartbeat. PID=1, version='2025.7', state='RUNNING'
2025-08-06 13:50:26,017 - freqtrade.worker - INFO - Bot heartbeat. PID=1, version='2025.7', state='RUNNING'
2025-08-06 13:51:26,069 - freqtrade.worker - INFO - Bot heartbeat. PID=1, version='2025.7', state='RUNNING'
2025-08-06 13:52:26,126 - freqtrade.worker - INFO - Bot heartbeat. PID=1, version='2025.7', state='RUNNING'
2025-08-06 13:53:26,176 - freqtrade.worker - INFO - Bot heartbeat. PID=1, version='2025.7', state='RUNNING'
2025-08-06 13:54:26,214 - freqtrade.worker - INFO - Bot heartbeat. PID=1, version='2025.7', state='RUNNING'
2025-08-06 13:55:31,018 - freqtrade.worker - INFO - Bot heartbeat. PID=1, version='2025.7', state='RUNNING'
2025-08-06 13:56:31,065 - freqtrade.worker - INFO - Bot heartbeat. PID=1, version='2025.7', state='RUNNING'
2025-08-06 13:57:31,117 - freqtrade.worker - INFO - Bot heartbeat. PID=1, version='2025.7', state='RUNNING'
2025-08-06 13:58:31,175 - freqtrade.worker - INFO - Bot heartbeat. PID=1, version='2025.7', state='RUNNING'
2025-08-06 13:59:31,265 - freqtrade.worker - INFO - Bot heartbeat. PID=1, version='2025.7', state='RUNNING'
2025-08-06 14:00:36,046 - freqtrade.worker - INFO - Bot heartbeat. PID=1, version='2025.7', state='RUNNING'
2025-08-06 14:01:06,134 - freqtrade.wallets - INFO - Wallets synced.
2025-08-06 14:01:36,136 - freqtrade.worker - INFO - Bot heartbeat. PID=1, version='2025.7', state='RUNNING'
2025-08-06 14:02:36,240 - freqtrade.worker - INFO - Bot heartbeat. PID=1, version='2025.7', state='RUNNING'
2025-08-06 14:03:36,314 - freqtrade.worker - INFO - Bot heartbeat. PID=1, version='2025.7', state='RUNNING'
2025-08-06 14:04:36,394 - freqtrade.worker - INFO - Bot heartbeat. PID=1, version='2025.7', state='RUNNING'
2025-08-06 14:05:41,043 - freqtrade.worker - INFO - Bot heartbeat. PID=1, version='2025.7', state='RUNNING'
2025-08-06 14:06:41,102 - freqtrade.worker - INFO - Bot heartbeat. PID=1, version='2025.7', state='RUNNING'
2025-08-06 14:07:41,160 - freqtrade.worker - INFO - Bot heartbeat. PID=1, version='2025.7', state='RUNNING'
2025-08-06 14:08:41,216 - freqtrade.worker - INFO - Bot heartbeat. PID=1, version='2025.7', state='RUNNING'
2025-08-06 14:09:41,284 - freqtrade.worker - INFO - Bot heartbeat. PID=1, version='2025.7', state='RUNNING'
2025-08-06 14:10:46,034 - freqtrade.worker - INFO - Bot heartbeat. PID=1, version='2025.7', state='RUNNING'
2025-08-06 14:11:46,092 - freqtrade.worker - INFO - Bot heartbeat. PID=1, version='2025.7', state='RUNNING'
2025-08-06 14:12:46,135 - freqtrade.worker - INFO - Bot heartbeat. PID=1, version='2025.7', state='RUNNING'
2025-08-06 14:13:16,707 - freqtrade.commands.trade_commands - INFO - worker found ... calling exit
2025-08-06 14:13:16,708 - freqtrade.rpc.rpc_manager - INFO - Sending rpc message: {'type': status, 'status': 'process died'}
2025-08-06 14:13:16,709 - freqtrade.freqtradebot - INFO - Cleaning up modules ...
2025-08-06 14:13:16,710 - freqtrade.rpc.rpc_manager - INFO - Cleaning up rpc modules ...
2025-08-06 14:13:16,710 - freqtrade.rpc.rpc_manager - INFO - Cleaning up rpc.apiserver ...
2025-08-06 14:13:16,711 - freqtrade.rpc.api_server.webserver - INFO - Stopping API Server
2025-08-06 14:13:16,802 - uvicorn.error - INFO - Shutting down
2025-08-06 14:13:16,910 - uvicorn.error - INFO - Waiting for application shutdown.
2025-08-06 14:13:16,914 - uvicorn.error - INFO - Application shutdown complete.
2025-08-06 14:13:16,915 - uvicorn.error - INFO - Finished server process [1]
2025-08-06 14:13:17,189 - freqtrade - INFO - SIGINT received, aborting ...
